Exporter,Importer,Shipments,Distance,Area_exporter,Area_importer,Population_exporter,Population_importer,GDP_exporter,GDP_importer,Intrastate_or_not,Share_Border,BorderxArea_exporter,BorderxArea_importer,BorderxPop_exporter,BorderxPop_importer,BorderxDist,sum_LL,Borderxsum_LL,Lat_ex,Long_ex,Lat_im,Long_im,LL_ex,LL_im,num_FAF_ex,num_FAF_im,remoteness_ex,remoteness_im,SCTG
1.0,1.0,193.0,1.0,131175000000.0,131175000000.0,5074296.0,5074296.0,171394495992.0,171394495992.0,1.0,0.0,0.0,0.0,0.0,0.0,0.0,0.0,0.0,32.87856631,-86.71153023,32.87856631,-86.71153023,0.0,0.0,3.0,3.0,17.04356957796615,17.04356957796615,2.0
1.0,1.0,193.0,1.0,131175000000.0,131175000000.0,5074296.0,5074296.0,171394495992.0,171394495992.0,1.0,0.0,0.0,0.0,0.0,0.0,0.0,0.0,0.0,32.87856631,-86.71153023,32.87856631,-86.71153023,0.0,0.0,3.0,3.0,17.04356957796615,17.04356957796615,2.0
1.0,1.0,309.0,1.0,131175000000.0,131175000000.0,5074296.0,5074296.0,171394495992.0,171394495992.0,1.0,0.0,0.0,0.0,0.0,0.0,0.0,0.0,0.0,32.87856631,-86.71153023,32.87856631,-86.71153023,0.0,0.0,3.0,3.0,17.04356957796615,17.04356957796615,3.0
1.0,1.0,309.0,1.0,131175000000.0,131175000000.0,5074296.0,5074296.0,171394495992.0,171394495992.0,1.0,0.0,0.0,0.0,0.0,0.0,0.0,0.0,0.0,32.87856631,-86.71153023,32.87856631,-86.71153023,0.0,0.0,3.0,3.0,17.04356957796615,17.04356957796615,3.0
1.0,1.0,6683.0,1.0,131175000000.0,131175000000.0,5074296.0,5074296.0,171394495992.0,171394495992.0,1.0,0.0,0.0,0.0,0.0,0.0,0.0,0.0,0.0,32.87856631,-86.71153023,32.87856631,-86.71153023,0.0,0.0,3.0,3.0,17.04356957796615,17.04356957796615,4.0
1.0,1.0,6683.0,1.0,131175000000.0,131175000000.0,5074296.0,5074296.0,171394495992.0,171394495992.0,1.0,0.0,0.0,0.0,0.0,0.0,0.0,0.0,0.0,32.87856631,-86.71153023,32.87856631,-86.71153023,0.0,0.0,3.0,3.0,17.04356957796615,17.04356957796615,4.0
1.0,5.0,846.0,6.073087619273697,131175000000.0,134661000000.0,5074296.0,3045637.0,171394495992.0,95572089060.0,0.0,0.0,0.0,0.0,0.0,0.0,0.0,1.0,0.0,32.87856631,-86.71153023,34.91154416,-92.43423888,0.0,1.0,3.0,1.0,17.04356957796615,16.34192872200948,4.0
5.0,1.0,846.0,6.073087619273697,134661000000.0,131175000000.0,3045637.0,5074296.0,95572089060.0,171394495992.0,0.0,0.0,0.0,0.0,0.0,0.0,0.0,1.0,0.0,34.91154416,-92.43423888,32.87856631,-86.71153023,1.0,0.0,1.0,3.0,16.34192872200948,17.04356957796615,4.0
1.0,6.0,21.0,34.396892476629226,131175000000.0,403671000000.0,5074296.0,39029342.0,171394495992.0,1821148127062.0,0.0,0.0,0.0,0.0,0.0,0.0,0.0,0.0,0.0,32.87856631,-86.71153023,37.83798795,-120.7490147,0.0,0.0,3.0,6.0,17.04356957796615,31.30033897737643,4.0
6.0,1.0,21.0,34.396892476629226,403671000000.0,131175000000.0,39029342.0,5074296.0,1821148127062.0,171394495992.0,0.0,0.0,0.0,0.0,0.0,0.0,0.0,0.0,0.0,37.83798795,-120.7490147,32.87856631,-86.71153023,0.0,0.0,6.0,3.0,31.30033897737643,17.04356957796615,4.0
1.0,12.0,14.0,5.623328405378858,131175000000.0,138958000000.0,5074296.0,22244823.0,171394495992.0,895976980794.0,0.0,1.0,25.599798146519188,25.65743756614471,25.599798146519188,18.880104376897247,1.7269237315489312,0.0,0.0,32.87856631,-86.71153023,28.93181099,-82.70591607,0.0,0.0,3.0,5.0,17.04356957796615,20.207697261419515,3.0
12.0,1.0,14.0,5.623328405378858,138958000000.0,131175000000.0,22244823.0,5074296.0,895976980794.0,171394495992.0,0.0,1.0,25.599798146519188,25.65743756614471,25.599798146519188,18.880104376897247,1.7269237315489312,0.0,0.0,28.93181099,-82.70591607,32.87856631,-86.71153023,0.0,0.0,5.0,3.0,20.207697261419515,17.04356957796615,3.0
1.0,13.0,915.0,3.1360020090872895,131175000000.0,149486000000.0,5074296.0,10912876.0,171394495992.0,418814355128.0,0.0,1.0,25.599798146519188,25.73046857990719,25.599798146519188,25.65743756614471,1.142948743140791,0.0,0.0,32.87856631,-86.71153023,32.8067682,-83.57635023,0.0,0.0,3.0,3.0,17.04356957796615,17.725298242771597,4.0
13.0,1.0,915.0,3.1360020090872895,149486000000.0,131175000000.0,10912876.0,5074296.0,418814355128.0,171394495992.0,0.0,1.0,25.599798146519188,25.73046857990719,25.599798146519188,25.65743756614471,1.142948743140791,0.0,0.0,32.8067682,-83.57635023,32.87856631,-86.71153023,0.0,0.0,3.0,3.0,17.725298242771597,17.04356957796615,4.0
1.0,20.0,23.0,12.6806705061717,131175000000.0,211754000000.0,5074296.0,2937150.0,171394495992.0,111373790850.0,0.0,0.0,0.0,0.0,0.0,0.0,0.0,1.0,0.0,32.87856631,-86.71153023,38.48536567,-98.08532491,0.0,1.0,3.0,3.0,17.04356957796615,17.082248338214743,4.0
20.0,1.0,23.0,12.6806705061717,211754000000.0,131175000000.0,2937150.0,5074296.0,111373790850.0,171394495992.0,0.0,0.0,0.0,0.0,0.0,0.0,0.0,1.0,0.0,38.48536567,-98.08532491,32.87856631,-86.71153023,1.0,0.0,3.0,3.0,17.082248338214743,17.04356957796615,4.0
1.0,21.0,37.0,4.977654930821917,131175000000.0,102283000000.0,5074296.0,4512310.0,171394495992.0,153328293800.0,0.0,0.0,0.0,0.0,0.0,0.0,0.0,1.0,0.0,32.87856631,-86.71153023,37.62171898,-85.20171191,0.0,1.0,3.0,3.0,17.04356957796615,15.95009217326982,4.0
21.0,1.0,37.0,4.977654930821917,102283000000.0,131175000000.0,4512310.0,5074296.0,153328293800.0,171394495992.0,0.0,0.0,0.0,0.0,0.0,0.0,0.0,1.0,0.0,37.62171898,-85.20171191,32.87856631,-86.71153023,1.0,0.0,3.0,3.0,15.95009217326982,17.04356957796615,4.0
1.0,22.0,49.0,5.414902314044916,131175000000.0,111914000000.0,5074296.0,4590241.0,171394495992.0,147672643211.0,0.0,0.0,0.0,0.0,0.0,0.0,0.0,0.0,0.0,32.87856631,-86.71153023,31.0806972,-91.81925318,0.0,0.0,3.0,4.0,17.04356957796615,17.88009549830889,2.0
22.0,1.0,49.0,5.414902314044916,111914000000.0,131175000000.0,4590241.0,5074296.0,147672643211.0,171394495992.0,0.0,0.0,0.0,0.0,0.0,0.0,0.0,0.0,0.0,31.0806972,-91.81925318,32.87856631,-86.71153023,0.0,0.0,4.0,3.0,17.88009549830889,17.04356957796615,2.0
1.0,27.0,11.0,14.835249535301182,131175000000.0,206232000000.0,5074296.0,5717184.0,171394495992.0,257393340864.0,0.0,0.0,0.0,0.0,0.0,0.0,0.0,1.0,0.0,32.87856631,-86.71153023,45.54670036,-94.4318287,0.0,1.0,3.0,2.0,17.04356957796615,17.499573988722897,4.0
27.0,1.0,11.0,14.835249535301182,206232000000.0,131175000000.0,5717184.0,5074296.0,257393340864.0,171394495992.0,0.0,0.0,0.0,0.0,0.0,0.0,0.0,1.0,0.0,45.54670036,-94.4318287,32.87856631,-86.71153023,1.0,0.0,2.0,3.0,17.499573988722897,17.04356957796615,4.0
1.0,28.0,328.0,2.9359060866702134,131175000000.0,121532000000.0,5074296.0,2940057.0,171394495992.0,85393955565.0,0.0,1.0,25.599798146519188,25.52344343953564,25.599798146519188,26.052267585625444,1.0770161234117333,0.0,0.0,32.87856631,-86.71153023,32.79092429,-89.64612789,0.0,0.0,3.0,1.0,17.04356957796615,16.911601448146733,4.0
28.0,1.0,328.0,2.9359060866702134,121532000000.0,131175000000.0,2940057.0,5074296.0,85393955565.0,171394495992.0,0.0,1.0,25.599798146519188,25.52344343953564,25.599798146519188,26.052267585625444,1.0770161234117333,0.0,0.0,32.79092429,-89.64612789,32.87856631,-86.71153023,0.0,0.0,1.0,3.0,16.911601448146733,17.04356957796615,4.0
1.0,39.0,71.0,8.39004087159417,131175000000.0,105824000000.0,5074296.0,11756058.0,171394495992.0,445930792056.0,0.0,0.0,0.0,0.0,0.0,0.0,0.0,1.0,0.0,32.87856631,-86.71153023,40.31742129,-82.83129539,0.0,1.0,3.0,5.0,17.04356957796615,16.574187523725264,4.0
39.0,1.0,71.0,8.39004087159417,105824000000.0,131175000000.0,11756058.0,5074296.0,445930792056.0,171394495992.0,0.0,0.0,0.0,0.0,0.0,0.0,0.0,1.0,0.0,40.31742129,-82.83129539,32.87856631,-86.71153023,1.0,0.0,5.0,3.0,16.574187523725264,17.04356957796615,4.0
1.0,47.0,228.0,3.066014459160928,131175000000.0,106792000000.0,5074296.0,7051339.0,171394495992.0,258812346656.0,0.0,1.0,25.599798146519188,25.394148854299843,25.599798146519188,25.975141280048376,1.1203784964074937,1.0,1.0,32.87856631,-86.71153023,35.88471808,-86.10862377,0.0,1.0,3.0,4.0,17.04356957796615,16.086867263002663,2.0
47.0,1.0,228.0,3.066014459160928,106792000000.0,131175000000.0,7051339.0,5074296.0,258812346656.0,171394495992.0,0.0,1.0,25.599798146519188,25.394148854299843,25.599798146519188,25.975141280048376,1.1203784964074937,1.0,1.0,35.88471808,-86.10862377,32.87856631,-86.71153023,1.0,0.0,4.0,3.0,16.086867263002663,17.04356957796615,2.0
1.0,47.0,1400.0,3.066014459160928,131175000000.0,106792000000.0,5074296.0,7051339.0,171394495992.0,258812346656.0,0.0,1.0,25.599798146519188,25.394148854299843,25.599798146519188,25.975141280048376,1.1203784964074937,1.0,1.0,32.87856631,-86.71153023,35.88471808,-86.10862377,0.0,1.0,3.0,4.0,17.04356957796615,16.086867263002663,4.0
47.0,1.0,1400.0,3.066014459160928,106792000000.0,131175000000.0,7051339.0,5074296.0,258812346656.0,171394495992.0,0.0,1.0,25.599798146519188,25.394148854299843,25.599798146519188,25.975141280048376,1.1203784964074937,1.0,1.0,35.88471808,-86.10862377,32.87856631,-86.71153023,1.0,0.0,4.0,3.0,16.086867263002663,17.04356957796615,4.0
1.0,51.0,8.0,9.443925701159984,131175000000.0,102258000000.0,5074296.0,8683619.0,171394495992.0,409858133181.0,0.0,0.0,0.0,0.0,0.0,0.0,0.0,0.0,0.0,32.87856631,-86.71153023,37.56542632,-78.51268422,0.0,0.0,3.0,4.0,17.04356957796615,18.272475748303947,4.0
51.0,1.0,8.0,9.443925701159984,102258000000.0,131175000000.0,8683619.0,5074296.0,409858133181.0,171394495992.0,0.0,0.0,0.0,0.0,0.0,0.0,0.0,0.0,0.0,37.56542632,-78.51268422,32.87856631,-86.71153023,0.0,0.0,4.0,3.0,18.272475748303947,17.04356957796615,4.0
2.0,2.0,7.0,1.0,1346080000000.0,1346080000000.0,733583.0,733583.0,31583682482.0,31583682482.0,1.0,0.0,0.0,0.0,0.0,0.0,0.0,0.0,0.0,60.0718779,-134.6421729,60.0718779,-134.6421729,0.0,0.0,1.0,1.0,48.848668515079495,48.848668515079495,3.0
2.0,2.0,7.0,1.0,1346080000000.0,1346080000000.0,733583.0,733583.0,31583682482.0,31583682482.0,1.0,0.0,0.0,0.0,0.0,0.0,0.0,0.0,0.0,60.0718779,-134.6421729,60.0718779,-134.6421729,0.0,0.0,1.0,1.0,48.848668515079495,48.848668515079495,3.0
2.0,2.0,27.0,1.0,1346080000000.0,1346080000000.0,733583.0,733583.0,31583682482.0,31583682482.0,1.0,0.0,0.0,0.0,0.0,0.0,0.0,0.0,0.0,60.0718779,-134.6421729,60.0718779,-134.6421729,0.0,0.0,1.0,1.0,48.848668515079495,48.848668515079495,4.0
2.0,2.0,27.0,1.0,1346080000000.0,1346080000000.0,733583.0,733583.0,31583682482.0,31583682482.0,1.0,0.0,0.0,0.0,0.0,0.0,0.0,0.0,0.0,60.0718779,-134.6421729,60.0718779,-134.6421729,0.0,0.0,1.0,1.0,48.848668515079495,48.848668515079495,4.0
4.0,4.0,292.0,1.0,294361000000.0,294361000000.0,7359197.0,7359197.0,293035865343.0,293035865343.0,1.0,0.0,0.0,0.0,0.0,0.0,0.0,2.0,0.0,33.67825359,-111.4708913,33.67825359,-111.4708913,1.0,1.0,3.0,3.0,25.018609812195567,25.018609812195567,2.0
4.0,4.0,292.0,1.0,294361000000.0,294361000000.0,7359197.0,7359197.0,293035865343.0,293035865343.0,1.0,0.0,0.0,0.0,0.0,0.0,0.0,2.0,0.0,33.67825359,-111.4708913,33.67825359,-111.4708913,1.0,1.0,3.0,3.0,25.018609812195567,25.018609812195567,2.0
4.0,4.0,575.0,1.0,294361000000.0,294361000000.0,7359197.0,7359197.0,293035865343.0,293035865343.0,1.0,0.0,0.0,0.0,0.0,0.0,0.0,2.0,0.0,33.67825359,-111.4708913,33.67825359,-111.4708913,1.0,1.0,3.0,3.0,25.018609812195567,25.018609812195567,3.0
4.0,4.0,575.0,1.0,294361000000.0,294361000000.0,7359197.0,7359197.0,293035865343.0,293035865343.0,1.0,0.0,0.0,0.0,0.0,0.0,0.0,2.0,0.0,33.67825359,-111.4708913,33.67825359,-111.4708913,1.0,1.0,3.0,3.0,25.018609812195567,25.018609812195567,3.0
4.0,4.0,1808.0,1.0,294361000000.0,294361000000.0,7359197.0,7359197.0,293035865343.0,293035865343.0,1.0,0.0,0.0,0.0,0.0,0.0,0.0,2.0,0.0,33.67825359,-111.4708913,33.67825359,-111.4708913,1.0,1.0,3.0,3.0,25.018609812195567,25.018609812195567,4.0
4.0,4.0,1808.0,1.0,294361000000.0,294361000000.0,7359197.0,7359197.0,293035865343.0,293035865343.0,1.0,0.0,0.0,0.0,0.0,0.0,0.0,2.0,0.0,33.67825359,-111.4708913,33.67825359,-111.4708913,1.0,1.0,3.0,3.0,25.018609812195567,25.018609812195567,4.0
4.0,6.0,344.0,10.167938029482288,294361000000.0,403671000000.0,7359197.0,39029342.0,293035865343.0,1821148127062.0,0.0,1.0,26.408072742199746,26.723866026703586,26.408072742199746,26.723866026703586,2.319239439207122,1.0,1.0,33.67825359,-111.4708913,37.83798795,-120.7490147,1.0,0.0,3.0,6.0,25.018609812195567,31.30033897737643,3.0
6.0,4.0,344.0,10.167938029482288,403671000000.0,294361000000.0,39029342.0,7359197.0,1821148127062.0,293035865343.0,0.0,1.0,26.408072742199746,26.723866026703586,26.408072742199746,26.723866026703586,2.319239439207122,1.0,1.0,37.83798795,-120.7490147,33.67825359,-111.4708913,0.0,1.0,6.0,3.0,31.30033897737643,25.018609812195567,3.0
4.0,8.0,19.0,7.957801889930292,294361000000.0,268419000000.0,7359197.0,5839926.0,293035865343.0,286571008746.0,0.0,1.0,26.408072742199746,26.315815029404327,26.408072742199746,26.315815029404327,2.0741528172402646,2.0,2.0,33.67825359,-111.4708913,38.92883319,-105.4910899,1.0,1.0,3.0,2.0,25.018609812195567,20.380646878843788,3.0
8.0,4.0,19.0,7.957801889930292,268419000000.0,294361000000.0,5839926.0,7359197.0,286571008746.0,293035865343.0,0.0,1.0,26.408072742199746,26.315815029404327,26.408072742199746,26.315815029404327,2.0741528172402646,2.0,2.0,38.92883319,-105.4910899,33.67825359,-111.4708913,1.0,1.0,2.0,3.0,20.380646878843788,25.018609812195567,3.0
4.0,12.0,17.0,29.1539451419119,294361000000.0,138958000000.0,7359197.0,22244823.0,293035865343.0,895976980794.0,0.0,0.0,0.0,0.0,0.0,0.0,0.0,1.0,0.0,33.67825359,-111.4708913,28.93181099,-82.70591607,1.0,0.0,3.0,5.0,25.018609812195567,20.207697261419515,3.0
12.0,4.0,17.0,29.1539451419119,138958000000.0,294361000000.0,22244823.0,7359197.0,895976980794.0,293035865343.0,0.0,0.0,0.0,0.0,0.0,0.0,0.0,1.0,0.0,28.93181099,-82.70591607,33.67825359,-111.4708913,0.0,1.0,5.0,3.0,20.207697261419515,25.018609812195567,3.0
4.0,15.0,5.0,47.636372903301314,294361000000.0,16634147166.0,7359197.0,1440196.0,293035865343.0,61510771160.0,0.0,0.0,0.0,0.0,0.0,0.0,0.0,1.0,0.0,33.67825359,-111.4708913,21.02917264,-157.3971885,1.0,0.0,3.0,2.0,25.018609812195567,68.81173863166698,4.0
15.0,4.0,5.0,47.636372903301314,16634147166.0,294361000000.0,1440196.0,7359197.0,61510771160.0,293035865343.0,0.0,0.0,0.0,0.0,0.0,0.0,0.0,1.0,0.0,21.02917264,-157.3971885,33.67825359,-111.4708913,0.0,1.0,2.0,3.0,68.81173863166698,25.018609812195567,4.0
4.0,16.0,4.0,11.002586687686893,294361000000.0,214050000000.0,7359197.0,1939033.0,293035865343.0,69766407340.0,0.0,0.0,0.0,0.0,0.0,0.0,0.0,2.0,0.0,33.67825359,-111.4708913,44.26668842,-114.4612026,1.0,1.0,3.0,1.0,25.018609812195567,26.571052736864967,3.0
16.0,4.0,4.0,11.002586687686893,214050000000.0,294361000000.0,1939033.0,7359197.0,69766407340.0,293035865343.0,0.0,0.0,0.0,0.0,0.0,0.0,0.0,2.0,0.0,44.26668842,-114.4612026,33.67825359,-111.4708913,1.0,1.0,1.0,3.0,26.571052736864967,25.018609812195567,3.0
4.0,19.0,5.0,19.84748795533747,294361000000.0,144660000000.0,7359197.0,3200517.0,293035865343.0,124554520089.0,0.0,0.0,0.0,0.0,0.0,0.0,0.0,2.0,0.0,33.67825359,-111.4708913,42.02990262,-93.4660937,1.0,1.0,3.0,1.0,25.018609812195567,16.209381226558154,3.0
19.0,4.0,5.0,19.84748795533747,144660000000.0,294361000000.0,3200517.0,7359197.0,124554520089.0,293035865343.0,0.0,0.0,0.0,0.0,0.0,0.0,0.0,2.0,0.0,42.02990262,-93.4660937,33.67825359,-111.4708913,1.0,1.0,1.0,3.0,16.209381226558154,25.018609812195567,3.0
4.0,20.0,5.0,14.22257761908086,294361000000.0,211754000000.0,7359197.0,2937150.0,293035865343.0,111373790850.0,0.0,0.0,0.0,0.0,0.0,0.0,0.0,2.0,0.0,33.67825359,-111.4708913,38.48536567,-98.08532491,1.0,1.0,3.0,3.0,25.018609812195567,17.082248338214743,3.0
20.0,4.0,5.0,14.22257761908086,211754000000.0,294361000000.0,2937150.0,7359197.0,111373790850.0,293035865343.0,0.0,0.0,0.0,0.0,0.0,0.0,0.0,2.0,0.0,38.48536567,-98.08532491,33.67825359,-111.4708913,1.0,1.0,3.0,3.0,17.082248338214743,25.018609812195567,3.0
4.0,22.0,4.0,19.822567442152064,294361000000.0,111914000000.0,7359197.0,4590241.0,293035865343.0,147672643211.0,0.0,0.0,0.0,0.0,0.0,0.0,0.0,1.0,0.0,33.67825359,-111.4708913,31.0806972,-91.81925318,1.0,0.0,3.0,4.0,25.018609812195567,17.88009549830889,3.0
22.0,4.0,4.0,19.822567442152064,111914000000.0,294361000000.0,4590241.0,7359197.0,147672643211.0,293035865343.0,0.0,0.0,0.0,0.0,0.0,0.0,0.0,1.0,0.0,31.0806972,-91.81925318,33.67825359,-111.4708913,0.0,1.0,4.0,3.0,17.88009549830889,25.018609812195567,3.0
4.0,26.0,1.0,28.245581854499502,294361000000.0,146615000000.0,7359197.0,10034118.0,293035865343.0,382811635818.0,0.0,0.0,0.0,0.0,0.0,0.0,0.0,2.0,0.0,33.67825359,-111.4708913,44.04901725,-85.19808872,1.0,1.0,3.0,3.0,25.018609812195567,17.01071464423954,4.0
26.0,4.0,1.0,28.245581854499502,146615000000.0,294361000000.0,10034118.0,7359197.0,382811635818.0,293035865343.0,0.0,0.0,0.0,0.0,0.0,0.0,0.0,2.0,0.0,44.04901725,-85.19808872,33.67825359,-111.4708913,1.0,1.0,3.0,3.0,17.01071464423954,25.018609812195567,4.0
4.0,27.0,32.0,20.76510734426968,294361000000.0,206232000000.0,7359197.0,5717184.0,293035865343.0,257393340864.0,0.0,0.0,0.0,0.0,0.0,0.0,0.0,2.0,0.0,33.67825359,-111.4708913,45.54670036,-94.4318287,1.0,1.0,3.0,2.0,25.018609812195567,17.499573988722897,3.0
27.0,4.0,32.0,20.76510734426968,206232000000.0,294361000000.0,5717184.0,7359197.0,257393340864.0,293035865343.0,0.0,0.0,0.0,0.0,0.0,0.0,0.0,2.0,0.0,45.54670036,-94.4318287,33.67825359,-111.4708913,1.0,1.0,2.0,3.0,17.499573988722897,25.018609812195567,3.0
4.0,29.0,2.0,19.580485441231257,294361000000.0,178053000000.0,7359197.0,6177957.0,293035865343.0,226360344480.0,0.0,0.0,0.0,0.0,0.0,0.0,0.0,2.0,0.0,33.67825359,-111.4708913,38.45001591,-92.480744,1.0,1.0,3.0,3.0,25.018609812195567,15.754454007112106,3.0
29.0,4.0,2.0,19.580485441231257,178053000000.0,294361000000.0,6177957.0,7359197.0,226360344480.0,293035865343.0,0.0,0.0,0.0,0.0,0.0,0.0,0.0,2.0,0.0,38.45001591,-92.480744,33.67825359,-111.4708913,1.0,1.0,3.0,3.0,15.754454007112106,25.018609812195567,3.0
4.0,31.0,2.0,14.595914211241366,294361000000.0,198957000000.0,7359197.0,1967923.0,293035865343.0,76743093231.0,0.0,0.0,0.0,0.0,0.0,0.0,0.0,2.0,0.0,33.67825359,-111.4708913,41.32123795,-99.03604101,1.0,1.0,3.0,2.0,25.018609812195567,17.515895874182647,3.0
31.0,4.0,2.0,14.595914211241366,198957000000.0,294361000000.0,1967923.0,7359197.0,76743093231.0,293035865343.0,0.0,0.0,0.0,0.0,0.0,0.0,0.0,2.0,0.0,41.32123795,-99.03604101,33.67825359,-111.4708913,1.0,1.0,2.0,3.0,17.515895874182647,25.018609812195567,3.0
4.0,31.0,1.0,14.595914211241366,294361000000.0,198957000000.0,7359197.0,1967923.0,293035865343.0,76743093231.0,0.0,0.0,0.0,0.0,0.0,0.0,0.0,2.0,0.0,33.67825359,-111.4708913,41.32123795,-99.03604101,1.0,1.0,3.0,2.0,25.018609812195567,17.515895874182647,4.0
31.0,4.0,1.0,14.595914211241366,198957000000.0,294361000000.0,1967923.0,7359197.0,76743093231.0,293035865343.0,0.0,0.0,0.0,0.0,0.0,0.0,0.0,2.0,0.0,41.32123795,-99.03604101,33.67825359,-111.4708913,1.0,1.0,2.0,3.0,17.515895874182647,25.018609812195567,4.0
4.0,32.0,148.0,8.250026967212142,294361000000.0,284537000000.0,7359197.0,3177772.0,293035865343.0,121336868276.0,0.0,1.0,26.408072742199746,26.374129134780752,26.408072742199746,26.01635455792016,2.110216469094234,2.0,2.0,33.67825359,-111.4708913,39.24605215,-117.5587944,1.0,1.0,3.0,2.0,25.018609812195567,28.534917328530877,4.0
32.0,4.0,148.0,8.250026967212142,284537000000.0,294361000000.0,3177772.0,7359197.0,121336868276.0,293035865343.0,0.0,1.0,26.408072742199746,26.374129134780752,26.408072742199746,26.01635455792016,2.110216469094234,2.0,2.0,39.24605215,-117.5587944,33.67825359,-111.4708913,1.0,1.0,2.0,3.0,28.534917328530877,25.018609812195567,4.0
4.0,35.0,137.0,5.650715367945836,294361000000.0,314199000000.0,7359197.0,2113344.0,293035865343.0,71676175104.0,0.0,1.0,26.408072742199746,26.47329238007668,26.408072742199746,23.670266671494115,1.7317821509392226,2.0,2.0,33.67825359,-111.4708913,34.54561168,-105.8871404,1.0,1.0,3.0,1.0,25.018609812195567,21.339852695679816,4.0
35.0,4.0,137.0,5.650715367945836,314199000000.0,294361000000.0,2113344.0,7359197.0,71676175104.0,293035865343.0,0.0,1.0,26.408072742199746,26.47329238007668,26.408072742199746,23.670266671494115,1.7317821509392226,2.0,2.0,34.54561168,-105.8871404,33.67825359,-111.4708913,1.0,1.0,1.0,3.0,21.339852695679816,25.018609812195567,4.0
4.0,36.0,42.0,37.0720411908605,294361000000.0,122050000000.0,7359197.0,19677151.0,293035865343.0,933110177571.0,0.0,0.0,0.0,0.0,0.0,0.0,0.0,1.0,0.0,33.67825359,-111.4708913,42.55441095,-75.47714089,1.0,0.0,3.0,5.0,25.018609812195567,20.306235500394656,3.0
36.0,4.0,42.0,37.0720411908605,122050000000.0,294361000000.0,19677151.0,7359197.0,933110177571.0,293035865343.0,0.0,0.0,0.0,0.0,0.0,0.0,0.0,1.0,0.0,42.55441095,-75.47714089,33.67825359,-111.4708913,0.0,1.0,5.0,3.0,20.306235500394656,25.018609812195567,3.0
4.0,37.0,3.0,32.027712208931845,294361000000.0,125933000000.0,7359197.0,10698973.0,293035865343.0,414060954073.0,0.0,0.0,0.0,0.0,0.0,0.0,0.0,1.0,0.0,33.67825359,-111.4708913,35.62288795,-79.50227002,1.0,0.0,3.0,4.0,25.018609812195567,18.22812437748468,3.0
37.0,4.0,3.0,32.027712208931845,125933000000.0,294361000000.0,10698973.0,7359197.0,414060954073.0,293035865343.0,0.0,0.0,0.0,0.0,0.0,0.0,0.0,1.0,0.0,35.62288795,-79.50227002,33.67825359,-111.4708913,0.0,1.0,4.0,3.0,18.22812437748468,25.018609812195567,3.0
4.0,42.0,5.0,34.59841388758741,294361000000.0,115882000000.0,7359197.0,12972008.0,293035865343.0,538195639912.0,0.0,0.0,0.0,0.0,0.0,0.0,0.0,2.0,0.0,33.67825359,-111.4708913,40.82029613,-77.61765701,1.0,1.0,3.0,4.0,25.018609812195567,18.7216652918346,3.0
42.0,4.0,5.0,34.59841388758741,115882000000.0,294361000000.0,12972008.0,7359197.0,538195639912.0,293035865343.0,0.0,0.0,0.0,0.0,0.0,0.0,0.0,2.0,0.0,40.82029613,-77.61765701,33.67825359,-111.4708913,1.0,1.0,4.0,3.0,18.7216652918346,25.018609812195567,3.0
4.0,47.0,14.0,25.458065515842396,294361000000.0,106792000000.0,7359197.0,7051339.0,293035865343.0,258812346656.0,0.0,0.0,0.0,0.0,0.0,0.0,0.0,2.0,0.0,33.67825359,-111.4708913,35.88471808,-86.10862377,1.0,1.0,3.0,4.0,25.018609812195567,16.086867263002663,3.0
47.0,4.0,14.0,25.458065515842396,106792000000.0,294361000000.0,7051339.0,7359197.0,258812346656.0,293035865343.0,0.0,0.0,0.0,0.0,0.0,0.0,0.0,2.0,0.0,35.88471808,-86.10862377,33.67825359,-111.4708913,1.0,1.0,4.0,3.0,16.086867263002663,25.018609812195567,3.0
4.0,48.0,55.0,12.976815243811195,294361000000.0,676681000000.0,7359197.0,30029572.0,293035865343.0,1144817373356.0,0.0,0.0,0.0,0.0,0.0,0.0,0.0,1.0,0.0,33.67825359,-111.4708913,31.65818605,-98.65226965,1.0,0.0,3.0,9.0,25.018609812195567,19.151923784122165,3.0
48.0,4.0,55.0,12.976815243811195,676681000000.0,294361000000.0,30029572.0,7359197.0,1144817373356.0,293035865343.0,0.0,0.0,0.0,0.0,0.0,0.0,0.0,1.0,0.0,31.65818605,-98.65226965,33.67825359,-111.4708913,0.0,1.0,9.0,3.0,19.151923784122165,25.018609812195567,3.0
4.0,49.0,1.0,5.958802724693628,294361000000.0,213355000000.0,7359197.0,3380800.0,293035865343.0,130208131200.0,0.0,1.0,26.408072742199746,26.0862232819749,26.408072742199746,27.240465802355804,1.7848695757786215,2.0,2.0,33.67825359,-111.4708913,39.63565035,-111.6003276,1.0,1.0,3.0,2.0,25.018609812195567,24.10238778282654,3.0
49.0,4.0,1.0,5.958802724693628,213355000000.0,294361000000.0,3380800.0,7359197.0,130208131200.0,293035865343.0,0.0,1.0,26.408072742199746,26.0862232819749,26.408072742199746,27.240465802355804,1.7848695757786215,2.0,2.0,39.63565035,-111.6003276,33.67825359,-111.4708913,1.0,1.0,2.0,3.0,24.10238778282654,25.018609812195567,3.0
4.0,53.0,40.0,16.420036879117845,294361000000.0,172118000000.0,7359197.0,7785786.0,293035865343.0,395237640504.0,0.0,0.0,0.0,0.0,0.0,0.0,0.0,1.0,0.0,33.67825359,-111.4708913,47.23708702,-120.7324056,1.0,0.0,3.0,3.0,25.018609812195567,32.15883372214054,4.0
53.0,4.0,40.0,16.420036879117845,172118000000.0,294361000000.0,7785786.0,7359197.0,395237640504.0,293035865343.0,0.0,0.0,0.0,0.0,0.0,0.0,0.0,1.0,0.0,47.23708702,-120.7324056,33.67825359,-111.4708913,0.0,1.0,3.0,3.0,32.15883372214054,25.018609812195567,4.0
5.0,26.0,1146.0,11.65569747413436,134661000000.0,146615000000.0,3045637.0,10034118.0,95572089060.0,382811635818.0,0.0,0.0,0.0,0.0,0.0,0.0,0.0,2.0,0.0,34.91154416,-92.43423888,44.04901725,-85.19808872,1.0,1.0,1.0,3.0,16.34192872200948,17.01071464423954,2.0
26.0,5.0,1146.0,11.65569747413436,146615000000.0,134661000000.0,10034118.0,3045637.0,382811635818.0,95572089060.0,0.0,0.0,0.0,0.0,0.0,0.0,0.0,2.0,0.0,44.04901725,-85.19808872,34.91154416,-92.43423888,1.0,1.0,3.0,1.0,17.01071464423954,16.34192872200948,2.0
5.0,29.0,2.0,3.5387773385357653,134661000000.0,178053000000.0,3045637.0,6177957.0,95572089060.0,226360344480.0,0.0,1.0,25.626026346146176,25.905347095727915,25.626026346146176,25.52344343953564,1.26378128289227,2.0,2.0,34.91154416,-92.43423888,38.45001591,-92.480744,1.0,1.0,1.0,3.0,16.34192872200948,15.754454007112106,3.0
29.0,5.0,2.0,3.5387773385357653,178053000000.0,134661000000.0,6177957.0,3045637.0,226360344480.0,95572089060.0,0.0,1.0,25.626026346146176,25.905347095727915,25.626026346146176,25.52344343953564,1.26378128289227,2.0,2.0,38.45001591,-92.480744,34.91154416,-92.43423888,1.0,1.0,3.0,1.0,15.754454007112106,16.34192872200948,3.0
5.0,29.0,11.0,3.5387773385357653,134661000000.0,178053000000.0,3045637.0,6177957.0,95572089060.0,226360344480.0,0.0,1.0,25.626026346146176,25.905347095727915,25.626026346146176,25.52344343953564,1.26378128289227,2.0,2.0,34.91154416,-92.43423888,38.45001591,-92.480744,1.0,1.0,1.0,3.0,16.34192872200948,15.754454007112106,4.0
29.0,5.0,11.0,3.5387773385357653,178053000000.0,134661000000.0,6177957.0,3045637.0,226360344480.0,95572089060.0,0.0,1.0,25.626026346146176,25.905347095727915,25.626026346146176,25.52344343953564,1.26378128289227,2.0,2.0,38.45001591,-92.480744,34.91154416,-92.43423888,1.0,1.0,3.0,1.0,15.754454007112106,16.34192872200948,4.0
5.0,47.0,17.0,6.400037031020093,134661000000.0,106792000000.0,3045637.0,7051339.0,95572089060.0,258812346656.0,0.0,1.0,25.626026346146176,25.394148854299843,25.626026346146176,25.975141280048376,1.8563037764457764,2.0,2.0,34.91154416,-92.43423888,35.88471808,-86.10862377,1.0,1.0,1.0,4.0,16.34192872200948,16.086867263002663,3.0
47.0,5.0,17.0,6.400037031020093,106792000000.0,134661000000.0,7051339.0,3045637.0,258812346656.0,95572089060.0,0.0,1.0,25.626026346146176,25.394148854299843,25.626026346146176,25.975141280048376,1.8563037764457764,2.0,2.0,35.88471808,-86.10862377,34.91154416,-92.43423888,1.0,1.0,4.0,1.0,16.086867263002663,16.34192872200948,3.0
5.0,47.0,2.0,6.400037031020093,134661000000.0,106792000000.0,3045637.0,7051339.0,95572089060.0,258812346656.0,0.0,1.0,25.626026346146176,25.394148854299843,25.626026346146176,25.975141280048376,1.8563037764457764,2.0,2.0,34.91154416,-92.43423888,35.88471808,-86.10862377,1.0,1.0,1.0,4.0,16.34192872200948,16.086867263002663,4.0
47.0,5.0,2.0,6.400037031020093,106792000000.0,134661000000.0,7051339.0,3045637.0,258812346656.0,95572089060.0,0.0,1.0,25.626026346146176,25.394148854299843,25.626026346146176,25.975141280048376,1.8563037764457764,2.0,2.0,35.88471808,-86.10862377,34.91154416,-92.43423888,1.0,1.0,4.0,1.0,16.086867263002663,16.34192872200948,4.0
6.0,1.0,1.0,34.396892476629226,403671000000.0,131175000000.0,39029342.0,5074296.0,1821148127062.0,171394495992.0,0.0,0.0,0.0,0.0,0.0,0.0,0.0,0.0,0.0,37.83798795,-120.7490147,32.87856631,-86.71153023,0.0,0.0,6.0,3.0,31.30033897737643,17.04356957796615,4.0
1.0,6.0,1.0,34.396892476629226,131175000000.0,403671000000.0,5074296.0,39029342.0,171394495992.0,1821148127062.0,0.0,0.0,0.0,0.0,0.0,0.0,0.0,0.0,0.0,32.87856631,-86.71153023,37.83798795,-120.7490147,0.0,0.0,3.0,6.0,17.04356957796615,31.30033897737643,4.0
6.0,2.0,23.0,26.21766021366014,403671000000.0,1346080000000.0,39029342.0,733583.0,1821148127062.0,31583682482.0,0.0,0.0,0.0,0.0,0.0,0.0,0.0,0.0,0.0,37.83798795,-120.7490147,60.0718779,-134.6421729,0.0,0.0,6.0,1.0,31.30033897737643,48.848668515079495,3.0
2.0,6.0,23.0,26.21766021366014,1346080000000.0,403671000000.0,733583.0,39029342.0,31583682482.0,1821148127062.0,0.0,0.0,0.0,0.0,0.0,0.0,0.0,0.0,0.0,60.0718779,-134.6421729,37.83798795,-120.7490147,0.0,0.0,1.0,6.0,48.848668515079495,31.30033897737643,3.0
6.0,2.0,2.0,26.21766021366014,403671000000.0,1346080000000.0,39029342.0,733583.0,1821148127062.0,31583682482.0,0.0,0.0,0.0,0.0,0.0,0.0,0.0,0.0,0.0,37.83798795,-120.7490147,60.0718779,-134.6421729,0.0,0.0,6.0,1.0,31.30033897737643,48.848668515079495,4.0
2.0,6.0,2.0,26.21766021366014,1346080000000.0,403671000000.0,733583.0,39029342.0,31583682482.0,1821148127062.0,0.0,0.0,0.0,0.0,0.0,0.0,0.0,0.0,0.0,60.0718779,-134.6421729,37.83798795,-120.7490147,0.0,0.0,1.0,6.0,48.848668515079495,31.30033897737643,4.0
6.0,4.0,439.0,10.167938029482288,403671000000.0,294361000000.0,39029342.0,7359197.0,1821148127062.0,293035865343.0,0.0,1.0,26.723866026703586,26.408072742199746,26.723866026703586,26.408072742199746,2.319239439207122,1.0,1.0,37.83798795,-120.7490147,33.67825359,-111.4708913,0.0,1.0,6.0,3.0,31.30033897737643,25.018609812195567,3.0
4.0,6.0,439.0,10.167938029482288,294361000000.0,403671000000.0,7359197.0,39029342.0,293035865343.0,1821148127062.0,0.0,1.0,26.723866026703586,26.408072742199746,26.723866026703586,26.408072742199746,2.319239439207122,1.0,1.0,33.67825359,-111.4708913,37.83798795,-120.7490147,1.0,0.0,3.0,6.0,25.018609812195567,31.30033897737643,3.0
6.0,6.0,2315.0,1.0,403671000000.0,403671000000.0,39029342.0,39029342.0,1821148127062.0,1821148127062.0,1.0,0.0,0.0,0.0,0.0,0.0,0.0,0.0,0.0,37.83798795,-120.7490147,37.83798795,-120.7490147,0.0,0.0,6.0,6.0,31.30033897737643,31.30033897737643,2.0
6.0,6.0,2315.0,1.0,403671000000.0,403671000000.0,39029342.0,39029342.0,1821148127062.0,1821148127062.0,1.0,0.0,0.0,0.0,0.0,0.0,0.0,0.0,0.0,37.83798795,-120.7490147,37.83798795,-120.7490147,0.0,0.0,6.0,6.0,31.30033897737643,31.30033897737643,2.0
6.0,6.0,14690.0,1.0,403671000000.0,403671000000.0,39029342.0,39029342.0,1821148127062.0,1821148127062.0,1.0,0.0,0.0,0.0,0.0,0.0,0.0,0.0,0.0,37.83798795,-120.7490147,37.83798795,-120.7490147,0.0,0.0,6.0,6.0,31.30033897737643,31.30033897737643,3.0
6.0,6.0,14690.0,1.0,403671000000.0,403671000000.0,39029342.0,39029342.0,1821148127062.0,1821148127062.0,1.0,0.0,0.0,0.0,0.0,0.0,0.0,0.0,0.0,37.83798795,-120.7490147,37.83798795,-120.7490147,0.0,0.0,6.0,6.0,31.30033897737643,31.30033897737643,3.0
6.0,6.0,16252.0,1.0,403671000000.0,403671000000.0,39029342.0,39029342.0,1821148127062.0,1821148127062.0,1.0,0.0,0.0,0.0,0.0,0.0,0.0,0.0,0.0,37.83798795,-120.7490147,37.83798795,-120.7490147,0.0,0.0,6.0,6.0,31.30033897737643,31.30033897737643,4.0
6.0,6.0,16252.0,1.0,403671000000.0,403671000000.0,39029342.0,39029342.0,1821148127062.0,1821148127062.0,1.0,0.0,0.0,0.0,0.0,0.0,0.0,0.0,0.0,37.83798795,-120.7490147,37.83798795,-120.7490147,0.0,0.0,6.0,6.0,31.30033897737643,31.30033897737643,4.0
6.0,8.0,262.0,15.296869370563561,403671000000.0,268419000000.0,39029342.0,5839926.0,1821148127062.0,286571008746.0,0.0,0.0,0.0,0.0,0.0,0.0,0.0,1.0,0.0,37.83798795,-120.7490147,38.92883319,-105.4910899,0.0,1.0,6.0,2.0,31.30033897737643,20.380646878843788,3.0
8.0,6.0,262.0,15.296869370563561,268419000000.0,403671000000.0,5839926.0,39029342.0,286571008746.0,1821148127062.0,0.0,0.0,0.0,0.0,0.0,0.0,0.0,1.0,0.0,38.92883319,-105.4910899,37.83798795,-120.7490147,1.0,0.0,2.0,6.0,20.380646878843788,31.30033897737643,3.0
6.0,8.0,13.0,15.296869370563561,403671000000.0,268419000000.0,39029342.0,5839926.0,1821148127062.0,286571008746.0,0.0,0.0,0.0,0.0,0.0,0.0,0.0,1.0,0.0,37.83798795,-120.7490147,38.92883319,-105.4910899,0.0,1.0,6.0,2.0,31.30033897737643,20.380646878843788,4.0
8.0,6.0,13.0,15.296869370563561,268419000000.0,403671000000.0,5839926.0,39029342.0,286571008746.0,1821148127062.0,0.0,0.0,0.0,0.0,0.0,0.0,0.0,1.0,0.0,38.92883319,-105.4910899,37.83798795,-120.7490147,1.0,0.0,2.0,6.0,20.380646878843788,31.30033897737643,4.0
6.0,12.0,176.0,39.07169488792037,403671000000.0,138958000000.0,39029342.0,22244823.0,1821148127062.0,895976980794.0,0.0,0.0,0.0,0.0,0.0,0.0,0.0,0.0,0.0,37.83798795,-120.7490147,28.93181099,-82.70591607,0.0,0.0,6.0,5.0,31.30033897737643,20.207697261419515,3.0
12.0,6.0,176.0,39.07169488792037,138958000000.0,403671000000.0,22244823.0,39029342.0,895976980794.0,1821148127062.0,0.0,0.0,0.0,0.0,0.0,0.0,0.0,0.0,0.0,28.93181099,-82.70591607,37.83798795,-120.7490147,0.0,0.0,5.0,6.0,20.207697261419515,31.30033897737643,3.0
6.0,15.0,34.0,40.31903911306291,403671000000.0,16634147166.0,39029342.0,1440196.0,1821148127062.0,61510771160.0,0.0,0.0,0.0,0.0,0.0,0.0,0.0,0.0,0.0,37.83798795,-120.7490147,21.02917264,-157.3971885,0.0,0.0,6.0,2.0,31.30033897737643,68.81173863166698,3.0
15.0,6.0,34.0,40.31903911306291,16634147166.0,403671000000.0,1440196.0,39029342.0,61510771160.0,1821148127062.0,0.0,0.0,0.0,0.0,0.0,0.0,0.0,0.0,0.0,21.02917264,-157.3971885,37.83798795,-120.7490147,0.0,0.0,2.0,6.0,68.81173863166698,31.30033897737643,3.0
6.0,16.0,34.0,8.992484124972632,403671000000.0,214050000000.0,39029342.0,1939033.0,1821148127062.0,69766407340.0,0.0,0.0,0.0,0.0,0.0,0.0,0.0,1.0,0.0,37.83798795,-120.7490147,44.26668842,-114.4612026,0.0,1.0,6.0,1.0,31.30033897737643,26.571052736864967,3.0
16.0,6.0,34.0,8.992484124972632,214050000000.0,403671000000.0,1939033.0,39029342.0,69766407340.0,1821148127062.0,0.0,0.0,0.0,0.0,0.0,0.0,0.0,1.0,0.0,44.26668842,-114.4612026,37.83798795,-120.7490147,1.0,0.0,1.0,6.0,26.571052736864967,31.30033897737643,3.0
6.0,17.0,336.0,31.63811267226677,403671000000.0,143778000000.0,39029342.0,12582032.0,1821148127062.0,545015880144.0,0.0,0.0,0.0,0.0,0.0,0.0,0.0,1.0,0.0,37.83798795,-120.7490147,39.84225886,-89.17445102,0.0,1.0,6.0,3.0,31.30033897737643,15.57382644068607,3.0
17.0,6.0,336.0,31.63811267226677,143778000000.0,403671000000.0,12582032.0,39029342.0,545015880144.0,1821148127062.0,0.0,0.0,0.0,0.0,0.0,0.0,0.0,1.0,0.0,39.84225886,-89.17445102,37.83798795,-120.7490147,1.0,0.0,3.0,6.0,15.57382644068607,31.30033897737643,3.0
6.0,20.0,46.0,22.672933925932544,403671000000.0,211754000000.0,39029342.0,2937150.0,1821148127062.0,111373790850.0,0.0,0.0,0.0,0.0,0.0,0.0,0.0,1.0,0.0,37.83798795,-120.7490147,38.48536567,-98.08532491,0.0,1.0,6.0,3.0,31.30033897737643,17.082248338214743,3.0
20.0,6.0,46.0,22.672933925932544,211754000000.0,403671000000.0,2937150.0,39029342.0,111373790850.0,1821148127062.0,0.0,0.0,0.0,0.0,0.0,0.0,0.0,1.0,0.0,38.48536567,-98.08532491,37.83798795,-120.7490147,1.0,0.0,3.0,6.0,17.082248338214743,31.30033897737643,3.0
6.0,25.0,72.0,49.48292410177966,403671000000.0,20204396898.0,39029342.0,6981974.0,1821148127062.0,377201145350.0,0.0,0.0,0.0,0.0,0.0,0.0,0.0,0.0,0.0,37.83798795,-120.7490147,42.10673796,-71.45056086,0.0,0.0,6.0,2.0,31.30033897737643,23.121420198899447,3.0
25.0,6.0,72.0,49.48292410177966,20204396898.0,403671000000.0,6981974.0,39029342.0,377201145350.0,1821148127062.0,0.0,0.0,0.0,0.0,0.0,0.0,0.0,0.0,0.0,42.10673796,-71.45056086,37.83798795,-120.7490147,0.0,0.0,2.0,6.0,23.121420198899447,31.30033897737643,3.0
6.0,25.0,4.0,49.48292410177966,403671000000.0,20204396898.0,39029342.0,6981974.0,1821148127062.0,377201145350.0,0.0,0.0,0.0,0.0,0.0,0.0,0.0,0.0,0.0,37.83798795,-120.7490147,42.10673796,-71.45056086,0.0,0.0,6.0,2.0,31.30033897737643,23.121420198899447,4.0
25.0,6.0,4.0,49.48292410177966,20204396898.0,403671000000.0,6981974.0,39029342.0,377201145350.0,1821148127062.0,0.0,0.0,0.0,0.0,0.0,0.0,0.0,0.0,0.0,42.10673796,-71.45056086,37.83798795,-120.7490147,0.0,0.0,2.0,6.0,23.121420198899447,31.30033897737643,4.0
6.0,26.0,193.0,36.08940596630676,403671000000.0,146615000000.0,39029342.0,10034118.0,1821148127062.0,382811635818.0,0.0,0.0,0.0,0.0,0.0,0.0,0.0,1.0,0.0,37.83798795,-120.7490147,44.04901725,-85.19808872,0.0,1.0,6.0,3.0,31.30033897737643,17.01071464423954,3.0
26.0,6.0,193.0,36.08940596630676,146615000000.0,403671000000.0,10034118.0,39029342.0,382811635818.0,1821148127062.0,0.0,0.0,0.0,0.0,0.0,0.0,0.0,1.0,0.0,44.04901725,-85.19808872,37.83798795,-120.7490147,1.0,0.0,3.0,6.0,17.01071464423954,31.30033897737643,3.0
6.0,26.0,3.0,36.08940596630676,403671000000.0,146615000000.0,39029342.0,10034118.0,1821148127062.0,382811635818.0,0.0,0.0,0.0,0.0,0.0,0.0,0.0,1.0,0.0,37.83798795,-120.7490147,44.04901725,-85.19808872,0.0,1.0,6.0,3.0,31.30033897737643,17.01071464423954,4.0
26.0,6.0,3.0,36.08940596630676,146615000000.0,403671000000.0,10034118.0,39029342.0,382811635818.0,1821148127062.0,0.0,0.0,0.0,0.0,0.0,0.0,0.0,1.0,0.0,44.04901725,-85.19808872,37.83798795,-120.7490147,1.0,0.0,3.0,6.0,17.01071464423954,31.30033897737643,4.0
6.0,27.0,120.0,27.422956185989218,403671000000.0,206232000000.0,39029342.0,5717184.0,1821148127062.0,257393340864.0,0.0,0.0,0.0,0.0,0.0,0.0,0.0,1.0,0.0,37.83798795,-120.7490147,45.54670036,-94.4318287,0.0,1.0,6.0,2.0,31.30033897737643,17.499573988722897,3.0
27.0,6.0,120.0,27.422956185989218,206232000000.0,403671000000.0,5717184.0,39029342.0,257393340864.0,1821148127062.0,0.0,0.0,0.0,0.0,0.0,0.0,0.0,1.0,0.0,45.54670036,-94.4318287,37.83798795,-120.7490147,1.0,0.0,2.0,6.0,17.499573988722897,31.30033897737643,3.0
6.0,29.0,75.0,28.27489534184522,403671000000.0,178053000000.0,39029342.0,6177957.0,1821148127062.0,226360344480.0,0.0,0.0,0.0,0.0,0.0,0.0,0.0,1.0,0.0,37.83798795,-120.7490147,38.45001591,-92.480744,0.0,1.0,6.0,3.0,31.30033897737643,15.754454007112106,3.0
29.0,6.0,75.0,28.27489534184522,178053000000.0,403671000000.0,6177957.0,39029342.0,226360344480.0,1821148127062.0,0.0,0.0,0.0,0.0,0.0,0.0,0.0,1.0,0.0,38.45001591,-92.480744,37.83798795,-120.7490147,1.0,0.0,3.0,6.0,15.754454007112106,31.30033897737643,3.0
6.0,30.0,84.0,14.330453747716792,403671000000.0,376974000000.0,39029342.0,1122867.0,1821148127062.0,43038369243.0,0.0,0.0,0.0,0.0,0.0,0.0,0.0,1.0,0.0,37.83798795,-120.7490147,46.97106673,-109.7059727,0.0,1.0,6.0,1.0,31.30033897737643,24.20858400830915,3.0
30.0,6.0,84.0,14.330453747716792,376974000000.0,403671000000.0,1122867.0,39029342.0,43038369243.0,1821148127062.0,0.0,0.0,0.0,0.0,0.0,0.0,0.0,1.0,0.0,46.97106673,-109.7059727,37.83798795,-120.7490147,1.0,0.0,1.0,6.0,24.20858400830915,31.30033897737643,3.0
6.0,31.0,17.0,21.990594740141344,403671000000.0,198957000000.0,39029342.0,1967923.0,1821148127062.0,76743093231.0,0.0,0.0,0.0,0.0,0.0,0.0,0.0,1.0,0.0,37.83798795,-120.7490147,41.32123795,-99.03604101,0.0,1.0,6.0,2.0,31.30033897737643,17.515895874182647,3.0
31.0,6.0,17.0,21.990594740141344,198957000000.0,403671000000.0,1967923.0,39029342.0,76743093231.0,1821148127062.0,0.0,0.0,0.0,0.0,0.0,0.0,0.0,1.0,0.0,41.32123795,-99.03604101,37.83798795,-120.7490147,1.0,0.0,2.0,6.0,17.515895874182647,31.30033897737643,3.0
6.0,32.0,496.0,3.487140713228213,403671000000.0,284537000000.0,39029342.0,3177772.0,1821148127062.0,121336868276.0,0.0,1.0,26.723866026703586,26.374129134780752,26.723866026703586,26.01635455792016,1.249082120543856,1.0,1.0,37.83798795,-120.7490147,39.24605215,-117.5587944,0.0,1.0,6.0,2.0,31.30033897737643,28.534917328530877,3.0
32.0,6.0,496.0,3.487140713228213,284537000000.0,403671000000.0,3177772.0,39029342.0,121336868276.0,1821148127062.0,0.0,1.0,26.723866026703586,26.374129134780752,26.723866026703586,26.01635455792016,1.249082120543856,1.0,1.0,39.24605215,-117.5587944,37.83798795,-120.7490147,1.0,0.0,2.0,6.0,28.534917328530877,31.30033897737643,3.0
6.0,32.0,48.0,3.487140713228213,403671000000.0,284537000000.0,39029342.0,3177772.0,1821148127062.0,121336868276.0,0.0,1.0,26.723866026703586,26.374129134780752,26.723866026703586,26.01635455792016,1.249082120543856,1.0,1.0,37.83798795,-120.7490147,39.24605215,-117.5587944,0.0,1.0,6.0,2.0,31.30033897737643,28.534917328530877,4.0
32.0,6.0,48.0,3.487140713228213,284537000000.0,403671000000.0,3177772.0,39029342.0,121336868276.0,1821148127062.0,0.0,1.0,26.723866026703586,26.374129134780752,26.723866026703586,26.01635455792016,1.249082120543856,1.0,1.0,39.24605215,-117.5587944,37.83798795,-120.7490147,1.0,0.0,2.0,6.0,28.534917328530877,31.30033897737643,4.0
6.0,33.0,1.0,49.49433577080187,403671000000.0,23190113978.0,39029342.0,1395231.0,1821148127062.0,68758378911.0,0.0,0.0,0.0,0.0,0.0,0.0,0.0,0.0,0.0,37.83798795,-120.7490147,43.47455644,-71.57668133,0.0,0.0,6.0,2.0,31.30033897737643,23.322033096551305,4.0
33.0,6.0,1.0,49.49433577080187,23190113978.0,403671000000.0,1395231.0,39029342.0,68758378911.0,1821148127062.0,0.0,0.0,0.0,0.0,0.0,0.0,0.0,0.0,0.0,43.47455644,-71.57668133,37.83798795,-120.7490147,0.0,0.0,2.0,6.0,23.322033096551305,31.30033897737643,4.0
6.0,34.0,203.0,46.19268775402174,403671000000.0,19048737655.0,39029342.0,9261699.0,1821148127062.0,474865831128.0,0.0,0.0,0.0,0.0,0.0,0.0,0.0,0.0,0.0,37.83798795,-120.7490147,40.2804298,-74.62094429,0.0,0.0,6.0,2.0,31.30033897737643,20.49985798951152,3.0
34.0,6.0,203.0,46.19268775402174,19048737655.0,403671000000.0,9261699.0,39029342.0,474865831128.0,1821148127062.0,0.0,0.0,0.0,0.0,0.0,0.0,0.0,0.0,0.0,40.2804298,-74.62094429,37.83798795,-120.7490147,0.0,0.0,2.0,6.0,20.49985798951152,31.30033897737643,3.0
6.0,35.0,56.0,15.222189369872504,403671000000.0,314199000000.0,39029342.0,2113344.0,1821148127062.0,71676175104.0,0.0,0.0,0.0,0.0,0.0,0.0,0.0,1.0,0.0,37.83798795,-120.7490147,34.54561168,-105.8871404,0.0,1.0,6.0,1.0,31.30033897737643,21.339852695679816,3.0
35.0,6.0,56.0,15.222189369872504,314199000000.0,403671000000.0,2113344.0,39029342.0,71676175104.0,1821148127062.0,0.0,0.0,0.0,0.0,0.0,0.0,0.0,1.0,0.0,34.54561168,-105.8871404,37.83798795,-120.7490147,1.0,0.0,1.0,6.0,21.339852695679816,31.30033897737643,3.0
6.0,37.0,44.0,41.30618131354082,403671000000.0,125933000000.0,39029342.0,10698973.0,1821148127062.0,414060954073.0,0.0,0.0,0.0,0.0,0.0,0.0,0.0,0.0,0.0,37.83798795,-120.7490147,35.62288795,-79.50227002,0.0,0.0,6.0,4.0,31.30033897737643,18.22812437748468,3.0
37.0,6.0,44.0,41.30618131354082,125933000000.0,403671000000.0,10698973.0,39029342.0,414060954073.0,1821148127062.0,0.0,0.0,0.0,0.0,0.0,0.0,0.0,0.0,0.0,35.62288795,-79.50227002,37.83798795,-120.7490147,0.0,0.0,4.0,6.0,18.22812437748468,31.30033897737643,3.0
6.0,38.0,8.0,22.61583419157992,403671000000.0,178698000000.0,39029342.0,779261.0,1821148127062.0,32573109800.0,0.0,0.0,0.0,0.0,0.0,0.0,0.0,1.0,0.0,37.83798795,-120.7490147,47.39323862,-100.2508894,0.0,1.0,6.0,1.0,31.30033897737643,19.833784382087305,3.0
38.0,6.0,8.0,22.61583419157992,178698000000.0,403671000000.0,779261.0,39029342.0,32573109800.0,1821148127062.0,0.0,0.0,0.0,0.0,0.0,0.0,0.0,1.0,0.0,47.39323862,-100.2508894,37.83798795,-120.7490147,1.0,0.0,1.0,6.0,19.833784382087305,31.30033897737643,3.0
6.0,39.0,100.0,37.99869770609844,403671000000.0,105824000000.0,39029342.0,11756058.0,1821148127062.0,445930792056.0,0.0,0.0,0.0,0.0,0.0,0.0,0.0,1.0,0.0,37.83798795,-120.7490147,40.31742129,-82.83129539,0.0,1.0,6.0,5.0,31.30033897737643,16.574187523725264,3.0
39.0,6.0,100.0,37.99869770609844,105824000000.0,403671000000.0,11756058.0,39029342.0,445930792056.0,1821148127062.0,0.0,0.0,0.0,0.0,0.0,0.0,0.0,1.0,0.0,40.31742129,-82.83129539,37.83798795,-120.7490147,1.0,0.0,5.0,6.0,16.574187523725264,31.30033897737643,3.0
6.0,41.0,148.0,6.6964663188535205,403671000000.0,248628000000.0,39029342.0,4240137.0,1821148127062.0,180095578938.0,0.0,1.0,26.723866026703586,26.239223640412757,26.723866026703586,25.903159962950642,1.9015799721681665,0.0,0.0,37.83798795,-120.7490147,44.49389908,-121.4848871,0.0,0.0,6.0,2.0,31.30033897737643,32.15540936730309,3.0
41.0,6.0,148.0,6.6964663188535205,248628000000.0,403671000000.0,4240137.0,39029342.0,180095578938.0,1821148127062.0,0.0,1.0,26.723866026703586,26.239223640412757,26.723866026703586,25.903159962950642,1.9015799721681665,0.0,0.0,44.49389908,-121.4848871,37.83798795,-120.7490147,0.0,0.0,2.0,6.0,32.15540936730309,31.30033897737643,3.0
6.0,41.0,52.0,6.6964663188535205,403671000000.0,248628000000.0,39029342.0,4240137.0,1821148127062.0,180095578938.0,0.0,1.0,26.723866026703586,26.239223640412757,26.723866026703586,25.903159962950642,1.9015799721681665,0.0,0.0,37.83798795,-120.7490147,44.49389908,-121.4848871,0.0,0.0,6.0,2.0,31.30033897737643,32.15540936730309,4.0
41.0,6.0,52.0,6.6964663188535205,248628000000.0,403671000000.0,4240137.0,39029342.0,180095578938.0,1821148127062.0,0.0,1.0,26.723866026703586,26.239223640412757,26.723866026703586,25.903159962950642,1.9015799721681665,0.0,0.0,44.49389908,-121.4848871,37.83798795,-120.7490147,0.0,0.0,2.0,6.0,32.15540936730309,31.30033897737643,4.0
6.0,42.0,125.0,43.234340266311655,403671000000.0,115882000000.0,39029342.0,12972008.0,1821148127062.0,538195639912.0,0.0,0.0,0.0,0.0,0.0,0.0,0.0,1.0,0.0,37.83798795,-120.7490147,40.82029613,-77.61765701,0.0,1.0,6.0,4.0,31.30033897737643,18.7216652918346,3.0
42.0,6.0,125.0,43.234340266311655,115882000000.0,403671000000.0,12972008.0,39029342.0,538195639912.0,1821148127062.0,0.0,0.0,0.0,0.0,0.0,0.0,0.0,1.0,0.0,40.82029613,-77.61765701,37.83798795,-120.7490147,1.0,0.0,4.0,6.0,18.7216652918346,31.30033897737643,3.0
6.0,42.0,3.0,43.234340266311655,403671000000.0,115882000000.0,39029342.0,12972008.0,1821148127062.0,538195639912.0,0.0,0.0,0.0,0.0,0.0,0.0,0.0,1.0,0.0,37.83798795,-120.7490147,40.82029613,-77.61765701,0.0,1.0,6.0,4.0,31.30033897737643,18.7216652918346,4.0
42.0,6.0,3.0,43.234340266311655,115882000000.0,403671000000.0,12972008.0,39029342.0,538195639912.0,1821148127062.0,0.0,0.0,0.0,0.0,0.0,0.0,0.0,1.0,0.0,40.82029613,-77.61765701,37.83798795,-120.7490147,1.0,0.0,4.0,6.0,18.7216652918346,31.30033897737643,4.0
6.0,47.0,24.0,34.69541680061326,403671000000.0,106792000000.0,39029342.0,7051339.0,1821148127062.0,258812346656.0,0.0,0.0,0.0,0.0,0.0,0.0,0.0,1.0,0.0,37.83798795,-120.7490147,35.88471808,-86.10862377,0.0,1.0,6.0,4.0,31.30033897737643,16.086867263002663,3.0
47.0,6.0,24.0,34.69541680061326,106792000000.0,403671000000.0,7051339.0,39029342.0,258812346656.0,1821148127062.0,0.0,0.0,0.0,0.0,0.0,0.0,0.0,1.0,0.0,35.88471808,-86.10862377,37.83798795,-120.7490147,1.0,0.0,4.0,6.0,16.086867263002663,31.30033897737643,3.0
6.0,48.0,462.0,22.944631034905388,403671000000.0,676681000000.0,39029342.0,30029572.0,1821148127062.0,1144817373356.0,0.0,0.0,0.0,0.0,0.0,0.0,0.0,0.0,0.0,37.83798795,-120.7490147,31.65818605,-98.65226965,0.0,0.0,6.0,9.0,31.30033897737643,19.151923784122165,3.0
48.0,6.0,462.0,22.944631034905388,676681000000.0,403671000000.0,30029572.0,39029342.0,1144817373356.0,1821148127062.0,0.0,0.0,0.0,0.0,0.0,0.0,0.0,0.0,0.0,31.65818605,-98.65226965,37.83798795,-120.7490147,0.0,0.0,9.0,6.0,19.151923784122165,31.30033897737643,3.0
6.0,49.0,226.0,9.323629430542606,403671000000.0,213355000000.0,39029342.0,3380800.0,1821148127062.0,130208131200.0,0.0,0.0,0.0,0.0,0.0,0.0,0.0,1.0,0.0,37.83798795,-120.7490147,39.63565035,-111.6003276,0.0,1.0,6.0,2.0,31.30033897737643,24.10238778282654,3.0
49.0,6.0,226.0,9.323629430542606,213355000000.0,403671000000.0,3380800.0,39029342.0,130208131200.0,1821148127062.0,0.0,0.0,0.0,0.0,0.0,0.0,0.0,1.0,0.0,39.63565035,-111.6003276,37.83798795,-120.7490147,1.0,0.0,2.0,6.0,24.10238778282654,31.30033897737643,3.0
6.0,51.0,63.0,42.237209925111365,403671000000.0,102258000000.0,39029342.0,8683619.0,1821148127062.0,409858133181.0,0.0,0.0,0.0,0.0,0.0,0.0,0.0,0.0,0.0,37.83798795,-120.7490147,37.56542632,-78.51268422,0.0,0.0,6.0,4.0,31.30033897737643,18.272475748303947,3.0
51.0,6.0,63.0,42.237209925111365,102258000000.0,403671000000.0,8683619.0,39029342.0,409858133181.0,1821148127062.0,0.0,0.0,0.0,0.0,0.0,0.0,0.0,0.0,0.0,37.56542632,-78.51268422,37.83798795,-120.7490147,0.0,0.0,4.0,6.0,18.272475748303947,31.30033897737643,3.0
6.0,53.0,383.0,9.399113744916466,403671000000.0,172118000000.0,39029342.0,7785786.0,1821148127062.0,395237640504.0,0.0,0.0,0.0,0.0,0.0,0.0,0.0,0.0,0.0,37.83798795,-120.7490147,47.23708702,-120.7324056,0.0,0.0,6.0,3.0,31.30033897737643,32.15883372214054,3.0
53.0,6.0,383.0,9.399113744916466,172118000000.0,403671000000.0,7785786.0,39029342.0,395237640504.0,1821148127062.0,0.0,0.0,0.0,0.0,0.0,0.0,0.0,0.0,0.0,47.23708702,-120.7324056,37.83798795,-120.7490147,0.0,0.0,3.0,6.0,32.15883372214054,31.30033897737643,3.0
6.0,53.0,112.0,9.399113744916466,403671000000.0,172118000000.0,39029342.0,7785786.0,1821148127062.0,395237640504.0,0.0,0.0,0.0,0.0,0.0,0.0,0.0,0.0,0.0,37.83798795,-120.7490147,47.23708702,-120.7324056,0.0,0.0,6.0,3.0,31.30033897737643,32.15883372214054,4.0
53.0,6.0,112.0,9.399113744916466,172118000000.0,403671000000.0,7785786.0,39029342.0,395237640504.0,1821148127062.0,0.0,0.0,0.0,0.0,0.0,0.0,0.0,0.0,0.0,47.23708702,-120.7324056,37.83798795,-120.7490147,0.0,0.0,3.0,6.0,32.15883372214054,31.30033897737643,4.0
6.0,55.0,107.0,31.666417746556792,403671000000.0,140292000000.0,39029342.0,5892539.0,1821148127062.0,236809357332.0,0.0,0.0,0.0,0.0,0.0,0.0,0.0,1.0,0.0,37.83798795,-120.7490147,44.40708334,-89.77145833,0.0,1.0,6.0,2.0,31.30033897737643,16.679272144208667,3.0
55.0,6.0,107.0,31.666417746556792,140292000000.0,403671000000.0,5892539.0,39029342.0,236809357332.0,1821148127062.0,0.0,0.0,0.0,0.0,0.0,0.0,0.0,1.0,0.0,44.40708334,-89.77145833,37.83798795,-120.7490147,1.0,0.0,2.0,6.0,16.679272144208667,31.30033897737643,3.0
8.0,4.0,7.0,7.957801889930292,268419000000.0,294361000000.0,5839926.0,7359197.0,286571008746.0,293035865343.0,0.0,1.0,26.315815029404327,26.408072742199746,26.315815029404327,26.408072742199746,2.0741528172402646,2.0,2.0,38.92883319,-105.4910899,33.67825359,-111.4708913,1.0,1.0,2.0,3.0,20.380646878843788,25.018609812195567,3.0
4.0,8.0,7.0,7.957801889930292,294361000000.0,268419000000.0,7359197.0,5839926.0,293035865343.0,286571008746.0,0.0,1.0,26.315815029404327,26.408072742199746,26.315815029404327,26.408072742199746,2.0741528172402646,2.0,2.0,33.67825359,-111.4708913,38.92883319,-105.4910899,1.0,1.0,3.0,2.0,25.018609812195567,20.380646878843788,3.0
8.0,8.0,5467.0,1.0,268419000000.0,268419000000.0,5839926.0,5839926.0,286571008746.0,286571008746.0,1.0,0.0,0.0,0.0,0.0,0.0,0.0,2.0,0.0,38.92883319,-105.4910899,38.92883319,-105.4910899,1.0,1.0,2.0,2.0,20.380646878843788,20.380646878843788,2.0
8.0,8.0,5467.0,1.0,268419000000.0,268419000000.0,5839926.0,5839926.0,286571008746.0,286571008746.0,1.0,0.0,0.0,0.0,0.0,0.0,0.0,2.0,0.0,38.92883319,-105.4910899,38.92883319,-105.4910899,1.0,1.0,2.0,2.0,20.380646878843788,20.380646878843788,2.0
8.0,16.0,8.0,10.438180890707894,268419000000.0,214050000000.0,5839926.0,1939033.0,286571008746.0,69766407340.0,0.0,0.0,0.0,0.0,0.0,0.0,0.0,2.0,0.0,38.92883319,-105.4910899,44.26668842,-114.4612026,1.0,1.0,2.0,1.0,20.380646878843788,26.571052736864967,4.0
16.0,8.0,8.0,10.438180890707894,214050000000.0,268419000000.0,1939033.0,5839926.0,69766407340.0,286571008746.0,0.0,0.0,0.0,0.0,0.0,0.0,0.0,2.0,0.0,44.26668842,-114.4612026,38.92883319,-105.4910899,1.0,1.0,1.0,2.0,26.571052736864967,20.380646878843788,4.0
8.0,19.0,1.0,12.41842039953935,268419000000.0,144660000000.0,5839926.0,3200517.0,286571008746.0,124554520089.0,0.0,0.0,0.0,0.0,0.0,0.0,0.0,2.0,0.0,38.92883319,-105.4910899,42.02990262,-93.4660937,1.0,1.0,2.0,1.0,20.380646878843788,16.209381226558154,3.0
19.0,8.0,1.0,12.41842039953935,144660000000.0,268419000000.0,3200517.0,5839926.0,124554520089.0,286571008746.0,0.0,0.0,0.0,0.0,0.0,0.0,0.0,2.0,0.0,42.02990262,-93.4660937,38.92883319,-105.4910899,1.0,1.0,1.0,2.0,16.209381226558154,20.380646878843788,3.0
8.0,20.0,6.0,7.41903083484661,268419000000.0,211754000000.0,5839926.0,2937150.0,286571008746.0,111373790850.0,0.0,1.0,26.315815029404327,26.078691060500866,26.315815029404327,25.697651998367547,2.0040484333985913,2.0,2.0,38.92883319,-105.4910899,38.48536567,-98.08532491,1.0,1.0,2.0,3.0,20.380646878843788,17.082248338214743,3.0
20.0,8.0,6.0,7.41903083484661,211754000000.0,268419000000.0,2937150.0,5839926.0,111373790850.0,286571008746.0,0.0,1.0,26.315815029404327,26.078691060500866,26.315815029404327,25.697651998367547,2.0040484333985913,2.0,2.0,38.48536567,-98.08532491,38.92883319,-105.4910899,1.0,1.0,3.0,2.0,17.082248338214743,20.380646878843788,3.0
8.0,20.0,28.0,7.41903083484661,268419000000.0,211754000000.0,5839926.0,2937150.0,286571008746.0,111373790850.0,0.0,1.0,26.315815029404327,26.078691060500866,26.315815029404327,25.697651998367547,2.0040484333985913,2.0,2.0,38.92883319,-105.4910899,38.48536567,-98.08532491,1.0,1.0,2.0,3.0,20.380646878843788,17.082248338214743,4.0
20.0,8.0,28.0,7.41903083484661,211754000000.0,268419000000.0,2937150.0,5839926.0,111373790850.0,286571008746.0,0.0,1.0,26.315815029404327,26.078691060500866,26.315815029404327,25.697651998367547,2.0040484333985913,2.0,2.0,38.48536567,-98.08532491,38.92883319,-105.4910899,1.0,1.0,3.0,2.0,17.082248338214743,20.380646878843788,4.0
8.0,29.0,156.0,13.019153829080965,268419000000.0,178053000000.0,5839926.0,6177957.0,286571008746.0,226360344480.0,0.0,0.0,0.0,0.0,0.0,0.0,0.0,2.0,0.0,38.92883319,-105.4910899,38.45001591,-92.480744,1.0,1.0,2.0,3.0,20.380646878843788,15.754454007112106,2.0
29.0,8.0,156.0,13.019153829080965,178053000000.0,268419000000.0,6177957.0,5839926.0,226360344480.0,286571008746.0,0.0,0.0,0.0,0.0,0.0,0.0,0.0,2.0,0.0,38.45001591,-92.480744,38.92883319,-105.4910899,1.0,1.0,3.0,2.0,15.754454007112106,20.380646878843788,2.0
8.0,31.0,47.0,6.884130788121394,268419000000.0,198957000000.0,5839926.0,1967923.0,286571008746.0,76743093231.0,0.0,1.0,26.315815029404327,26.01635455792016,26.315815029404327,26.65544205649895,1.9292188770243361,2.0,2.0,38.92883319,-105.4910899,41.32123795,-99.03604101,1.0,1.0,2.0,2.0,20.380646878843788,17.515895874182647,4.0
31.0,8.0,47.0,6.884130788121394,198957000000.0,268419000000.0,1967923.0,5839926.0,76743093231.0,286571008746.0,0.0,1.0,26.315815029404327,26.01635455792016,26.315815029404327,26.65544205649895,1.9292188770243361,2.0,2.0,41.32123795,-99.03604101,38.92883319,-105.4910899,1.0,1.0,2.0,2.0,17.515895874182647,20.380646878843788,4.0
8.0,35.0,53.0,4.401077913906652,268419000000.0,314199000000.0,5839926.0,2113344.0,286571008746.0,71676175104.0,0.0,1.0,26.315815029404327,26.47329238007668,26.315815029404327,23.670266671494115,1.481849491354739,2.0,2.0,38.92883319,-105.4910899,34.54561168,-105.8871404,1.0,1.0,2.0,1.0,20.380646878843788,21.339852695679816,3.0
35.0,8.0,53.0,4.401077913906652,314199000000.0,268419000000.0,2113344.0,5839926.0,71676175104.0,286571008746.0,0.0,1.0,26.315815029404327,26.47329238007668,26.315815029404327,23.670266671494115,1.481849491354739,2.0,2.0,34.54561168,-105.8871404,38.92883319,-105.4910899,1.0,1.0,1.0,2.0,21.339852695679816,20.380646878843788,3.0
8.0,35.0,46.0,4.401077913906652,268419000000.0,314199000000.0,5839926.0,2113344.0,286571008746.0,71676175104.0,0.0,1.0,26.315815029404327,26.47329238007668,26.315815029404327,23.670266671494115,1.481849491354739,2.0,2.0,38.92883319,-105.4910899,34.54561168,-105.8871404,1.0,1.0,2.0,1.0,20.380646878843788,21.339852695679816,4.0
35.0,8.0,46.0,4.401077913906652,314199000000.0,268419000000.0,2113344.0,5839926.0,71676175104.0,286571008746.0,0.0,1.0,26.315815029404327,26.47329238007668,26.315815029404327,23.670266671494115,1.481849491354739,2.0,2.0,34.54561168,-105.8871404,38.92883319,-105.4910899,1.0,1.0,1.0,2.0,21.339852695679816,20.380646878843788,4.0
8.0,41.0,48.0,16.934329252579474,268419000000.0,248628000000.0,5839926.0,4240137.0,286571008746.0,180095578938.0,0.0,0.0,0.0,0.0,0.0,0.0,0.0,1.0,0.0,38.92883319,-105.4910899,44.49389908,-121.4848871,1.0,0.0,2.0,2.0,20.380646878843788,32.15540936730309,4.0
41.0,8.0,48.0,16.934329252579474,248628000000.0,268419000000.0,4240137.0,5839926.0,180095578938.0,286571008746.0,0.0,0.0,0.0,0.0,0.0,0.0,0.0,1.0,0.0,44.49389908,-121.4848871,38.92883319,-105.4910899,0.0,1.0,2.0,2.0,32.15540936730309,20.380646878843788,4.0
8.0,49.0,73.0,6.149989900217047,268419000000.0,213355000000.0,5839926.0,3380800.0,286571008746.0,130208131200.0,0.0,1.0,26.315815029404327,26.0862232819749,26.315815029404327,27.240465802355804,1.8164504395759475,2.0,2.0,38.92883319,-105.4910899,39.63565035,-111.6003276,1.0,1.0,2.0,2.0,20.380646878843788,24.10238778282654,4.0
49.0,8.0,73.0,6.149989900217047,213355000000.0,268419000000.0,3380800.0,5839926.0,130208131200.0,286571008746.0,0.0,1.0,26.315815029404327,26.0862232819749,26.315815029404327,27.240465802355804,1.8164504395759475,2.0,2.0,39.63565035,-111.6003276,38.92883319,-105.4910899,1.0,1.0,2.0,2.0,24.10238778282654,20.380646878843788,4.0
8.0,53.0,109.0,17.35870922536512,268419000000.0,172118000000.0,5839926.0,7785786.0,286571008746.0,395237640504.0,0.0,0.0,0.0,0.0,0.0,0.0,0.0,1.0,0.0,38.92883319,-105.4910899,47.23708702,-120.7324056,1.0,0.0,2.0,3.0,20.380646878843788,32.15883372214054,4.0
53.0,8.0,109.0,17.35870922536512,172118000000.0,268419000000.0,7785786.0,5839926.0,395237640504.0,286571008746.0,0.0,0.0,0.0,0.0,0.0,0.0,0.0,1.0,0.0,47.23708702,-120.7324056,38.92883319,-105.4910899,0.0,1.0,3.0,2.0,32.15883372214054,20.380646878843788,4.0
8.0,56.0,41.0,4.474869636666574,268419000000.0,251459000000.0,5839926.0,581381.0,286571008746.0,22158755434.0,0.0,1.0,26.315815029404327,26.25054579132791,26.315815029404327,25.666991801759092,1.4984772198313325,2.0,2.0,38.92883319,-105.4910899,43.08797026,-107.1421614,1.0,1.0,2.0,1.0,20.380646878843788,21.60960275565295,4.0
56.0,8.0,41.0,4.474869636666574,251459000000.0,268419000000.0,581381.0,5839926.0,22158755434.0,286571008746.0,0.0,1.0,26.315815029404327,26.25054579132791,26.315815029404327,25.666991801759092,1.4984772198313325,2.0,2.0,43.08797026,-107.1421614,38.92883319,-105.4910899,1.0,1.0,1.0,2.0,21.60960275565295,20.380646878843788,4.0
9.0,9.0,108.0,1.0,12541688516.0,12541688516.0,3626205.0,3626205.0,187043280105.0,187043280105.0,1.0,0.0,0.0,0.0,0.0,0.0,0.0,0.0,0.0,41.59547524,-72.64983479,41.59547524,-72.64983479,0.0,0.0,3.0,3.0,22.075904617027604,22.075904617027604,3.0
9.0,9.0,108.0,1.0,12541688516.0,12541688516.0,3626205.0,3626205.0,187043280105.0,187043280105.0,1.0,0.0,0.0,0.0,0.0,0.0,0.0,0.0,0.0,41.59547524,-72.64983479,41.59547524,-72.64983479,0.0,0.0,3.0,3.0,22.075904617027604,22.075904617027604,3.0
9.0,33.0,3.0,2.163932647959131,12541688516.0,23190113978.0,3626205.0,1395231.0,187043280105.0,68758378911.0,0.0,0.0,0.0,0.0,0.0,0.0,0.0,0.0,0.0,41.59547524,-72.64983479,43.47455644,-71.57668133,0.0,0.0,3.0,2.0,22.075904617027604,23.322033096551305,4.0
33.0,9.0,3.0,2.163932647959131,23190113978.0,12541688516.0,1395231.0,3626205.0,68758378911.0,187043280105.0,0.0,0.0,0.0,0.0,0.0,0.0,0.0,0.0,0.0,43.47455644,-71.57668133,41.59547524,-72.64983479,0.0,0.0,2.0,3.0,23.322033096551305,22.075904617027604,4.0
9.0,34.0,34.0,2.369518341405069,12541688516.0,19048737655.0,3626205.0,9261699.0,187043280105.0,474865831128.0,0.0,0.0,0.0,0.0,0.0,0.0,0.0,0.0,0.0,41.59547524,-72.64983479,40.2804298,-74.62094429,0.0,0.0,3.0,2.0,22.075904617027604,20.49985798951152,3.0
34.0,9.0,34.0,2.369518341405069,19048737655.0,12541688516.0,9261699.0,3626205.0,474865831128.0,187043280105.0,0.0,0.0,0.0,0.0,0.0,0.0,0.0,0.0,0.0,40.2804298,-74.62094429,41.59547524,-72.64983479,0.0,0.0,2.0,3.0,20.49985798951152,22.075904617027604,3.0
9.0,34.0,5.0,2.369518341405069,12541688516.0,19048737655.0,3626205.0,9261699.0,187043280105.0,474865831128.0,0.0,0.0,0.0,0.0,0.0,0.0,0.0,0.0,0.0,41.59547524,-72.64983479,40.2804298,-74.62094429,0.0,0.0,3.0,2.0,22.075904617027604,20.49985798951152,4.0
34.0,9.0,5.0,2.369518341405069,19048737655.0,12541688516.0,9261699.0,3626205.0,474865831128.0,187043280105.0,0.0,0.0,0.0,0.0,0.0,0.0,0.0,0.0,0.0,40.2804298,-74.62094429,41.59547524,-72.64983479,0.0,0.0,2.0,3.0,20.49985798951152,22.075904617027604,4.0
9.0,36.0,45.0,2.985501210686477,12541688516.0,122050000000.0,3626205.0,19677151.0,187043280105.0,933110177571.0,0.0,1.0,23.25232401348536,25.52769663378538,23.25232401348536,26.47329238007668,1.0937676425270106,0.0,0.0,41.59547524,-72.64983479,42.55441095,-75.47714089,0.0,0.0,3.0,5.0,22.075904617027604,20.306235500394656,3.0
36.0,9.0,45.0,2.985501210686477,122050000000.0,12541688516.0,19677151.0,3626205.0,933110177571.0,187043280105.0,0.0,1.0,23.25232401348536,25.52769663378538,23.25232401348536,26.47329238007668,1.0937676425270106,0.0,0.0,42.55441095,-75.47714089,41.59547524,-72.64983479,0.0,0.0,5.0,3.0,20.306235500394656,22.075904617027604,3.0
10.0,10.0,15.0,1.0,5046731558.0,5046731558.0,1018396.0,1018396.0,43354136116.0,43354136116.0,1.0,0.0,0.0,0.0,0.0,0.0,0.0,0.0,0.0,39.11541037,-75.49471267,39.11541037,-75.49471267,0.0,0.0,2.0,2.0,19.894362036037933,19.894362036037933,3.0
10.0,10.0,15.0,1.0,5046731558.0,5046731558.0,1018396.0,1018396.0,43354136116.0,43354136116.0,1.0,0.0,0.0,0.0,0.0,0.0,0.0,0.0,0.0,39.11541037,-75.49471267,39.11541037,-75.49471267,0.0,0.0,2.0,2.0,19.894362036037933,19.894362036037933,3.0
10.0,10.0,1285.0,1.0,5046731558.0,5046731558.0,1018396.0,1018396.0,43354136116.0,43354136116.0,1.0,0.0,0.0,0.0,0.0,0.0,0.0,0.0,0.0,39.11541037,-75.49471267,39.11541037,-75.49471267,0.0,0.0,2.0,2.0,19.894362036037933,19.894362036037933,4.0
10.0,10.0,1285.0,1.0,5046731558.0,5046731558.0,1018396.0,1018396.0,43354136116.0,43354136116.0,1.0,0.0,0.0,0.0,0.0,0.0,0.0,0.0,0.0,39.11541037,-75.49471267,39.11541037,-75.49471267,0.0,0.0,2.0,2.0,19.894362036037933,19.894362036037933,4.0
10.0,24.0,755.0,1.1919362585117423,5046731558.0,25151895765.0,1018396.0,6164660.0,43354136116.0,303523199760.0,0.0,1.0,22.342006654461212,23.948199108981374,22.342006654461212,25.103896860357782,0.17557909281045045,0.0,0.0,39.11541037,-75.49471267,39.0026629,-76.68130445,0.0,0.0,2.0,3.0,19.894362036037933,19.12502906003085,4.0
24.0,10.0,755.0,1.1919362585117423,25151895765.0,5046731558.0,6164660.0,1018396.0,303523199760.0,43354136116.0,0.0,1.0,22.342006654461212,23.948199108981374,22.342006654461212,25.103896860357782,0.17557909281045045,0.0,0.0,39.0026629,-76.68130445,39.11541037,-75.49471267,0.0,0.0,3.0,2.0,19.12502906003085,19.894362036037933,4.0
12.0,1.0,37.0,5.623328405378858,138958000000.0,131175000000.0,22244823.0,5074296.0,895976980794.0,171394495992.0,0.0,1.0,25.65743756614471,25.599798146519188,18.880104376897247,25.599798146519188,1.7269237315489312,0.0,0.0,28.93181099,-82.70591607,32.87856631,-86.71153023,0.0,0.0,5.0,3.0,20.207697261419515,17.04356957796615,3.0
1.0,12.0,37.0,5.623328405378858,131175000000.0,138958000000.0,5074296.0,22244823.0,171394495992.0,895976980794.0,0.0,1.0,25.65743756614471,25.599798146519188,18.880104376897247,25.599798146519188,1.7269237315489312,0.0,0.0,32.87856631,-86.71153023,28.93181099,-82.70591607,0.0,0.0,3.0,5.0,17.04356957796615,20.207697261419515,3.0
12.0,6.0,135.0,39.07169488792037,138958000000.0,403671000000.0,22244823.0,39029342.0,895976980794.0,1821148127062.0,0.0,0.0,0.0,0.0,0.0,0.0,0.0,0.0,0.0,28.93181099,-82.70591607,37.83798795,-120.7490147,0.0,0.0,5.0,6.0,20.207697261419515,31.30033897737643,3.0
6.0,12.0,135.0,39.07169488792037,403671000000.0,138958000000.0,39029342.0,22244823.0,1821148127062.0,895976980794.0,0.0,0.0,0.0,0.0,0.0,0.0,0.0,0.0,0.0,37.83798795,-120.7490147,28.93181099,-82.70591607,0.0,0.0,6.0,5.0,31.30033897737643,20.207697261419515,3.0
12.0,6.0,3.0,39.07169488792037,138958000000.0,403671000000.0,22244823.0,39029342.0,895976980794.0,1821148127062.0,0.0,0.0,0.0,0.0,0.0,0.0,0.0,0.0,0.0,28.93181099,-82.70591607,37.83798795,-120.7490147,0.0,0.0,5.0,6.0,20.207697261419515,31.30033897737643,4.0
6.0,12.0,3.0,39.07169488792037,403671000000.0,138958000000.0,39029342.0,22244823.0,1821148127062.0,895976980794.0,0.0,0.0,0.0,0.0,0.0,0.0,0.0,0.0,0.0,37.83798795,-120.7490147,28.93181099,-82.70591607,0.0,0.0,6.0,5.0,31.30033897737643,20.207697261419515,4.0
12.0,8.0,4.0,24.881812621483387,138958000000.0,268419000000.0,22244823.0,5839926.0,895976980794.0,286571008746.0,0.0,0.0,0.0,0.0,0.0,0.0,0.0,1.0,0.0,28.93181099,-82.70591607,38.92883319,-105.4910899,0.0,1.0,5.0,2.0,20.207697261419515,20.380646878843788,3.0
8.0,12.0,4.0,24.881812621483387,268419000000.0,138958000000.0,5839926.0,22244823.0,286571008746.0,895976980794.0,0.0,0.0,0.0,0.0,0.0,0.0,0.0,1.0,0.0,38.92883319,-105.4910899,28.93181099,-82.70591607,1.0,0.0,2.0,5.0,20.380646878843788,20.207697261419515,3.0
12.0,12.0,1647.0,1.0,138958000000.0,138958000000.0,22244823.0,22244823.0,895976980794.0,895976980794.0,1.0,0.0,0.0,0.0,0.0,0.0,0.0,0.0,0.0,28.93181099,-82.70591607,28.93181099,-82.70591607,0.0,0.0,5.0,5.0,20.207697261419515,20.207697261419515,3.0
12.0,12.0,1647.0,1.0,138958000000.0,138958000000.0,22244823.0,22244823.0,895976980794.0,895976980794.0,1.0,0.0,0.0,0.0,0.0,0.0,0.0,0.0,0.0,28.93181099,-82.70591607,28.93181099,-82.70591607,0.0,0.0,5.0,5.0,20.207697261419515,20.207697261419515,3.0
12.0,12.0,1589.0,1.0,138958000000.0,138958000000.0,22244823.0,22244823.0,895976980794.0,895976980794.0,1.0,0.0,0.0,0.0,0.0,0.0,0.0,0.0,0.0,28.93181099,-82.70591607,28.93181099,-82.70591607,0.0,0.0,5.0,5.0,20.207697261419515,20.207697261419515,4.0
12.0,12.0,1589.0,1.0,138958000000.0,138958000000.0,22244823.0,22244823.0,895976980794.0,895976980794.0,1.0,0.0,0.0,0.0,0.0,0.0,0.0,0.0,0.0,28.93181099,-82.70591607,28.93181099,-82.70591607,0.0,0.0,5.0,5.0,20.207697261419515,20.207697261419515,4.0
12.0,18.0,4.0,11.45864334641579,138958000000.0,92788998225.0,22244823.0,6833037.0,895976980794.0,245880003408.0,0.0,0.0,0.0,0.0,0.0,0.0,0.0,1.0,0.0,28.93181099,-82.70591607,39.83861922,-86.21904026,0.0,1.0,5.0,4.0,20.207697261419515,15.783365211857229,3.0
18.0,12.0,4.0,11.45864334641579,92788998225.0,138958000000.0,6833037.0,22244823.0,245880003408.0,895976980794.0,0.0,0.0,0.0,0.0,0.0,0.0,0.0,1.0,0.0,39.83861922,-86.21904026,28.93181099,-82.70591607,1.0,0.0,4.0,5.0,15.783365211857229,20.207697261419515,3.0
12.0,25.0,6.0,17.32806167948705,138958000000.0,20204396898.0,22244823.0,6981974.0,895976980794.0,377201145350.0,0.0,0.0,0.0,0.0,0.0,0.0,0.0,0.0,0.0,28.93181099,-82.70591607,42.10673796,-71.45056086,0.0,0.0,5.0,2.0,20.207697261419515,23.121420198899447,3.0
25.0,12.0,6.0,17.32806167948705,20204396898.0,138958000000.0,6981974.0,22244823.0,377201145350.0,895976980794.0,0.0,0.0,0.0,0.0,0.0,0.0,0.0,0.0,0.0,42.10673796,-71.45056086,28.93181099,-82.70591607,0.0,0.0,2.0,5.0,23.121420198899447,20.207697261419515,3.0
12.0,26.0,36.0,15.321254831925197,138958000000.0,146615000000.0,22244823.0,10034118.0,895976980794.0,382811635818.0,0.0,0.0,0.0,0.0,0.0,0.0,0.0,1.0,0.0,28.93181099,-82.70591607,44.04901725,-85.19808872,0.0,1.0,5.0,3.0,20.207697261419515,17.01071464423954,3.0
26.0,12.0,36.0,15.321254831925197,146615000000.0,138958000000.0,10034118.0,22244823.0,382811635818.0,895976980794.0,0.0,0.0,0.0,0.0,0.0,0.0,0.0,1.0,0.0,44.04901725,-85.19808872,28.93181099,-82.70591607,1.0,0.0,3.0,5.0,17.01071464423954,20.207697261419515,3.0
12.0,26.0,3.0,15.321254831925197,138958000000.0,146615000000.0,22244823.0,10034118.0,895976980794.0,382811635818.0,0.0,0.0,0.0,0.0,0.0,0.0,0.0,1.0,0.0,28.93181099,-82.70591607,44.04901725,-85.19808872,0.0,1.0,5.0,3.0,20.207697261419515,17.01071464423954,4.0
26.0,12.0,3.0,15.321254831925197,146615000000.0,138958000000.0,10034118.0,22244823.0,382811635818.0,895976980794.0,0.0,0.0,0.0,0.0,0.0,0.0,0.0,1.0,0.0,44.04901725,-85.19808872,28.93181099,-82.70591607,1.0,0.0,3.0,5.0,17.01071464423954,20.207697261419515,4.0
12.0,38.0,5.0,25.46861596726722,138958000000.0,178698000000.0,22244823.0,779261.0,895976980794.0,32573109800.0,0.0,0.0,0.0,0.0,0.0,0.0,0.0,1.0,0.0,28.93181099,-82.70591607,47.39323862,-100.2508894,0.0,1.0,5.0,1.0,20.207697261419515,19.833784382087305,4.0
38.0,12.0,5.0,25.46861596726722,178698000000.0,138958000000.0,779261.0,22244823.0,32573109800.0,895976980794.0,0.0,0.0,0.0,0.0,0.0,0.0,0.0,1.0,0.0,47.39323862,-100.2508894,28.93181099,-82.70591607,1.0,0.0,1.0,5.0,19.833784382087305,20.207697261419515,4.0
12.0,40.0,4.0,15.962231202353673,138958000000.0,177664000000.0,22244823.0,4019800.0,895976980794.0,132372014000.0,0.0,0.0,0.0,0.0,0.0,0.0,0.0,1.0,0.0,28.93181099,-82.70591607,35.50185248,-97.25333439,0.0,1.0,5.0,3.0,20.207697261419515,17.275428672333067,3.0
40.0,12.0,4.0,15.962231202353673,177664000000.0,138958000000.0,4019800.0,22244823.0,132372014000.0,895976980794.0,0.0,0.0,0.0,0.0,0.0,0.0,0.0,1.0,0.0,35.50185248,-97.25333439,28.93181099,-82.70591607,1.0,0.0,3.0,5.0,17.275428672333067,20.207697261419515,3.0
12.0,42.0,29.0,12.931606983885374,138958000000.0,115882000000.0,22244823.0,12972008.0,895976980794.0,538195639912.0,0.0,0.0,0.0,0.0,0.0,0.0,0.0,1.0,0.0,28.93181099,-82.70591607,40.82029613,-77.61765701,0.0,1.0,5.0,4.0,20.207697261419515,18.7216652918346,3.0
42.0,12.0,29.0,12.931606983885374,115882000000.0,138958000000.0,12972008.0,22244823.0,538195639912.0,895976980794.0,0.0,0.0,0.0,0.0,0.0,0.0,0.0,1.0,0.0,40.82029613,-77.61765701,28.93181099,-82.70591607,1.0,0.0,4.0,5.0,18.7216652918346,20.207697261419515,3.0
12.0,45.0,79.0,5.311272981967224,138958000000.0,77866132568.0,22244823.0,5282634.0,895976980794.0,193740601950.0,0.0,0.0,0.0,0.0,0.0,0.0,0.0,0.0,0.0,28.93181099,-82.70591607,33.95498444,-80.98041638,0.0,0.0,5.0,3.0,20.207697261419515,18.14651779597172,3.0
45.0,12.0,79.0,5.311272981967224,77866132568.0,138958000000.0,5282634.0,22244823.0,193740601950.0,895976980794.0,0.0,0.0,0.0,0.0,0.0,0.0,0.0,0.0,0.0,33.95498444,-80.98041638,28.93181099,-82.70591607,0.0,0.0,3.0,5.0,18.14651779597172,20.207697261419515,3.0
12.0,49.0,3.0,30.813295745662813,138958000000.0,213355000000.0,22244823.0,3380800.0,895976980794.0,130208131200.0,0.0,0.0,0.0,0.0,0.0,0.0,0.0,1.0,0.0,28.93181099,-82.70591607,39.63565035,-111.6003276,0.0,1.0,5.0,2.0,20.207697261419515,24.10238778282654,3.0
49.0,12.0,3.0,30.813295745662813,213355000000.0,138958000000.0,3380800.0,22244823.0,130208131200.0,895976980794.0,0.0,0.0,0.0,0.0,0.0,0.0,0.0,1.0,0.0,39.63565035,-111.6003276,28.93181099,-82.70591607,1.0,0.0,2.0,5.0,24.10238778282654,20.207697261419515,3.0
12.0,51.0,15.0,9.598047041678088,138958000000.0,102258000000.0,22244823.0,8683619.0,895976980794.0,409858133181.0,0.0,0.0,0.0,0.0,0.0,0.0,0.0,0.0,0.0,28.93181099,-82.70591607,37.56542632,-78.51268422,0.0,0.0,5.0,4.0,20.207697261419515,18.272475748303947,3.0
51.0,12.0,15.0,9.598047041678088,102258000000.0,138958000000.0,8683619.0,22244823.0,409858133181.0,895976980794.0,0.0,0.0,0.0,0.0,0.0,0.0,0.0,0.0,0.0,37.56542632,-78.51268422,28.93181099,-82.70591607,0.0,0.0,4.0,5.0,18.272475748303947,20.207697261419515,3.0
12.0,53.0,25.0,42.20304534639287,138958000000.0,172118000000.0,22244823.0,7785786.0,895976980794.0,395237640504.0,0.0,0.0,0.0,0.0,0.0,0.0,0.0,0.0,0.0,28.93181099,-82.70591607,47.23708702,-120.7324056,0.0,0.0,5.0,3.0,20.207697261419515,32.15883372214054,3.0
53.0,12.0,25.0,42.20304534639287,172118000000.0,138958000000.0,7785786.0,22244823.0,395237640504.0,895976980794.0,0.0,0.0,0.0,0.0,0.0,0.0,0.0,0.0,0.0,47.23708702,-120.7324056,28.93181099,-82.70591607,0.0,0.0,3.0,5.0,32.15883372214054,20.207697261419515,3.0
12.0,53.0,2.0,42.20304534639287,138958000000.0,172118000000.0,22244823.0,7785786.0,895976980794.0,395237640504.0,0.0,0.0,0.0,0.0,0.0,0.0,0.0,0.0,0.0,28.93181099,-82.70591607,47.23708702,-120.7324056,0.0,0.0,5.0,3.0,20.207697261419515,32.15883372214054,4.0
53.0,12.0,2.0,42.20304534639287,172118000000.0,138958000000.0,7785786.0,22244823.0,395237640504.0,895976980794.0,0.0,0.0,0.0,0.0,0.0,0.0,0.0,0.0,0.0,47.23708702,-120.7324056,28.93181099,-82.70591607,0.0,0.0,3.0,5.0,32.15883372214054,20.207697261419515,4.0
12.0,56.0,1.0,28.240519313666205,138958000000.0,251459000000.0,22244823.0,581381.0,895976980794.0,22158755434.0,0.0,0.0,0.0,0.0,0.0,0.0,0.0,1.0,0.0,28.93181099,-82.70591607,43.08797026,-107.1421614,0.0,1.0,5.0,1.0,20.207697261419515,21.60960275565295,3.0
56.0,12.0,1.0,28.240519313666205,251459000000.0,138958000000.0,581381.0,22244823.0,22158755434.0,895976980794.0,0.0,0.0,0.0,0.0,0.0,0.0,0.0,1.0,0.0,43.08797026,-107.1421614,28.93181099,-82.70591607,1.0,0.0,1.0,5.0,21.60960275565295,20.207697261419515,3.0
13.0,1.0,1.0,3.1360020090872895,149486000000.0,131175000000.0,10912876.0,5074296.0,418814355128.0,171394495992.0,0.0,1.0,25.73046857990719,25.599798146519188,25.65743756614471,25.599798146519188,1.142948743140791,0.0,0.0,32.8067682,-83.57635023,32.87856631,-86.71153023,0.0,0.0,3.0,3.0,17.725298242771597,17.04356957796615,2.0
1.0,13.0,1.0,3.1360020090872895,131175000000.0,149486000000.0,5074296.0,10912876.0,171394495992.0,418814355128.0,0.0,1.0,25.73046857990719,25.599798146519188,25.65743756614471,25.599798146519188,1.142948743140791,0.0,0.0,32.87856631,-86.71153023,32.8067682,-83.57635023,0.0,0.0,3.0,3.0,17.04356957796615,17.725298242771597,2.0
13.0,1.0,98.0,3.1360020090872895,149486000000.0,131175000000.0,10912876.0,5074296.0,418814355128.0,171394495992.0,0.0,1.0,25.73046857990719,25.599798146519188,25.65743756614471,25.599798146519188,1.142948743140791,0.0,0.0,32.8067682,-83.57635023,32.87856631,-86.71153023,0.0,0.0,3.0,3.0,17.725298242771597,17.04356957796615,4.0
1.0,13.0,98.0,3.1360020090872895,131175000000.0,149486000000.0,5074296.0,10912876.0,171394495992.0,418814355128.0,0.0,1.0,25.73046857990719,25.599798146519188,25.65743756614471,25.599798146519188,1.142948743140791,0.0,0.0,32.87856631,-86.71153023,32.8067682,-83.57635023,0.0,0.0,3.0,3.0,17.04356957796615,17.725298242771597,4.0
13.0,12.0,2.0,3.9715172171634743,149486000000.0,138958000000.0,10912876.0,22244823.0,418814355128.0,895976980794.0,0.0,1.0,25.73046857990719,25.65743756614471,25.65743756614471,18.880104376897247,1.3791481922606719,0.0,0.0,32.8067682,-83.57635023,28.93181099,-82.70591607,0.0,0.0,3.0,5.0,17.725298242771597,20.207697261419515,2.0
12.0,13.0,2.0,3.9715172171634743,138958000000.0,149486000000.0,22244823.0,10912876.0,895976980794.0,418814355128.0,0.0,1.0,25.73046857990719,25.65743756614471,25.65743756614471,18.880104376897247,1.3791481922606719,0.0,0.0,28.93181099,-82.70591607,32.8067682,-83.57635023,0.0,0.0,5.0,3.0,20.207697261419515,17.725298242771597,2.0
13.0,12.0,210.0,3.9715172171634743,149486000000.0,138958000000.0,10912876.0,22244823.0,418814355128.0,895976980794.0,0.0,1.0,25.73046857990719,25.65743756614471,25.65743756614471,18.880104376897247,1.3791481922606719,0.0,0.0,32.8067682,-83.57635023,28.93181099,-82.70591607,0.0,0.0,3.0,5.0,17.725298242771597,20.207697261419515,4.0
12.0,13.0,210.0,3.9715172171634743,138958000000.0,149486000000.0,22244823.0,10912876.0,895976980794.0,418814355128.0,0.0,1.0,25.73046857990719,25.65743756614471,25.65743756614471,18.880104376897247,1.3791481922606719,0.0,0.0,28.93181099,-82.70591607,32.8067682,-83.57635023,0.0,0.0,5.0,3.0,20.207697261419515,17.725298242771597,4.0
13.0,13.0,3446.0,1.0,149486000000.0,149486000000.0,10912876.0,10912876.0,418814355128.0,418814355128.0,1.0,0.0,0.0,0.0,0.0,0.0,0.0,0.0,0.0,32.8067682,-83.57635023,32.8067682,-83.57635023,0.0,0.0,3.0,3.0,17.725298242771597,17.725298242771597,3.0
13.0,13.0,3446.0,1.0,149486000000.0,149486000000.0,10912876.0,10912876.0,418814355128.0,418814355128.0,1.0,0.0,0.0,0.0,0.0,0.0,0.0,0.0,0.0,32.8067682,-83.57635023,32.8067682,-83.57635023,0.0,0.0,3.0,3.0,17.725298242771597,17.725298242771597,3.0
13.0,19.0,10.0,13.523063056563641,149486000000.0,144660000000.0,10912876.0,3200517.0,418814355128.0,124554520089.0,0.0,0.0,0.0,0.0,0.0,0.0,0.0,1.0,0.0,32.8067682,-83.57635023,42.02990262,-93.4660937,0.0,1.0,3.0,1.0,17.725298242771597,16.209381226558154,4.0
19.0,13.0,10.0,13.523063056563641,144660000000.0,149486000000.0,3200517.0,10912876.0,124554520089.0,418814355128.0,0.0,0.0,0.0,0.0,0.0,0.0,0.0,1.0,0.0,42.02990262,-93.4660937,32.8067682,-83.57635023,1.0,0.0,1.0,3.0,16.209381226558154,17.725298242771597,4.0
13.0,21.0,80.0,5.081884650858871,149486000000.0,102283000000.0,10912876.0,4512310.0,418814355128.0,153328293800.0,0.0,0.0,0.0,0.0,0.0,0.0,0.0,1.0,0.0,32.8067682,-83.57635023,37.62171898,-85.20171191,0.0,1.0,3.0,3.0,17.725298242771597,15.95009217326982,4.0
21.0,13.0,80.0,5.081884650858871,102283000000.0,149486000000.0,4512310.0,10912876.0,153328293800.0,418814355128.0,0.0,0.0,0.0,0.0,0.0,0.0,0.0,1.0,0.0,37.62171898,-85.20171191,32.8067682,-83.57635023,1.0,0.0,3.0,3.0,15.95009217326982,17.725298242771597,4.0
13.0,22.0,7.0,8.421684519154095,149486000000.0,111914000000.0,10912876.0,4590241.0,418814355128.0,147672643211.0,0.0,0.0,0.0,0.0,0.0,0.0,0.0,0.0,0.0,32.8067682,-83.57635023,31.0806972,-91.81925318,0.0,0.0,3.0,4.0,17.725298242771597,17.88009549830889,4.0
22.0,13.0,7.0,8.421684519154095,111914000000.0,149486000000.0,4590241.0,10912876.0,147672643211.0,418814355128.0,0.0,0.0,0.0,0.0,0.0,0.0,0.0,0.0,0.0,31.0806972,-91.81925318,32.8067682,-83.57635023,0.0,0.0,4.0,3.0,17.88009549830889,17.725298242771597,4.0
13.0,28.0,19.0,6.069798338603941,149486000000.0,121532000000.0,10912876.0,2940057.0,418814355128.0,85393955565.0,0.0,0.0,0.0,0.0,0.0,0.0,0.0,0.0,0.0,32.8067682,-83.57635023,32.79092429,-89.64612789,0.0,0.0,3.0,1.0,17.725298242771597,16.911601448146733,4.0
28.0,13.0,19.0,6.069798338603941,121532000000.0,149486000000.0,2940057.0,10912876.0,85393955565.0,418814355128.0,0.0,0.0,0.0,0.0,0.0,0.0,0.0,0.0,0.0,32.79092429,-89.64612789,32.8067682,-83.57635023,0.0,0.0,1.0,3.0,16.911601448146733,17.725298242771597,4.0
13.0,29.0,1.0,10.542033633395171,149486000000.0,178053000000.0,10912876.0,6177957.0,418814355128.0,226360344480.0,0.0,0.0,0.0,0.0,0.0,0.0,0.0,1.0,0.0,32.8067682,-83.57635023,38.45001591,-92.480744,0.0,1.0,3.0,3.0,17.725298242771597,15.754454007112106,4.0
29.0,13.0,1.0,10.542033633395171,178053000000.0,149486000000.0,6177957.0,10912876.0,226360344480.0,418814355128.0,0.0,0.0,0.0,0.0,0.0,0.0,0.0,1.0,0.0,38.45001591,-92.480744,32.8067682,-83.57635023,1.0,0.0,3.0,3.0,15.754454007112106,17.725298242771597,4.0
13.0,42.0,22.0,9.986123110344879,149486000000.0,115882000000.0,10912876.0,12972008.0,418814355128.0,538195639912.0,0.0,0.0,0.0,0.0,0.0,0.0,0.0,1.0,0.0,32.8067682,-83.57635023,40.82029613,-77.61765701,0.0,1.0,3.0,4.0,17.725298242771597,18.7216652918346,4.0
42.0,13.0,22.0,9.986123110344879,115882000000.0,149486000000.0,12972008.0,10912876.0,538195639912.0,418814355128.0,0.0,0.0,0.0,0.0,0.0,0.0,0.0,1.0,0.0,40.82029613,-77.61765701,32.8067682,-83.57635023,1.0,0.0,4.0,3.0,18.7216652918346,17.725298242771597,4.0
13.0,45.0,1.0,2.8385336156853236,149486000000.0,77866132568.0,10912876.0,5282634.0,418814355128.0,193740601950.0,0.0,1.0,25.73046857990719,25.078256940065014,25.65743756614471,21.708246169418885,1.0432875863224165,0.0,0.0,32.8067682,-83.57635023,33.95498444,-80.98041638,0.0,0.0,3.0,3.0,17.725298242771597,18.14651779597172,2.0
45.0,13.0,1.0,2.8385336156853236,77866132568.0,149486000000.0,5282634.0,10912876.0,193740601950.0,418814355128.0,0.0,1.0,25.73046857990719,25.078256940065014,25.65743756614471,21.708246169418885,1.0432875863224165,0.0,0.0,33.95498444,-80.98041638,32.8067682,-83.57635023,0.0,0.0,3.0,3.0,18.14651779597172,17.725298242771597,2.0
13.0,45.0,55.0,2.8385336156853236,149486000000.0,77866132568.0,10912876.0,5282634.0,418814355128.0,193740601950.0,0.0,1.0,25.73046857990719,25.078256940065014,25.65743756614471,21.708246169418885,1.0432875863224165,0.0,0.0,32.8067682,-83.57635023,33.95498444,-80.98041638,0.0,0.0,3.0,3.0,17.725298242771597,18.14651779597172,3.0
45.0,13.0,55.0,2.8385336156853236,77866132568.0,149486000000.0,5282634.0,10912876.0,193740601950.0,418814355128.0,0.0,1.0,25.73046857990719,25.078256940065014,25.65743756614471,21.708246169418885,1.0432875863224165,0.0,0.0,33.95498444,-80.98041638,32.8067682,-83.57635023,0.0,0.0,3.0,3.0,18.14651779597172,17.725298242771597,3.0
13.0,47.0,1.0,3.985747702147753,149486000000.0,106792000000.0,10912876.0,7051339.0,418814355128.0,258812346656.0,0.0,1.0,25.73046857990719,25.394148854299843,25.65743756614471,25.975141280048376,1.3827249237882684,1.0,1.0,32.8067682,-83.57635023,35.88471808,-86.10862377,0.0,1.0,3.0,4.0,17.725298242771597,16.086867263002663,2.0
47.0,13.0,1.0,3.985747702147753,106792000000.0,149486000000.0,7051339.0,10912876.0,258812346656.0,418814355128.0,0.0,1.0,25.73046857990719,25.394148854299843,25.65743756614471,25.975141280048376,1.3827249237882684,1.0,1.0,35.88471808,-86.10862377,32.8067682,-83.57635023,1.0,0.0,4.0,3.0,16.086867263002663,17.725298242771597,2.0
13.0,51.0,4.0,6.948779789565309,149486000000.0,102258000000.0,10912876.0,8683619.0,418814355128.0,409858133181.0,0.0,0.0,0.0,0.0,0.0,0.0,0.0,0.0,0.0,32.8067682,-83.57635023,37.56542632,-78.51268422,0.0,0.0,3.0,4.0,17.725298242771597,18.272475748303947,4.0
51.0,13.0,4.0,6.948779789565309,102258000000.0,149486000000.0,8683619.0,10912876.0,409858133181.0,418814355128.0,0.0,0.0,0.0,0.0,0.0,0.0,0.0,0.0,0.0,37.56542632,-78.51268422,32.8067682,-83.57635023,0.0,0.0,4.0,3.0,18.272475748303947,17.725298242771597,4.0
15.0,15.0,110.0,1.0,16634147166.0,16634147166.0,1440196.0,1440196.0,61510771160.0,61510771160.0,1.0,0.0,0.0,0.0,0.0,0.0,0.0,0.0,0.0,21.02917264,-157.3971885,21.02917264,-157.3971885,0.0,0.0,2.0,2.0,68.81173863166698,68.81173863166698,3.0
15.0,15.0,110.0,1.0,16634147166.0,16634147166.0,1440196.0,1440196.0,61510771160.0,61510771160.0,1.0,0.0,0.0,0.0,0.0,0.0,0.0,0.0,0.0,21.02917264,-157.3971885,21.02917264,-157.3971885,0.0,0.0,2.0,2.0,68.81173863166698,68.81173863166698,3.0
16.0,1.0,72.0,29.99556036873811,214050000000.0,131175000000.0,1939033.0,5074296.0,69766407340.0,171394495992.0,0.0,0.0,0.0,0.0,0.0,0.0,0.0,1.0,0.0,44.26668842,-114.4612026,32.87856631,-86.71153023,1.0,0.0,1.0,3.0,26.571052736864967,17.04356957796615,3.0
1.0,16.0,72.0,29.99556036873811,131175000000.0,214050000000.0,5074296.0,1939033.0,171394495992.0,69766407340.0,0.0,0.0,0.0,0.0,0.0,0.0,0.0,1.0,0.0,32.87856631,-86.71153023,44.26668842,-114.4612026,0.0,1.0,3.0,1.0,17.04356957796615,26.571052736864967,3.0
16.0,6.0,1196.0,8.992484124972632,214050000000.0,403671000000.0,1939033.0,39029342.0,69766407340.0,1821148127062.0,0.0,0.0,0.0,0.0,0.0,0.0,0.0,1.0,0.0,44.26668842,-114.4612026,37.83798795,-120.7490147,1.0,0.0,1.0,6.0,26.571052736864967,31.30033897737643,3.0
6.0,16.0,1196.0,8.992484124972632,403671000000.0,214050000000.0,39029342.0,1939033.0,1821148127062.0,69766407340.0,0.0,0.0,0.0,0.0,0.0,0.0,0.0,1.0,0.0,37.83798795,-120.7490147,44.26668842,-114.4612026,0.0,1.0,6.0,1.0,31.30033897737643,26.571052736864967,3.0
16.0,6.0,123.0,8.992484124972632,214050000000.0,403671000000.0,1939033.0,39029342.0,69766407340.0,1821148127062.0,0.0,0.0,0.0,0.0,0.0,0.0,0.0,1.0,0.0,44.26668842,-114.4612026,37.83798795,-120.7490147,1.0,0.0,1.0,6.0,26.571052736864967,31.30033897737643,4.0
6.0,16.0,123.0,8.992484124972632,403671000000.0,214050000000.0,39029342.0,1939033.0,1821148127062.0,69766407340.0,0.0,0.0,0.0,0.0,0.0,0.0,0.0,1.0,0.0,37.83798795,-120.7490147,44.26668842,-114.4612026,0.0,1.0,6.0,1.0,31.30033897737643,26.571052736864967,4.0
16.0,8.0,46.0,10.438180890707894,214050000000.0,268419000000.0,1939033.0,5839926.0,69766407340.0,286571008746.0,0.0,0.0,0.0,0.0,0.0,0.0,0.0,2.0,0.0,44.26668842,-114.4612026,38.92883319,-105.4910899,1.0,1.0,1.0,2.0,26.571052736864967,20.380646878843788,3.0
8.0,16.0,46.0,10.438180890707894,268419000000.0,214050000000.0,5839926.0,1939033.0,286571008746.0,69766407340.0,0.0,0.0,0.0,0.0,0.0,0.0,0.0,2.0,0.0,38.92883319,-105.4910899,44.26668842,-114.4612026,1.0,1.0,2.0,1.0,20.380646878843788,26.571052736864967,3.0
16.0,13.0,115.0,32.94243277849192,214050000000.0,149486000000.0,1939033.0,10912876.0,69766407340.0,418814355128.0,0.0,0.0,0.0,0.0,0.0,0.0,0.0,1.0,0.0,44.26668842,-114.4612026,32.8067682,-83.57635023,1.0,0.0,1.0,3.0,26.571052736864967,17.725298242771597,3.0
13.0,16.0,115.0,32.94243277849192,149486000000.0,214050000000.0,10912876.0,1939033.0,418814355128.0,69766407340.0,0.0,0.0,0.0,0.0,0.0,0.0,0.0,1.0,0.0,32.8067682,-83.57635023,44.26668842,-114.4612026,0.0,1.0,3.0,1.0,17.725298242771597,26.571052736864967,3.0
16.0,18.0,47.0,28.58719172074974,214050000000.0,92788998225.0,1939033.0,6833037.0,69766407340.0,245880003408.0,0.0,0.0,0.0,0.0,0.0,0.0,0.0,2.0,0.0,44.26668842,-114.4612026,39.83861922,-86.21904026,1.0,1.0,1.0,4.0,26.571052736864967,15.783365211857229,3.0
18.0,16.0,47.0,28.58719172074974,92788998225.0,214050000000.0,6833037.0,1939033.0,245880003408.0,69766407340.0,0.0,0.0,0.0,0.0,0.0,0.0,0.0,2.0,0.0,39.83861922,-86.21904026,44.26668842,-114.4612026,1.0,1.0,4.0,1.0,15.783365211857229,26.571052736864967,3.0
16.0,19.0,10.0,21.11392451530365,214050000000.0,144660000000.0,1939033.0,3200517.0,69766407340.0,124554520089.0,0.0,0.0,0.0,0.0,0.0,0.0,0.0,2.0,0.0,44.26668842,-114.4612026,42.02990262,-93.4660937,1.0,1.0,1.0,1.0,26.571052736864967,16.209381226558154,3.0
19.0,16.0,10.0,21.11392451530365,144660000000.0,214050000000.0,3200517.0,1939033.0,124554520089.0,69766407340.0,0.0,0.0,0.0,0.0,0.0,0.0,0.0,2.0,0.0,42.02990262,-93.4660937,44.26668842,-114.4612026,1.0,1.0,1.0,1.0,16.209381226558154,26.571052736864967,3.0
16.0,20.0,21.0,17.366434949565992,214050000000.0,211754000000.0,1939033.0,2937150.0,69766407340.0,111373790850.0,0.0,0.0,0.0,0.0,0.0,0.0,0.0,2.0,0.0,44.26668842,-114.4612026,38.48536567,-98.08532491,1.0,1.0,1.0,3.0,26.571052736864967,17.082248338214743,3.0
20.0,16.0,21.0,17.366434949565992,211754000000.0,214050000000.0,2937150.0,1939033.0,111373790850.0,69766407340.0,0.0,0.0,0.0,0.0,0.0,0.0,0.0,2.0,0.0,38.48536567,-98.08532491,44.26668842,-114.4612026,1.0,1.0,3.0,1.0,17.082248338214743,26.571052736864967,3.0
16.0,22.0,62.0,26.201683877028877,214050000000.0,111914000000.0,1939033.0,4590241.0,69766407340.0,147672643211.0,0.0,0.0,0.0,0.0,0.0,0.0,0.0,1.0,0.0,44.26668842,-114.4612026,31.0806972,-91.81925318,1.0,0.0,1.0,4.0,26.571052736864967,17.88009549830889,3.0
22.0,16.0,62.0,26.201683877028877,111914000000.0,214050000000.0,4590241.0,1939033.0,147672643211.0,69766407340.0,0.0,0.0,0.0,0.0,0.0,0.0,0.0,1.0,0.0,31.0806972,-91.81925318,44.26668842,-114.4612026,0.0,1.0,4.0,1.0,17.88009549830889,26.571052736864967,3.0
16.0,24.0,54.0,38.144864253259364,214050000000.0,25151895765.0,1939033.0,6164660.0,69766407340.0,303523199760.0,0.0,0.0,0.0,0.0,0.0,0.0,0.0,1.0,0.0,44.26668842,-114.4612026,39.0026629,-76.68130445,1.0,0.0,1.0,3.0,26.571052736864967,19.12502906003085,3.0
24.0,16.0,54.0,38.144864253259364,25151895765.0,214050000000.0,6164660.0,1939033.0,303523199760.0,69766407340.0,0.0,0.0,0.0,0.0,0.0,0.0,0.0,1.0,0.0,39.0026629,-76.68130445,44.26668842,-114.4612026,0.0,1.0,3.0,1.0,19.12502906003085,26.571052736864967,3.0
16.0,25.0,44.0,43.064842840492105,214050000000.0,20204396898.0,1939033.0,6981974.0,69766407340.0,377201145350.0,0.0,0.0,0.0,0.0,0.0,0.0,0.0,1.0,0.0,44.26668842,-114.4612026,42.10673796,-71.45056086,1.0,0.0,1.0,2.0,26.571052736864967,23.121420198899447,3.0
25.0,16.0,44.0,43.064842840492105,20204396898.0,214050000000.0,6981974.0,1939033.0,377201145350.0,69766407340.0,0.0,0.0,0.0,0.0,0.0,0.0,0.0,1.0,0.0,42.10673796,-71.45056086,44.26668842,-114.4612026,0.0,1.0,2.0,1.0,23.121420198899447,26.571052736864967,3.0
16.0,26.0,233.0,29.26392343299335,214050000000.0,146615000000.0,1939033.0,10034118.0,69766407340.0,382811635818.0,0.0,0.0,0.0,0.0,0.0,0.0,0.0,2.0,0.0,44.26668842,-114.4612026,44.04901725,-85.19808872,1.0,1.0,1.0,3.0,26.571052736864967,17.01071464423954,3.0
26.0,16.0,233.0,29.26392343299335,146615000000.0,214050000000.0,10034118.0,1939033.0,382811635818.0,69766407340.0,0.0,0.0,0.0,0.0,0.0,0.0,0.0,2.0,0.0,44.04901725,-85.19808872,44.26668842,-114.4612026,1.0,1.0,3.0,1.0,17.01071464423954,26.571052736864967,3.0
16.0,27.0,98.0,20.070232918243466,214050000000.0,206232000000.0,1939033.0,5717184.0,69766407340.0,257393340864.0,0.0,0.0,0.0,0.0,0.0,0.0,0.0,2.0,0.0,44.26668842,-114.4612026,45.54670036,-94.4318287,1.0,1.0,1.0,2.0,26.571052736864967,17.499573988722897,2.0
27.0,16.0,98.0,20.070232918243466,206232000000.0,214050000000.0,5717184.0,1939033.0,257393340864.0,69766407340.0,0.0,0.0,0.0,0.0,0.0,0.0,0.0,2.0,0.0,45.54670036,-94.4318287,44.26668842,-114.4612026,1.0,1.0,2.0,1.0,17.499573988722897,26.571052736864967,2.0
16.0,28.0,65.0,27.34010049780863,214050000000.0,121532000000.0,1939033.0,2940057.0,69766407340.0,85393955565.0,0.0,0.0,0.0,0.0,0.0,0.0,0.0,1.0,0.0,44.26668842,-114.4612026,32.79092429,-89.64612789,1.0,0.0,1.0,1.0,26.571052736864967,16.911601448146733,3.0
28.0,16.0,65.0,27.34010049780863,121532000000.0,214050000000.0,2940057.0,1939033.0,85393955565.0,69766407340.0,0.0,0.0,0.0,0.0,0.0,0.0,0.0,1.0,0.0,32.79092429,-89.64612789,44.26668842,-114.4612026,0.0,1.0,1.0,1.0,16.911601448146733,26.571052736864967,3.0
16.0,29.0,211.0,22.73706751880953,214050000000.0,178053000000.0,1939033.0,6177957.0,69766407340.0,226360344480.0,0.0,0.0,0.0,0.0,0.0,0.0,0.0,2.0,0.0,44.26668842,-114.4612026,38.45001591,-92.480744,1.0,1.0,1.0,3.0,26.571052736864967,15.754454007112106,3.0
29.0,16.0,211.0,22.73706751880953,178053000000.0,214050000000.0,6177957.0,1939033.0,226360344480.0,69766407340.0,0.0,0.0,0.0,0.0,0.0,0.0,0.0,2.0,0.0,38.45001591,-92.480744,44.26668842,-114.4612026,1.0,1.0,3.0,1.0,15.754454007112106,26.571052736864967,3.0
16.0,32.0,19.0,5.8993104270810175,214050000000.0,284537000000.0,1939033.0,3177772.0,69766407340.0,121336868276.0,0.0,1.0,26.089475469537366,26.374129134780752,23.53472347765448,26.01635455792016,1.774835467315123,2.0,2.0,44.26668842,-114.4612026,39.24605215,-117.5587944,1.0,1.0,1.0,2.0,26.571052736864967,28.534917328530877,3.0
32.0,16.0,19.0,5.8993104270810175,284537000000.0,214050000000.0,3177772.0,1939033.0,121336868276.0,69766407340.0,0.0,1.0,26.089475469537366,26.374129134780752,23.53472347765448,26.01635455792016,1.774835467315123,2.0,2.0,39.24605215,-117.5587944,44.26668842,-114.4612026,1.0,1.0,2.0,1.0,28.534917328530877,26.571052736864967,3.0
16.0,33.0,3.0,42.89183649170108,214050000000.0,23190113978.0,1939033.0,1395231.0,69766407340.0,68758378911.0,0.0,0.0,0.0,0.0,0.0,0.0,0.0,1.0,0.0,44.26668842,-114.4612026,43.47455644,-71.57668133,1.0,0.0,1.0,2.0,26.571052736864967,23.322033096551305,3.0
33.0,16.0,3.0,42.89183649170108,23190113978.0,214050000000.0,1395231.0,1939033.0,68758378911.0,69766407340.0,0.0,0.0,0.0,0.0,0.0,0.0,0.0,1.0,0.0,43.47455644,-71.57668133,44.26668842,-114.4612026,0.0,1.0,2.0,1.0,23.322033096551305,26.571052736864967,3.0
16.0,37.0,130.0,36.01169606805763,214050000000.0,125933000000.0,1939033.0,10698973.0,69766407340.0,414060954073.0,0.0,0.0,0.0,0.0,0.0,0.0,0.0,1.0,0.0,44.26668842,-114.4612026,35.62288795,-79.50227002,1.0,0.0,1.0,4.0,26.571052736864967,18.22812437748468,3.0
37.0,16.0,130.0,36.01169606805763,125933000000.0,214050000000.0,10698973.0,1939033.0,414060954073.0,69766407340.0,0.0,0.0,0.0,0.0,0.0,0.0,0.0,1.0,0.0,35.62288795,-79.50227002,44.26668842,-114.4612026,0.0,1.0,4.0,1.0,18.22812437748468,26.571052736864967,3.0
16.0,39.0,212.0,31.875503776055183,214050000000.0,105824000000.0,1939033.0,11756058.0,69766407340.0,445930792056.0,0.0,0.0,0.0,0.0,0.0,0.0,0.0,2.0,0.0,44.26668842,-114.4612026,40.31742129,-82.83129539,1.0,1.0,1.0,5.0,26.571052736864967,16.574187523725264,3.0
39.0,16.0,212.0,31.875503776055183,105824000000.0,214050000000.0,11756058.0,1939033.0,445930792056.0,69766407340.0,0.0,0.0,0.0,0.0,0.0,0.0,0.0,2.0,0.0,40.31742129,-82.83129539,44.26668842,-114.4612026,1.0,1.0,5.0,1.0,16.574187523725264,26.571052736864967,3.0
16.0,41.0,93.0,7.027358581967901,214050000000.0,248628000000.0,1939033.0,4240137.0,69766407340.0,180095578938.0,0.0,1.0,26.089475469537366,26.239223640412757,23.53472347765448,25.903159962950642,1.949810900076738,1.0,1.0,44.26668842,-114.4612026,44.49389908,-121.4848871,1.0,0.0,1.0,2.0,26.571052736864967,32.15540936730309,4.0
41.0,16.0,93.0,7.027358581967901,248628000000.0,214050000000.0,4240137.0,1939033.0,180095578938.0,69766407340.0,0.0,1.0,26.089475469537366,26.239223640412757,23.53472347765448,25.903159962950642,1.949810900076738,1.0,1.0,44.49389908,-121.4848871,44.26668842,-114.4612026,0.0,1.0,2.0,1.0,32.15540936730309,26.571052736864967,4.0
16.0,42.0,185.0,37.00438448966527,214050000000.0,115882000000.0,1939033.0,12972008.0,69766407340.0,538195639912.0,0.0,0.0,0.0,0.0,0.0,0.0,0.0,2.0,0.0,44.26668842,-114.4612026,40.82029613,-77.61765701,1.0,1.0,1.0,4.0,26.571052736864967,18.7216652918346,3.0
42.0,16.0,185.0,37.00438448966527,115882000000.0,214050000000.0,12972008.0,1939033.0,538195639912.0,69766407340.0,0.0,0.0,0.0,0.0,0.0,0.0,0.0,2.0,0.0,40.82029613,-77.61765701,44.26668842,-114.4612026,1.0,1.0,4.0,1.0,18.7216652918346,26.571052736864967,3.0
16.0,45.0,80.0,35.03276016645691,214050000000.0,77866132568.0,1939033.0,5282634.0,69766407340.0,193740601950.0,0.0,0.0,0.0,0.0,0.0,0.0,0.0,1.0,0.0,44.26668842,-114.4612026,33.95498444,-80.98041638,1.0,0.0,1.0,3.0,26.571052736864967,18.14651779597172,3.0
45.0,16.0,80.0,35.03276016645691,77866132568.0,214050000000.0,5282634.0,1939033.0,193740601950.0,69766407340.0,0.0,0.0,0.0,0.0,0.0,0.0,0.0,1.0,0.0,33.95498444,-80.98041638,44.26668842,-114.4612026,0.0,1.0,3.0,1.0,18.14651779597172,26.571052736864967,3.0
16.0,48.0,320.0,20.22119415444823,214050000000.0,676681000000.0,1939033.0,30029572.0,69766407340.0,1144817373356.0,0.0,0.0,0.0,0.0,0.0,0.0,0.0,1.0,0.0,44.26668842,-114.4612026,31.65818605,-98.65226965,1.0,0.0,1.0,9.0,26.571052736864967,19.151923784122165,3.0
48.0,16.0,320.0,20.22119415444823,676681000000.0,214050000000.0,30029572.0,1939033.0,1144817373356.0,69766407340.0,0.0,0.0,0.0,0.0,0.0,0.0,0.0,1.0,0.0,31.65818605,-98.65226965,44.26668842,-114.4612026,0.0,1.0,9.0,1.0,19.151923784122165,26.571052736864967,3.0
16.0,49.0,5.0,5.443447379318947,214050000000.0,213355000000.0,1939033.0,3380800.0,69766407340.0,130208131200.0,0.0,1.0,26.089475469537366,26.0862232819749,23.53472347765448,27.240465802355804,1.6944125695924477,2.0,2.0,44.26668842,-114.4612026,39.63565035,-111.6003276,1.0,1.0,1.0,2.0,26.571052736864967,24.10238778282654,2.0
49.0,16.0,5.0,5.443447379318947,213355000000.0,214050000000.0,3380800.0,1939033.0,130208131200.0,69766407340.0,0.0,1.0,26.089475469537366,26.0862232819749,23.53472347765448,27.240465802355804,1.6944125695924477,2.0,2.0,39.63565035,-111.6003276,44.26668842,-114.4612026,1.0,1.0,2.0,1.0,24.10238778282654,26.571052736864967,2.0
16.0,49.0,98.0,5.443447379318947,214050000000.0,213355000000.0,1939033.0,3380800.0,69766407340.0,130208131200.0,0.0,1.0,26.089475469537366,26.0862232819749,23.53472347765448,27.240465802355804,1.6944125695924477,2.0,2.0,44.26668842,-114.4612026,39.63565035,-111.6003276,1.0,1.0,1.0,2.0,26.571052736864967,24.10238778282654,3.0
49.0,16.0,98.0,5.443447379318947,213355000000.0,214050000000.0,3380800.0,1939033.0,130208131200.0,69766407340.0,0.0,1.0,26.089475469537366,26.0862232819749,23.53472347765448,27.240465802355804,1.6944125695924477,2.0,2.0,39.63565035,-111.6003276,44.26668842,-114.4612026,1.0,1.0,2.0,1.0,24.10238778282654,26.571052736864967,3.0
16.0,53.0,281.0,6.939110527300391,214050000000.0,172118000000.0,1939033.0,7785786.0,69766407340.0,395237640504.0,0.0,1.0,26.089475469537366,25.87144612504916,23.53472347765448,25.350764868417567,1.9371736002096929,1.0,1.0,44.26668842,-114.4612026,47.23708702,-120.7324056,1.0,0.0,1.0,3.0,26.571052736864967,32.15883372214054,4.0
53.0,16.0,281.0,6.939110527300391,172118000000.0,214050000000.0,7785786.0,1939033.0,395237640504.0,69766407340.0,0.0,1.0,26.089475469537366,25.87144612504916,23.53472347765448,25.350764868417567,1.9371736002096929,1.0,1.0,47.23708702,-120.7324056,44.26668842,-114.4612026,0.0,1.0,3.0,1.0,32.15883372214054,26.571052736864967,4.0
16.0,55.0,110.0,24.690143435216395,214050000000.0,140292000000.0,1939033.0,5892539.0,69766407340.0,236809357332.0,0.0,0.0,0.0,0.0,0.0,0.0,0.0,2.0,0.0,44.26668842,-114.4612026,44.40708334,-89.77145833,1.0,1.0,1.0,2.0,26.571052736864967,16.679272144208667,3.0
55.0,16.0,110.0,24.690143435216395,140292000000.0,214050000000.0,5892539.0,1939033.0,236809357332.0,69766407340.0,0.0,0.0,0.0,0.0,0.0,0.0,0.0,2.0,0.0,44.40708334,-89.77145833,44.26668842,-114.4612026,1.0,1.0,2.0,1.0,16.679272144208667,26.571052736864967,3.0
16.0,56.0,1.0,7.413348810626075,214050000000.0,251459000000.0,1939033.0,581381.0,69766407340.0,22158755434.0,0.0,1.0,26.089475469537366,26.25054579132791,23.53472347765448,25.666991801759092,2.003282268476401,2.0,2.0,44.26668842,-114.4612026,43.08797026,-107.1421614,1.0,1.0,1.0,1.0,26.571052736864967,21.60960275565295,3.0
56.0,16.0,1.0,7.413348810626075,251459000000.0,214050000000.0,581381.0,1939033.0,22158755434.0,69766407340.0,0.0,1.0,26.089475469537366,26.25054579132791,23.53472347765448,25.666991801759092,2.003282268476401,2.0,2.0,43.08797026,-107.1421614,44.26668842,-114.4612026,1.0,1.0,1.0,1.0,21.60960275565295,26.571052736864967,3.0
16.0,56.0,4.0,7.413348810626075,214050000000.0,251459000000.0,1939033.0,581381.0,69766407340.0,22158755434.0,0.0,1.0,26.089475469537366,26.25054579132791,23.53472347765448,25.666991801759092,2.003282268476401,2.0,2.0,44.26668842,-114.4612026,43.08797026,-107.1421614,1.0,1.0,1.0,1.0,26.571052736864967,21.60960275565295,4.0
56.0,16.0,4.0,7.413348810626075,251459000000.0,214050000000.0,581381.0,1939033.0,22158755434.0,69766407340.0,0.0,1.0,26.089475469537366,26.25054579132791,23.53472347765448,25.666991801759092,2.003282268476401,2.0,2.0,43.08797026,-107.1421614,44.26668842,-114.4612026,1.0,1.0,1.0,1.0,21.60960275565295,26.571052736864967,4.0
17.0,5.0,36.0,5.910851406100429,143778000000.0,134661000000.0,12582032.0,3045637.0,545015880144.0,95572089060.0,0.0,0.0,0.0,0.0,0.0,0.0,0.0,2.0,0.0,39.84225886,-89.17445102,34.91154416,-92.43423888,1.0,1.0,3.0,1.0,15.57382644068607,16.34192872200948,4.0
5.0,17.0,36.0,5.910851406100429,134661000000.0,143778000000.0,3045637.0,12582032.0,95572089060.0,545015880144.0,0.0,0.0,0.0,0.0,0.0,0.0,0.0,2.0,0.0,34.91154416,-92.43423888,39.84225886,-89.17445102,1.0,1.0,1.0,3.0,16.34192872200948,15.57382644068607,4.0
17.0,6.0,2738.0,31.63811267226677,143778000000.0,403671000000.0,12582032.0,39029342.0,545015880144.0,1821148127062.0,0.0,0.0,0.0,0.0,0.0,0.0,0.0,1.0,0.0,39.84225886,-89.17445102,37.83798795,-120.7490147,1.0,0.0,3.0,6.0,15.57382644068607,31.30033897737643,3.0
6.0,17.0,2738.0,31.63811267226677,403671000000.0,143778000000.0,39029342.0,12582032.0,1821148127062.0,545015880144.0,0.0,0.0,0.0,0.0,0.0,0.0,0.0,1.0,0.0,37.83798795,-120.7490147,39.84225886,-89.17445102,0.0,1.0,6.0,3.0,31.30033897737643,15.57382644068607,3.0
17.0,6.0,2374.0,31.63811267226677,143778000000.0,403671000000.0,12582032.0,39029342.0,545015880144.0,1821148127062.0,0.0,0.0,0.0,0.0,0.0,0.0,0.0,1.0,0.0,39.84225886,-89.17445102,37.83798795,-120.7490147,1.0,0.0,3.0,6.0,15.57382644068607,31.30033897737643,4.0
6.0,17.0,2374.0,31.63811267226677,403671000000.0,143778000000.0,39029342.0,12582032.0,1821148127062.0,545015880144.0,0.0,0.0,0.0,0.0,0.0,0.0,0.0,1.0,0.0,37.83798795,-120.7490147,39.84225886,-89.17445102,0.0,1.0,6.0,3.0,31.30033897737643,15.57382644068607,4.0
17.0,12.0,177.0,12.68384078752801,143778000000.0,138958000000.0,12582032.0,22244823.0,545015880144.0,895976980794.0,0.0,0.0,0.0,0.0,0.0,0.0,0.0,1.0,0.0,39.84225886,-89.17445102,28.93181099,-82.70591607,1.0,0.0,3.0,5.0,15.57382644068607,20.207697261419515,2.0
12.0,17.0,177.0,12.68384078752801,138958000000.0,143778000000.0,22244823.0,12582032.0,895976980794.0,545015880144.0,0.0,0.0,0.0,0.0,0.0,0.0,0.0,1.0,0.0,28.93181099,-82.70591607,39.84225886,-89.17445102,0.0,1.0,5.0,3.0,20.207697261419515,15.57382644068607,2.0
17.0,12.0,45.0,12.68384078752801,143778000000.0,138958000000.0,12582032.0,22244823.0,545015880144.0,895976980794.0,0.0,0.0,0.0,0.0,0.0,0.0,0.0,1.0,0.0,39.84225886,-89.17445102,28.93181099,-82.70591607,1.0,0.0,3.0,5.0,15.57382644068607,20.207697261419515,3.0
12.0,17.0,45.0,12.68384078752801,138958000000.0,143778000000.0,22244823.0,12582032.0,895976980794.0,545015880144.0,0.0,0.0,0.0,0.0,0.0,0.0,0.0,1.0,0.0,28.93181099,-82.70591607,39.84225886,-89.17445102,0.0,1.0,5.0,3.0,20.207697261419515,15.57382644068607,3.0
17.0,13.0,6.0,8.990932169800077,143778000000.0,149486000000.0,12582032.0,10912876.0,545015880144.0,418814355128.0,0.0,0.0,0.0,0.0,0.0,0.0,0.0,1.0,0.0,39.84225886,-89.17445102,32.8067682,-83.57635023,1.0,0.0,3.0,3.0,15.57382644068607,17.725298242771597,3.0
13.0,17.0,6.0,8.990932169800077,149486000000.0,143778000000.0,10912876.0,12582032.0,418814355128.0,545015880144.0,0.0,0.0,0.0,0.0,0.0,0.0,0.0,1.0,0.0,32.8067682,-83.57635023,39.84225886,-89.17445102,0.0,1.0,3.0,3.0,17.725298242771597,15.57382644068607,3.0
17.0,17.0,30122.0,1.0,143778000000.0,143778000000.0,12582032.0,12582032.0,545015880144.0,545015880144.0,1.0,0.0,0.0,0.0,0.0,0.0,0.0,2.0,0.0,39.84225886,-89.17445102,39.84225886,-89.17445102,1.0,1.0,3.0,3.0,15.57382644068607,15.57382644068607,2.0
17.0,17.0,30122.0,1.0,143778000000.0,143778000000.0,12582032.0,12582032.0,545015880144.0,545015880144.0,1.0,0.0,0.0,0.0,0.0,0.0,0.0,2.0,0.0,39.84225886,-89.17445102,39.84225886,-89.17445102,1.0,1.0,3.0,3.0,15.57382644068607,15.57382644068607,2.0
17.0,17.0,13137.0,1.0,143778000000.0,143778000000.0,12582032.0,12582032.0,545015880144.0,545015880144.0,1.0,0.0,0.0,0.0,0.0,0.0,0.0,2.0,0.0,39.84225886,-89.17445102,39.84225886,-89.17445102,1.0,1.0,3.0,3.0,15.57382644068607,15.57382644068607,3.0
17.0,17.0,13137.0,1.0,143778000000.0,143778000000.0,12582032.0,12582032.0,545015880144.0,545015880144.0,1.0,0.0,0.0,0.0,0.0,0.0,0.0,2.0,0.0,39.84225886,-89.17445102,39.84225886,-89.17445102,1.0,1.0,3.0,3.0,15.57382644068607,15.57382644068607,3.0
17.0,17.0,9395.0,1.0,143778000000.0,143778000000.0,12582032.0,12582032.0,545015880144.0,545015880144.0,1.0,0.0,0.0,0.0,0.0,0.0,0.0,2.0,0.0,39.84225886,-89.17445102,39.84225886,-89.17445102,1.0,1.0,3.0,3.0,15.57382644068607,15.57382644068607,4.0
17.0,17.0,9395.0,1.0,143778000000.0,143778000000.0,12582032.0,12582032.0,545015880144.0,545015880144.0,1.0,0.0,0.0,0.0,0.0,0.0,0.0,2.0,0.0,39.84225886,-89.17445102,39.84225886,-89.17445102,1.0,1.0,3.0,3.0,15.57382644068607,15.57382644068607,4.0
17.0,18.0,34.0,2.9554130011392905,143778000000.0,92788998225.0,12582032.0,6833037.0,545015880144.0,245880003408.0,0.0,1.0,25.6915362802649,25.253593916100616,26.089475469537366,25.6915362802649,1.0836384045909675,2.0,2.0,39.84225886,-89.17445102,39.83861922,-86.21904026,1.0,1.0,3.0,4.0,15.57382644068607,15.783365211857229,3.0
18.0,17.0,34.0,2.9554130011392905,92788998225.0,143778000000.0,6833037.0,12582032.0,245880003408.0,545015880144.0,0.0,1.0,25.6915362802649,25.253593916100616,26.089475469537366,25.6915362802649,1.0836384045909675,2.0,2.0,39.83861922,-86.21904026,39.84225886,-89.17445102,1.0,1.0,4.0,3.0,15.783365211857229,15.57382644068607,3.0
17.0,18.0,426.0,2.9554130011392905,143778000000.0,92788998225.0,12582032.0,6833037.0,545015880144.0,245880003408.0,0.0,1.0,25.6915362802649,25.253593916100616,26.089475469537366,25.6915362802649,1.0836384045909675,2.0,2.0,39.84225886,-89.17445102,39.83861922,-86.21904026,1.0,1.0,3.0,4.0,15.57382644068607,15.783365211857229,4.0
18.0,17.0,426.0,2.9554130011392905,92788998225.0,143778000000.0,6833037.0,12582032.0,245880003408.0,545015880144.0,0.0,1.0,25.6915362802649,25.253593916100616,26.089475469537366,25.6915362802649,1.0836384045909675,2.0,2.0,39.83861922,-86.21904026,39.84225886,-89.17445102,1.0,1.0,4.0,3.0,15.783365211857229,15.57382644068607,4.0
17.0,19.0,368.0,4.817051184434776,143778000000.0,144660000000.0,12582032.0,3200517.0,545015880144.0,124554520089.0,0.0,1.0,25.6915362802649,25.697651998367547,26.089475469537366,25.253593916100616,1.5721619533825326,2.0,2.0,39.84225886,-89.17445102,42.02990262,-93.4660937,1.0,1.0,3.0,1.0,15.57382644068607,16.209381226558154,4.0
19.0,17.0,368.0,4.817051184434776,144660000000.0,143778000000.0,3200517.0,12582032.0,124554520089.0,545015880144.0,0.0,1.0,25.6915362802649,25.697651998367547,26.089475469537366,25.253593916100616,1.5721619533825326,2.0,2.0,42.02990262,-93.4660937,39.84225886,-89.17445102,1.0,1.0,1.0,3.0,16.209381226558154,15.57382644068607,4.0
17.0,20.0,253.0,9.013591549019289,143778000000.0,211754000000.0,12582032.0,2937150.0,545015880144.0,111373790850.0,0.0,0.0,0.0,0.0,0.0,0.0,0.0,2.0,0.0,39.84225886,-89.17445102,38.48536567,-98.08532491,1.0,1.0,3.0,3.0,15.57382644068607,17.082248338214743,4.0
20.0,17.0,253.0,9.013591549019289,211754000000.0,143778000000.0,2937150.0,12582032.0,111373790850.0,545015880144.0,0.0,0.0,0.0,0.0,0.0,0.0,0.0,2.0,0.0,38.48536567,-98.08532491,39.84225886,-89.17445102,1.0,1.0,3.0,3.0,17.082248338214743,15.57382644068607,4.0
17.0,21.0,229.0,4.551203510588608,143778000000.0,102283000000.0,12582032.0,4512310.0,545015880144.0,153328293800.0,0.0,1.0,25.6915362802649,25.3510093181868,26.089475469537366,26.078691060500866,1.5153917058085047,2.0,2.0,39.84225886,-89.17445102,37.62171898,-85.20171191,1.0,1.0,3.0,3.0,15.57382644068607,15.95009217326982,4.0
21.0,17.0,229.0,4.551203510588608,102283000000.0,143778000000.0,4512310.0,12582032.0,153328293800.0,545015880144.0,0.0,1.0,25.6915362802649,25.3510093181868,26.089475469537366,26.078691060500866,1.5153917058085047,2.0,2.0,37.62171898,-85.20171191,39.84225886,-89.17445102,1.0,1.0,3.0,3.0,15.95009217326982,15.57382644068607,4.0
17.0,22.0,11494.0,9.152045737840401,143778000000.0,111914000000.0,12582032.0,4590241.0,545015880144.0,147672643211.0,0.0,0.0,0.0,0.0,0.0,0.0,0.0,1.0,0.0,39.84225886,-89.17445102,31.0806972,-91.81925318,1.0,0.0,3.0,4.0,15.57382644068607,17.88009549830889,2.0
22.0,17.0,11494.0,9.152045737840401,111914000000.0,143778000000.0,4590241.0,12582032.0,147672643211.0,545015880144.0,0.0,0.0,0.0,0.0,0.0,0.0,0.0,1.0,0.0,31.0806972,-91.81925318,39.84225886,-89.17445102,0.0,1.0,4.0,3.0,17.88009549830889,15.57382644068607,2.0
17.0,22.0,6257.0,9.152045737840401,143778000000.0,111914000000.0,12582032.0,4590241.0,545015880144.0,147672643211.0,0.0,0.0,0.0,0.0,0.0,0.0,0.0,1.0,0.0,39.84225886,-89.17445102,31.0806972,-91.81925318,1.0,0.0,3.0,4.0,15.57382644068607,17.88009549830889,3.0
22.0,17.0,6257.0,9.152045737840401,111914000000.0,143778000000.0,4590241.0,12582032.0,147672643211.0,545015880144.0,0.0,0.0,0.0,0.0,0.0,0.0,0.0,1.0,0.0,31.0806972,-91.81925318,39.84225886,-89.17445102,0.0,1.0,4.0,3.0,17.88009549830889,15.57382644068607,3.0
17.0,22.0,1692.0,9.152045737840401,143778000000.0,111914000000.0,12582032.0,4590241.0,545015880144.0,147672643211.0,0.0,0.0,0.0,0.0,0.0,0.0,0.0,1.0,0.0,39.84225886,-89.17445102,31.0806972,-91.81925318,1.0,0.0,3.0,4.0,15.57382644068607,17.88009549830889,4.0
22.0,17.0,1692.0,9.152045737840401,111914000000.0,143778000000.0,4590241.0,12582032.0,147672643211.0,545015880144.0,0.0,0.0,0.0,0.0,0.0,0.0,0.0,1.0,0.0,31.0806972,-91.81925318,39.84225886,-89.17445102,0.0,1.0,4.0,3.0,17.88009549830889,15.57382644068607,4.0
17.0,26.0,46.0,5.788633110907678,143778000000.0,146615000000.0,12582032.0,10034118.0,545015880144.0,382811635818.0,0.0,0.0,0.0,0.0,0.0,0.0,0.0,2.0,0.0,39.84225886,-89.17445102,44.04901725,-85.19808872,1.0,1.0,3.0,3.0,15.57382644068607,17.01071464423954,3.0
26.0,17.0,46.0,5.788633110907678,146615000000.0,143778000000.0,10034118.0,12582032.0,382811635818.0,545015880144.0,0.0,0.0,0.0,0.0,0.0,0.0,0.0,2.0,0.0,44.04901725,-85.19808872,39.84225886,-89.17445102,1.0,1.0,3.0,3.0,17.01071464423954,15.57382644068607,3.0
17.0,27.0,469.0,7.757620311479826,143778000000.0,206232000000.0,12582032.0,5717184.0,545015880144.0,257393340864.0,0.0,0.0,0.0,0.0,0.0,0.0,0.0,2.0,0.0,39.84225886,-89.17445102,45.54670036,-94.4318287,1.0,1.0,3.0,2.0,15.57382644068607,17.499573988722897,4.0
27.0,17.0,469.0,7.757620311479826,206232000000.0,143778000000.0,5717184.0,12582032.0,257393340864.0,545015880144.0,0.0,0.0,0.0,0.0,0.0,0.0,0.0,2.0,0.0,45.54670036,-94.4318287,39.84225886,-89.17445102,1.0,1.0,2.0,3.0,17.499573988722897,15.57382644068607,4.0
17.0,29.0,571.0,3.587466195160863,143778000000.0,178053000000.0,12582032.0,6177957.0,545015880144.0,226360344480.0,0.0,1.0,25.6915362802649,25.905347095727915,26.089475469537366,25.52344343953564,1.2774461580896674,2.0,2.0,39.84225886,-89.17445102,38.45001591,-92.480744,1.0,1.0,3.0,3.0,15.57382644068607,15.754454007112106,4.0
29.0,17.0,571.0,3.587466195160863,178053000000.0,143778000000.0,6177957.0,12582032.0,226360344480.0,545015880144.0,0.0,1.0,25.6915362802649,25.905347095727915,26.089475469537366,25.52344343953564,1.2774461580896674,2.0,2.0,38.45001591,-92.480744,39.84225886,-89.17445102,1.0,1.0,3.0,3.0,15.754454007112106,15.57382644068607,4.0
17.0,31.0,3.0,9.97187726957795,143778000000.0,198957000000.0,12582032.0,1967923.0,545015880144.0,76743093231.0,0.0,0.0,0.0,0.0,0.0,0.0,0.0,2.0,0.0,39.84225886,-89.17445102,41.32123795,-99.03604101,1.0,1.0,3.0,2.0,15.57382644068607,17.515895874182647,3.0
31.0,17.0,3.0,9.97187726957795,198957000000.0,143778000000.0,1967923.0,12582032.0,76743093231.0,545015880144.0,0.0,0.0,0.0,0.0,0.0,0.0,0.0,2.0,0.0,41.32123795,-99.03604101,39.84225886,-89.17445102,1.0,1.0,2.0,3.0,17.515895874182647,15.57382644068607,3.0
17.0,34.0,4.0,14.560101370279536,143778000000.0,19048737655.0,12582032.0,9261699.0,545015880144.0,474865831128.0,0.0,0.0,0.0,0.0,0.0,0.0,0.0,1.0,0.0,39.84225886,-89.17445102,40.2804298,-74.62094429,1.0,0.0,3.0,2.0,15.57382644068607,20.49985798951152,3.0
34.0,17.0,4.0,14.560101370279536,19048737655.0,143778000000.0,9261699.0,12582032.0,474865831128.0,545015880144.0,0.0,0.0,0.0,0.0,0.0,0.0,0.0,1.0,0.0,40.2804298,-74.62094429,39.84225886,-89.17445102,0.0,1.0,2.0,3.0,20.49985798951152,15.57382644068607,3.0
17.0,35.0,466.0,17.53192680973106,143778000000.0,314199000000.0,12582032.0,2113344.0,545015880144.0,71676175104.0,0.0,0.0,0.0,0.0,0.0,0.0,0.0,2.0,0.0,39.84225886,-89.17445102,34.54561168,-105.8871404,1.0,1.0,3.0,1.0,15.57382644068607,21.339852695679816,2.0
35.0,17.0,466.0,17.53192680973106,314199000000.0,143778000000.0,2113344.0,12582032.0,71676175104.0,545015880144.0,0.0,0.0,0.0,0.0,0.0,0.0,0.0,2.0,0.0,34.54561168,-105.8871404,39.84225886,-89.17445102,1.0,1.0,1.0,3.0,21.339852695679816,15.57382644068607,2.0
17.0,35.0,25.0,17.53192680973106,143778000000.0,314199000000.0,12582032.0,2113344.0,545015880144.0,71676175104.0,0.0,0.0,0.0,0.0,0.0,0.0,0.0,2.0,0.0,39.84225886,-89.17445102,34.54561168,-105.8871404,1.0,1.0,3.0,1.0,15.57382644068607,21.339852695679816,4.0
35.0,17.0,25.0,17.53192680973106,314199000000.0,143778000000.0,2113344.0,12582032.0,71676175104.0,545015880144.0,0.0,0.0,0.0,0.0,0.0,0.0,0.0,2.0,0.0,34.54561168,-105.8871404,39.84225886,-89.17445102,1.0,1.0,1.0,3.0,21.339852695679816,15.57382644068607,4.0
17.0,37.0,8.0,10.552448823515583,143778000000.0,125933000000.0,12582032.0,10698973.0,545015880144.0,414060954073.0,0.0,0.0,0.0,0.0,0.0,0.0,0.0,1.0,0.0,39.84225886,-89.17445102,35.62288795,-79.50227002,1.0,0.0,3.0,4.0,15.57382644068607,18.22812437748468,3.0
37.0,17.0,8.0,10.552448823515583,125933000000.0,143778000000.0,10698973.0,12582032.0,414060954073.0,545015880144.0,0.0,0.0,0.0,0.0,0.0,0.0,0.0,1.0,0.0,35.62288795,-79.50227002,39.84225886,-89.17445102,0.0,1.0,4.0,3.0,18.22812437748468,15.57382644068607,3.0
17.0,39.0,47.0,6.3609278160724605,143778000000.0,105824000000.0,12582032.0,11756058.0,545015880144.0,445930792056.0,0.0,0.0,0.0,0.0,0.0,0.0,0.0,2.0,0.0,39.84225886,-89.17445102,40.31742129,-82.83129539,1.0,1.0,3.0,5.0,15.57382644068607,16.574187523725264,3.0
39.0,17.0,47.0,6.3609278160724605,105824000000.0,143778000000.0,11756058.0,12582032.0,445930792056.0,545015880144.0,0.0,0.0,0.0,0.0,0.0,0.0,0.0,2.0,0.0,40.31742129,-82.83129539,39.84225886,-89.17445102,1.0,1.0,5.0,3.0,16.574187523725264,15.57382644068607,3.0
17.0,42.0,42.0,11.598105219865918,143778000000.0,115882000000.0,12582032.0,12972008.0,545015880144.0,538195639912.0,0.0,0.0,0.0,0.0,0.0,0.0,0.0,2.0,0.0,39.84225886,-89.17445102,40.82029613,-77.61765701,1.0,1.0,3.0,4.0,15.57382644068607,18.7216652918346,3.0
42.0,17.0,42.0,11.598105219865918,115882000000.0,143778000000.0,12972008.0,12582032.0,538195639912.0,545015880144.0,0.0,0.0,0.0,0.0,0.0,0.0,0.0,2.0,0.0,40.82029613,-77.61765701,39.84225886,-89.17445102,1.0,1.0,4.0,3.0,18.7216652918346,15.57382644068607,3.0
17.0,42.0,69.0,11.598105219865918,143778000000.0,115882000000.0,12582032.0,12972008.0,545015880144.0,538195639912.0,0.0,0.0,0.0,0.0,0.0,0.0,0.0,2.0,0.0,39.84225886,-89.17445102,40.82029613,-77.61765701,1.0,1.0,3.0,4.0,15.57382644068607,18.7216652918346,4.0
42.0,17.0,69.0,11.598105219865918,115882000000.0,143778000000.0,12972008.0,12582032.0,538195639912.0,545015880144.0,0.0,0.0,0.0,0.0,0.0,0.0,0.0,2.0,0.0,40.82029613,-77.61765701,39.84225886,-89.17445102,1.0,1.0,4.0,3.0,18.7216652918346,15.57382644068607,4.0
17.0,46.0,1.0,11.019218486129937,143778000000.0,190924000000.0,12582032.0,909824.0,545015880144.0,34225759232.0,0.0,0.0,0.0,0.0,0.0,0.0,0.0,2.0,0.0,39.84225886,-89.17445102,44.28529801,-99.25822904,1.0,1.0,3.0,1.0,15.57382644068607,18.25127287589671,4.0
46.0,17.0,1.0,11.019218486129937,190924000000.0,143778000000.0,909824.0,12582032.0,34225759232.0,545015880144.0,0.0,0.0,0.0,0.0,0.0,0.0,0.0,2.0,0.0,44.28529801,-99.25822904,39.84225886,-89.17445102,1.0,1.0,1.0,3.0,18.25127287589671,15.57382644068607,4.0
17.0,47.0,10.0,5.006138806725765,143778000000.0,106792000000.0,12582032.0,7051339.0,545015880144.0,258812346656.0,0.0,0.0,0.0,0.0,0.0,0.0,0.0,2.0,0.0,39.84225886,-89.17445102,35.88471808,-86.10862377,1.0,1.0,3.0,4.0,15.57382644068607,16.086867263002663,3.0
47.0,17.0,10.0,5.006138806725765,106792000000.0,143778000000.0,7051339.0,12582032.0,258812346656.0,545015880144.0,0.0,0.0,0.0,0.0,0.0,0.0,0.0,2.0,0.0,35.88471808,-86.10862377,39.84225886,-89.17445102,1.0,1.0,4.0,3.0,16.086867263002663,15.57382644068607,3.0
17.0,50.0,329.0,17.045172910632168,143778000000.0,23873081385.0,12582032.0,647064.0,545015880144.0,27339101064.0,0.0,0.0,0.0,0.0,0.0,0.0,0.0,2.0,0.0,39.84225886,-89.17445102,44.16028666,-72.68528623,1.0,1.0,3.0,1.0,15.57382644068607,22.684033503618167,4.0
50.0,17.0,329.0,17.045172910632168,23873081385.0,143778000000.0,647064.0,12582032.0,27339101064.0,545015880144.0,0.0,0.0,0.0,0.0,0.0,0.0,0.0,2.0,0.0,44.16028666,-72.68528623,39.84225886,-89.17445102,1.0,1.0,1.0,3.0,22.684033503618167,15.57382644068607,4.0
17.0,51.0,2.0,10.902166652220343,143778000000.0,102258000000.0,12582032.0,8683619.0,545015880144.0,409858133181.0,0.0,0.0,0.0,0.0,0.0,0.0,0.0,1.0,0.0,39.84225886,-89.17445102,37.56542632,-78.51268422,1.0,0.0,3.0,4.0,15.57382644068607,18.272475748303947,2.0
51.0,17.0,2.0,10.902166652220343,102258000000.0,143778000000.0,8683619.0,12582032.0,409858133181.0,545015880144.0,0.0,0.0,0.0,0.0,0.0,0.0,0.0,1.0,0.0,37.56542632,-78.51268422,39.84225886,-89.17445102,0.0,1.0,4.0,3.0,18.272475748303947,15.57382644068607,2.0
17.0,55.0,328.0,4.603698541542516,143778000000.0,140292000000.0,12582032.0,5892539.0,545015880144.0,236809357332.0,0.0,1.0,25.6915362802649,25.666991801759092,26.089475469537366,24.854686133450475,1.5268600112055768,2.0,2.0,39.84225886,-89.17445102,44.40708334,-89.77145833,1.0,1.0,3.0,2.0,15.57382644068607,16.679272144208667,4.0
55.0,17.0,328.0,4.603698541542516,140292000000.0,143778000000.0,5892539.0,12582032.0,236809357332.0,545015880144.0,0.0,1.0,25.6915362802649,25.666991801759092,26.089475469537366,24.854686133450475,1.5268600112055768,2.0,2.0,44.40708334,-89.77145833,39.84225886,-89.17445102,1.0,1.0,2.0,3.0,16.679272144208667,15.57382644068607,4.0
17.0,56.0,1.0,18.258511954473445,143778000000.0,251459000000.0,12582032.0,581381.0,545015880144.0,22158755434.0,0.0,0.0,0.0,0.0,0.0,0.0,0.0,2.0,0.0,39.84225886,-89.17445102,43.08797026,-107.1421614,1.0,1.0,3.0,1.0,15.57382644068607,21.60960275565295,4.0
56.0,17.0,1.0,18.258511954473445,251459000000.0,143778000000.0,581381.0,12582032.0,22158755434.0,545015880144.0,0.0,0.0,0.0,0.0,0.0,0.0,0.0,2.0,0.0,43.08797026,-107.1421614,39.84225886,-89.17445102,1.0,1.0,1.0,3.0,21.60960275565295,15.57382644068607,4.0
18.0,1.0,375.0,6.97745532988568,92788998225.0,131175000000.0,6833037.0,5074296.0,245880003408.0,171394495992.0,0.0,0.0,0.0,0.0,0.0,0.0,0.0,1.0,0.0,39.83861922,-86.21904026,32.87856631,-86.71153023,1.0,0.0,4.0,3.0,15.783365211857229,17.04356957796615,4.0
1.0,18.0,375.0,6.97745532988568,131175000000.0,92788998225.0,5074296.0,6833037.0,171394495992.0,245880003408.0,0.0,0.0,0.0,0.0,0.0,0.0,0.0,1.0,0.0,32.87856631,-86.71153023,39.83861922,-86.21904026,0.0,1.0,3.0,4.0,17.04356957796615,15.783365211857229,4.0
18.0,6.0,37.0,34.58788314288048,92788998225.0,403671000000.0,6833037.0,39029342.0,245880003408.0,1821148127062.0,0.0,0.0,0.0,0.0,0.0,0.0,0.0,1.0,0.0,39.83861922,-86.21904026,37.83798795,-120.7490147,1.0,0.0,4.0,6.0,15.783365211857229,31.30033897737643,4.0
6.0,18.0,37.0,34.58788314288048,403671000000.0,92788998225.0,39029342.0,6833037.0,1821148127062.0,245880003408.0,0.0,0.0,0.0,0.0,0.0,0.0,0.0,1.0,0.0,37.83798795,-120.7490147,39.83861922,-86.21904026,0.0,1.0,6.0,4.0,31.30033897737643,15.783365211857229,4.0
18.0,12.0,84.0,11.45864334641579,92788998225.0,138958000000.0,6833037.0,22244823.0,245880003408.0,895976980794.0,0.0,0.0,0.0,0.0,0.0,0.0,0.0,1.0,0.0,39.83861922,-86.21904026,28.93181099,-82.70591607,1.0,0.0,4.0,5.0,15.783365211857229,20.207697261419515,4.0
12.0,18.0,84.0,11.45864334641579,138958000000.0,92788998225.0,22244823.0,6833037.0,895976980794.0,245880003408.0,0.0,0.0,0.0,0.0,0.0,0.0,0.0,1.0,0.0,28.93181099,-82.70591607,39.83861922,-86.21904026,0.0,1.0,5.0,4.0,20.207697261419515,15.783365211857229,4.0
18.0,13.0,315.0,7.512039627300724,92788998225.0,149486000000.0,6833037.0,10912876.0,245880003408.0,418814355128.0,0.0,0.0,0.0,0.0,0.0,0.0,0.0,1.0,0.0,39.83861922,-86.21904026,32.8067682,-83.57635023,1.0,0.0,4.0,3.0,15.783365211857229,17.725298242771597,3.0
13.0,18.0,315.0,7.512039627300724,149486000000.0,92788998225.0,10912876.0,6833037.0,418814355128.0,245880003408.0,0.0,0.0,0.0,0.0,0.0,0.0,0.0,1.0,0.0,32.8067682,-83.57635023,39.83861922,-86.21904026,0.0,1.0,3.0,4.0,17.725298242771597,15.783365211857229,3.0
18.0,13.0,3287.0,7.512039627300724,92788998225.0,149486000000.0,6833037.0,10912876.0,245880003408.0,418814355128.0,0.0,0.0,0.0,0.0,0.0,0.0,0.0,1.0,0.0,39.83861922,-86.21904026,32.8067682,-83.57635023,1.0,0.0,4.0,3.0,15.783365211857229,17.725298242771597,4.0
13.0,18.0,3287.0,7.512039627300724,149486000000.0,92788998225.0,10912876.0,6833037.0,418814355128.0,245880003408.0,0.0,0.0,0.0,0.0,0.0,0.0,0.0,1.0,0.0,32.8067682,-83.57635023,39.83861922,-86.21904026,0.0,1.0,3.0,4.0,17.725298242771597,15.783365211857229,4.0
18.0,17.0,1451.0,2.9554130011392905,92788998225.0,143778000000.0,6833037.0,12582032.0,245880003408.0,545015880144.0,0.0,1.0,25.253593916100616,25.6915362802649,25.6915362802649,26.089475469537366,1.0836384045909675,2.0,2.0,39.83861922,-86.21904026,39.84225886,-89.17445102,1.0,1.0,4.0,3.0,15.783365211857229,15.57382644068607,2.0
17.0,18.0,1451.0,2.9554130011392905,143778000000.0,92788998225.0,12582032.0,6833037.0,545015880144.0,245880003408.0,0.0,1.0,25.253593916100616,25.6915362802649,25.6915362802649,26.089475469537366,1.0836384045909675,2.0,2.0,39.84225886,-89.17445102,39.83861922,-86.21904026,1.0,1.0,3.0,4.0,15.57382644068607,15.783365211857229,2.0
18.0,17.0,1849.0,2.9554130011392905,92788998225.0,143778000000.0,6833037.0,12582032.0,245880003408.0,545015880144.0,0.0,1.0,25.253593916100616,25.6915362802649,25.6915362802649,26.089475469537366,1.0836384045909675,2.0,2.0,39.83861922,-86.21904026,39.84225886,-89.17445102,1.0,1.0,4.0,3.0,15.783365211857229,15.57382644068607,4.0
17.0,18.0,1849.0,2.9554130011392905,143778000000.0,92788998225.0,12582032.0,6833037.0,545015880144.0,245880003408.0,0.0,1.0,25.253593916100616,25.6915362802649,25.6915362802649,26.089475469537366,1.0836384045909675,2.0,2.0,39.84225886,-89.17445102,39.83861922,-86.21904026,1.0,1.0,3.0,4.0,15.57382644068607,15.783365211857229,4.0
18.0,18.0,10384.0,1.0,92788998225.0,92788998225.0,6833037.0,6833037.0,245880003408.0,245880003408.0,1.0,0.0,0.0,0.0,0.0,0.0,0.0,2.0,0.0,39.83861922,-86.21904026,39.83861922,-86.21904026,1.0,1.0,4.0,4.0,15.783365211857229,15.783365211857229,2.0
18.0,18.0,10384.0,1.0,92788998225.0,92788998225.0,6833037.0,6833037.0,245880003408.0,245880003408.0,1.0,0.0,0.0,0.0,0.0,0.0,0.0,2.0,0.0,39.83861922,-86.21904026,39.83861922,-86.21904026,1.0,1.0,4.0,4.0,15.783365211857229,15.783365211857229,2.0
18.0,18.0,2359.0,1.0,92788998225.0,92788998225.0,6833037.0,6833037.0,245880003408.0,245880003408.0,1.0,0.0,0.0,0.0,0.0,0.0,0.0,2.0,0.0,39.83861922,-86.21904026,39.83861922,-86.21904026,1.0,1.0,4.0,4.0,15.783365211857229,15.783365211857229,3.0
18.0,18.0,2359.0,1.0,92788998225.0,92788998225.0,6833037.0,6833037.0,245880003408.0,245880003408.0,1.0,0.0,0.0,0.0,0.0,0.0,0.0,2.0,0.0,39.83861922,-86.21904026,39.83861922,-86.21904026,1.0,1.0,4.0,4.0,15.783365211857229,15.783365211857229,3.0
18.0,18.0,6809.0,1.0,92788998225.0,92788998225.0,6833037.0,6833037.0,245880003408.0,245880003408.0,1.0,0.0,0.0,0.0,0.0,0.0,0.0,2.0,0.0,39.83861922,-86.21904026,39.83861922,-86.21904026,1.0,1.0,4.0,4.0,15.783365211857229,15.783365211857229,4.0
18.0,18.0,6809.0,1.0,92788998225.0,92788998225.0,6833037.0,6833037.0,245880003408.0,245880003408.0,1.0,0.0,0.0,0.0,0.0,0.0,0.0,2.0,0.0,39.83861922,-86.21904026,39.83861922,-86.21904026,1.0,1.0,4.0,4.0,15.783365211857229,15.783365211857229,4.0
18.0,20.0,53.0,11.9431991763268,92788998225.0,211754000000.0,6833037.0,2937150.0,245880003408.0,111373790850.0,0.0,0.0,0.0,0.0,0.0,0.0,0.0,2.0,0.0,39.83861922,-86.21904026,38.48536567,-98.08532491,1.0,1.0,4.0,3.0,15.783365211857229,17.082248338214743,4.0
20.0,18.0,53.0,11.9431991763268,211754000000.0,92788998225.0,2937150.0,6833037.0,111373790850.0,245880003408.0,0.0,0.0,0.0,0.0,0.0,0.0,0.0,2.0,0.0,38.48536567,-98.08532491,39.83861922,-86.21904026,1.0,1.0,3.0,4.0,17.082248338214743,15.783365211857229,4.0
18.0,21.0,244.0,2.4391809374922935,92788998225.0,102283000000.0,6833037.0,4512310.0,245880003408.0,153328293800.0,0.0,1.0,25.253593916100616,25.3510093181868,25.6915362802649,26.078691060500866,0.8916623015958952,2.0,2.0,39.83861922,-86.21904026,37.62171898,-85.20171191,1.0,1.0,4.0,3.0,15.783365211857229,15.95009217326982,2.0
21.0,18.0,244.0,2.4391809374922935,102283000000.0,92788998225.0,4512310.0,6833037.0,153328293800.0,245880003408.0,0.0,1.0,25.253593916100616,25.3510093181868,25.6915362802649,26.078691060500866,0.8916623015958952,2.0,2.0,37.62171898,-85.20171191,39.83861922,-86.21904026,1.0,1.0,3.0,4.0,15.95009217326982,15.783365211857229,2.0
18.0,21.0,890.0,2.4391809374922935,92788998225.0,102283000000.0,6833037.0,4512310.0,245880003408.0,153328293800.0,0.0,1.0,25.253593916100616,25.3510093181868,25.6915362802649,26.078691060500866,0.8916623015958952,2.0,2.0,39.83861922,-86.21904026,37.62171898,-85.20171191,1.0,1.0,4.0,3.0,15.783365211857229,15.95009217326982,4.0
21.0,18.0,890.0,2.4391809374922935,102283000000.0,92788998225.0,4512310.0,6833037.0,153328293800.0,245880003408.0,0.0,1.0,25.253593916100616,25.3510093181868,25.6915362802649,26.078691060500866,0.8916623015958952,2.0,2.0,37.62171898,-85.20171191,39.83861922,-86.21904026,1.0,1.0,3.0,4.0,15.95009217326982,15.783365211857229,4.0
18.0,22.0,8636.0,10.395363526964116,92788998225.0,111914000000.0,6833037.0,4590241.0,245880003408.0,147672643211.0,0.0,0.0,0.0,0.0,0.0,0.0,0.0,1.0,0.0,39.83861922,-86.21904026,31.0806972,-91.81925318,1.0,0.0,4.0,4.0,15.783365211857229,17.88009549830889,2.0
22.0,18.0,8636.0,10.395363526964116,111914000000.0,92788998225.0,4590241.0,6833037.0,147672643211.0,245880003408.0,0.0,0.0,0.0,0.0,0.0,0.0,0.0,1.0,0.0,31.0806972,-91.81925318,39.83861922,-86.21904026,0.0,1.0,4.0,4.0,17.88009549830889,15.783365211857229,2.0
18.0,22.0,2962.0,10.395363526964116,92788998225.0,111914000000.0,6833037.0,4590241.0,245880003408.0,147672643211.0,0.0,0.0,0.0,0.0,0.0,0.0,0.0,1.0,0.0,39.83861922,-86.21904026,31.0806972,-91.81925318,1.0,0.0,4.0,4.0,15.783365211857229,17.88009549830889,3.0
22.0,18.0,2962.0,10.395363526964116,111914000000.0,92788998225.0,4590241.0,6833037.0,147672643211.0,245880003408.0,0.0,0.0,0.0,0.0,0.0,0.0,0.0,1.0,0.0,31.0806972,-91.81925318,39.83861922,-86.21904026,0.0,1.0,4.0,4.0,17.88009549830889,15.783365211857229,3.0
18.0,25.0,8.0,14.941631316792812,92788998225.0,20204396898.0,6833037.0,6981974.0,245880003408.0,377201145350.0,0.0,0.0,0.0,0.0,0.0,0.0,0.0,1.0,0.0,39.83861922,-86.21904026,42.10673796,-71.45056086,1.0,0.0,4.0,2.0,15.783365211857229,23.121420198899447,4.0
25.0,18.0,8.0,14.941631316792812,20204396898.0,92788998225.0,6981974.0,6833037.0,377201145350.0,245880003408.0,0.0,0.0,0.0,0.0,0.0,0.0,0.0,1.0,0.0,42.10673796,-71.45056086,39.83861922,-86.21904026,0.0,1.0,2.0,4.0,23.121420198899447,15.783365211857229,4.0
18.0,26.0,6.0,4.332411986186939,92788998225.0,146615000000.0,6833037.0,10034118.0,245880003408.0,382811635818.0,0.0,1.0,25.253593916100616,25.711075940400722,25.6915362802649,23.7291660858851,1.466124427614649,2.0,2.0,39.83861922,-86.21904026,44.04901725,-85.19808872,1.0,1.0,4.0,3.0,15.783365211857229,17.01071464423954,3.0
26.0,18.0,6.0,4.332411986186939,146615000000.0,92788998225.0,10034118.0,6833037.0,382811635818.0,245880003408.0,0.0,1.0,25.253593916100616,25.711075940400722,25.6915362802649,23.7291660858851,1.466124427614649,2.0,2.0,44.04901725,-85.19808872,39.83861922,-86.21904026,1.0,1.0,3.0,4.0,17.01071464423954,15.783365211857229,3.0
18.0,26.0,357.0,4.332411986186939,92788998225.0,146615000000.0,6833037.0,10034118.0,245880003408.0,382811635818.0,0.0,1.0,25.253593916100616,25.711075940400722,25.6915362802649,23.7291660858851,1.466124427614649,2.0,2.0,39.83861922,-86.21904026,44.04901725,-85.19808872,1.0,1.0,4.0,3.0,15.783365211857229,17.01071464423954,4.0
26.0,18.0,357.0,4.332411986186939,146615000000.0,92788998225.0,10034118.0,6833037.0,382811635818.0,245880003408.0,0.0,1.0,25.253593916100616,25.711075940400722,25.6915362802649,23.7291660858851,1.466124427614649,2.0,2.0,44.04901725,-85.19808872,39.83861922,-86.21904026,1.0,1.0,3.0,4.0,17.01071464423954,15.783365211857229,4.0
18.0,27.0,118.0,10.00160408439673,92788998225.0,206232000000.0,6833037.0,5717184.0,245880003408.0,257393340864.0,0.0,0.0,0.0,0.0,0.0,0.0,0.0,2.0,0.0,39.83861922,-86.21904026,45.54670036,-94.4318287,1.0,1.0,4.0,2.0,15.783365211857229,17.499573988722897,4.0
27.0,18.0,118.0,10.00160408439673,206232000000.0,92788998225.0,5717184.0,6833037.0,257393340864.0,245880003408.0,0.0,0.0,0.0,0.0,0.0,0.0,0.0,2.0,0.0,45.54670036,-94.4318287,39.83861922,-86.21904026,1.0,1.0,2.0,4.0,17.499573988722897,15.783365211857229,4.0
18.0,28.0,25.0,7.8367680487587945,92788998225.0,121532000000.0,6833037.0,2940057.0,245880003408.0,85393955565.0,0.0,0.0,0.0,0.0,0.0,0.0,0.0,1.0,0.0,39.83861922,-86.21904026,32.79092429,-89.64612789,1.0,0.0,4.0,1.0,15.783365211857229,16.911601448146733,4.0
28.0,18.0,25.0,7.8367680487587945,121532000000.0,92788998225.0,2940057.0,6833037.0,85393955565.0,245880003408.0,0.0,0.0,0.0,0.0,0.0,0.0,0.0,1.0,0.0,32.79092429,-89.64612789,39.83861922,-86.21904026,0.0,1.0,1.0,4.0,16.911601448146733,15.783365211857229,4.0
18.0,31.0,25.0,12.902467458747862,92788998225.0,198957000000.0,6833037.0,1967923.0,245880003408.0,76743093231.0,0.0,0.0,0.0,0.0,0.0,0.0,0.0,2.0,0.0,39.83861922,-86.21904026,41.32123795,-99.03604101,1.0,1.0,4.0,2.0,15.783365211857229,17.515895874182647,4.0
31.0,18.0,25.0,12.902467458747862,198957000000.0,92788998225.0,1967923.0,6833037.0,76743093231.0,245880003408.0,0.0,0.0,0.0,0.0,0.0,0.0,0.0,2.0,0.0,41.32123795,-99.03604101,39.83861922,-86.21904026,1.0,1.0,2.0,4.0,17.515895874182647,15.783365211857229,4.0
18.0,34.0,61.0,11.606507946748248,92788998225.0,19048737655.0,6833037.0,9261699.0,245880003408.0,474865831128.0,0.0,0.0,0.0,0.0,0.0,0.0,0.0,1.0,0.0,39.83861922,-86.21904026,40.2804298,-74.62094429,1.0,0.0,4.0,2.0,15.783365211857229,20.49985798951152,4.0
34.0,18.0,61.0,11.606507946748248,19048737655.0,92788998225.0,9261699.0,6833037.0,474865831128.0,245880003408.0,0.0,0.0,0.0,0.0,0.0,0.0,0.0,1.0,0.0,40.2804298,-74.62094429,39.83861922,-86.21904026,0.0,1.0,2.0,4.0,20.49985798951152,15.783365211857229,4.0
18.0,36.0,248.0,11.079888392756615,92788998225.0,122050000000.0,6833037.0,19677151.0,245880003408.0,933110177571.0,0.0,0.0,0.0,0.0,0.0,0.0,0.0,1.0,0.0,39.83861922,-86.21904026,42.55441095,-75.47714089,1.0,0.0,4.0,5.0,15.783365211857229,20.306235500394656,4.0
36.0,18.0,248.0,11.079888392756615,122050000000.0,92788998225.0,19677151.0,6833037.0,933110177571.0,245880003408.0,0.0,0.0,0.0,0.0,0.0,0.0,0.0,1.0,0.0,42.55441095,-75.47714089,39.83861922,-86.21904026,0.0,1.0,5.0,4.0,20.306235500394656,15.783365211857229,4.0
18.0,37.0,60.0,7.930157160977675,92788998225.0,125933000000.0,6833037.0,10698973.0,245880003408.0,414060954073.0,0.0,0.0,0.0,0.0,0.0,0.0,0.0,1.0,0.0,39.83861922,-86.21904026,35.62288795,-79.50227002,1.0,0.0,4.0,4.0,15.783365211857229,18.22812437748468,2.0
37.0,18.0,60.0,7.930157160977675,125933000000.0,92788998225.0,10698973.0,6833037.0,414060954073.0,245880003408.0,0.0,0.0,0.0,0.0,0.0,0.0,0.0,1.0,0.0,35.62288795,-79.50227002,39.83861922,-86.21904026,0.0,1.0,4.0,4.0,18.22812437748468,15.783365211857229,2.0
18.0,37.0,2412.0,7.930157160977675,92788998225.0,125933000000.0,6833037.0,10698973.0,245880003408.0,414060954073.0,0.0,0.0,0.0,0.0,0.0,0.0,0.0,1.0,0.0,39.83861922,-86.21904026,35.62288795,-79.50227002,1.0,0.0,4.0,4.0,15.783365211857229,18.22812437748468,4.0
37.0,18.0,2412.0,7.930157160977675,125933000000.0,92788998225.0,10698973.0,6833037.0,414060954073.0,245880003408.0,0.0,0.0,0.0,0.0,0.0,0.0,0.0,1.0,0.0,35.62288795,-79.50227002,39.83861922,-86.21904026,0.0,1.0,4.0,4.0,18.22812437748468,15.783365211857229,4.0
18.0,39.0,58.0,3.421412972215959,92788998225.0,105824000000.0,6833037.0,11756058.0,245880003408.0,445930792056.0,0.0,1.0,25.253593916100616,25.385043173745792,25.6915362802649,25.90896306710736,1.2300536155223953,2.0,2.0,39.83861922,-86.21904026,40.31742129,-82.83129539,1.0,1.0,4.0,5.0,15.783365211857229,16.574187523725264,2.0
39.0,18.0,58.0,3.421412972215959,105824000000.0,92788998225.0,11756058.0,6833037.0,445930792056.0,245880003408.0,0.0,1.0,25.253593916100616,25.385043173745792,25.6915362802649,25.90896306710736,1.2300536155223953,2.0,2.0,40.31742129,-82.83129539,39.83861922,-86.21904026,1.0,1.0,5.0,4.0,16.574187523725264,15.783365211857229,2.0
18.0,39.0,2709.0,3.421412972215959,92788998225.0,105824000000.0,6833037.0,11756058.0,245880003408.0,445930792056.0,0.0,1.0,25.253593916100616,25.385043173745792,25.6915362802649,25.90896306710736,1.2300536155223953,2.0,2.0,39.83861922,-86.21904026,40.31742129,-82.83129539,1.0,1.0,4.0,5.0,15.783365211857229,16.574187523725264,4.0
39.0,18.0,2709.0,3.421412972215959,105824000000.0,92788998225.0,11756058.0,6833037.0,445930792056.0,245880003408.0,0.0,1.0,25.253593916100616,25.385043173745792,25.6915362802649,25.90896306710736,1.2300536155223953,2.0,2.0,40.31742129,-82.83129539,39.83861922,-86.21904026,1.0,1.0,5.0,4.0,16.574187523725264,15.783365211857229,4.0
18.0,41.0,2.0,35.57178072457519,92788998225.0,248628000000.0,6833037.0,4240137.0,245880003408.0,180095578938.0,0.0,0.0,0.0,0.0,0.0,0.0,0.0,1.0,0.0,39.83861922,-86.21904026,44.49389908,-121.4848871,1.0,0.0,4.0,2.0,15.783365211857229,32.15540936730309,4.0
41.0,18.0,2.0,35.57178072457519,248628000000.0,92788998225.0,4240137.0,6833037.0,180095578938.0,245880003408.0,0.0,0.0,0.0,0.0,0.0,0.0,0.0,1.0,0.0,44.49389908,-121.4848871,39.83861922,-86.21904026,0.0,1.0,2.0,4.0,32.15540936730309,15.783365211857229,4.0
18.0,45.0,341.0,7.87783843325896,92788998225.0,77866132568.0,6833037.0,5282634.0,245880003408.0,193740601950.0,0.0,0.0,0.0,0.0,0.0,0.0,0.0,1.0,0.0,39.83861922,-86.21904026,33.95498444,-80.98041638,1.0,0.0,4.0,3.0,15.783365211857229,18.14651779597172,4.0
45.0,18.0,341.0,7.87783843325896,77866132568.0,92788998225.0,5282634.0,6833037.0,193740601950.0,245880003408.0,0.0,0.0,0.0,0.0,0.0,0.0,0.0,1.0,0.0,33.95498444,-80.98041638,39.83861922,-86.21904026,0.0,1.0,3.0,4.0,18.14651779597172,15.783365211857229,4.0
18.0,47.0,260.0,3.955442582841674,92788998225.0,106792000000.0,6833037.0,7051339.0,245880003408.0,258812346656.0,0.0,0.0,0.0,0.0,0.0,0.0,0.0,2.0,0.0,39.83861922,-86.21904026,35.88471808,-86.10862377,1.0,1.0,4.0,4.0,15.783365211857229,16.086867263002663,4.0
47.0,18.0,260.0,3.955442582841674,106792000000.0,92788998225.0,7051339.0,6833037.0,258812346656.0,245880003408.0,0.0,0.0,0.0,0.0,0.0,0.0,0.0,2.0,0.0,35.88471808,-86.10862377,39.83861922,-86.21904026,1.0,1.0,4.0,4.0,16.086867263002663,15.783365211857229,4.0
18.0,49.0,5.0,25.38209887692177,92788998225.0,213355000000.0,6833037.0,3380800.0,245880003408.0,130208131200.0,0.0,0.0,0.0,0.0,0.0,0.0,0.0,2.0,0.0,39.83861922,-86.21904026,39.63565035,-111.6003276,1.0,1.0,4.0,2.0,15.783365211857229,24.10238778282654,4.0
49.0,18.0,5.0,25.38209887692177,213355000000.0,92788998225.0,3380800.0,6833037.0,130208131200.0,245880003408.0,0.0,0.0,0.0,0.0,0.0,0.0,0.0,2.0,0.0,39.63565035,-111.6003276,39.83861922,-86.21904026,1.0,1.0,2.0,4.0,24.10238778282654,15.783365211857229,4.0
18.0,50.0,36.0,14.207016140150516,92788998225.0,23873081385.0,6833037.0,647064.0,245880003408.0,27339101064.0,0.0,0.0,0.0,0.0,0.0,0.0,0.0,2.0,0.0,39.83861922,-86.21904026,44.16028666,-72.68528623,1.0,1.0,4.0,1.0,15.783365211857229,22.684033503618167,4.0
50.0,18.0,36.0,14.207016140150516,23873081385.0,92788998225.0,647064.0,6833037.0,27339101064.0,245880003408.0,0.0,0.0,0.0,0.0,0.0,0.0,0.0,2.0,0.0,44.16028666,-72.68528623,39.83861922,-86.21904026,1.0,1.0,1.0,4.0,22.684033503618167,15.783365211857229,4.0
18.0,51.0,117.0,8.034633120177606,92788998225.0,102258000000.0,6833037.0,8683619.0,245880003408.0,409858133181.0,0.0,0.0,0.0,0.0,0.0,0.0,0.0,1.0,0.0,39.83861922,-86.21904026,37.56542632,-78.51268422,1.0,0.0,4.0,4.0,15.783365211857229,18.272475748303947,4.0
51.0,18.0,117.0,8.034633120177606,102258000000.0,92788998225.0,8683619.0,6833037.0,409858133181.0,245880003408.0,0.0,0.0,0.0,0.0,0.0,0.0,0.0,1.0,0.0,37.56542632,-78.51268422,39.83861922,-86.21904026,0.0,1.0,4.0,4.0,18.272475748303947,15.783365211857229,4.0
18.0,54.0,19.0,5.693187755687604,92788998225.0,62266296765.0,6833037.0,1775156.0,245880003408.0,56666529832.0,0.0,0.0,0.0,0.0,0.0,0.0,0.0,2.0,0.0,39.83861922,-86.21904026,38.81190905,-80.61919624,1.0,1.0,4.0,1.0,15.783365211857229,17.229635728845473,4.0
54.0,18.0,19.0,5.693187755687604,62266296765.0,92788998225.0,1775156.0,6833037.0,56666529832.0,245880003408.0,0.0,0.0,0.0,0.0,0.0,0.0,0.0,2.0,0.0,38.81190905,-80.61919624,39.83861922,-86.21904026,1.0,1.0,1.0,4.0,17.229635728845473,15.783365211857229,4.0
18.0,55.0,55.0,5.7871010497303335,92788998225.0,140292000000.0,6833037.0,5892539.0,245880003408.0,236809357332.0,0.0,0.0,0.0,0.0,0.0,0.0,0.0,2.0,0.0,39.83861922,-86.21904026,44.40708334,-89.77145833,1.0,1.0,4.0,2.0,15.783365211857229,16.679272144208667,4.0
55.0,18.0,55.0,5.7871010497303335,140292000000.0,92788998225.0,5892539.0,6833037.0,236809357332.0,245880003408.0,0.0,0.0,0.0,0.0,0.0,0.0,0.0,2.0,0.0,44.40708334,-89.77145833,39.83861922,-86.21904026,1.0,1.0,2.0,4.0,16.679272144208667,15.783365211857229,4.0
19.0,4.0,1101.0,19.84748795533747,144660000000.0,294361000000.0,3200517.0,7359197.0,124554520089.0,293035865343.0,0.0,0.0,0.0,0.0,0.0,0.0,0.0,2.0,0.0,42.02990262,-93.4660937,33.67825359,-111.4708913,1.0,1.0,1.0,3.0,16.209381226558154,25.018609812195567,4.0
4.0,19.0,1101.0,19.84748795533747,294361000000.0,144660000000.0,7359197.0,3200517.0,293035865343.0,124554520089.0,0.0,0.0,0.0,0.0,0.0,0.0,0.0,2.0,0.0,33.67825359,-111.4708913,42.02990262,-93.4660937,1.0,1.0,3.0,1.0,25.018609812195567,16.209381226558154,4.0
19.0,5.0,105.0,7.192756879987733,144660000000.0,134661000000.0,3200517.0,3045637.0,124554520089.0,95572089060.0,0.0,0.0,0.0,0.0,0.0,0.0,0.0,2.0,0.0,42.02990262,-93.4660937,34.91154416,-92.43423888,1.0,1.0,1.0,1.0,16.209381226558154,16.34192872200948,2.0
5.0,19.0,105.0,7.192756879987733,134661000000.0,144660000000.0,3045637.0,3200517.0,95572089060.0,124554520089.0,0.0,0.0,0.0,0.0,0.0,0.0,0.0,2.0,0.0,34.91154416,-92.43423888,42.02990262,-93.4660937,1.0,1.0,1.0,1.0,16.34192872200948,16.209381226558154,2.0
19.0,5.0,804.0,7.192756879987733,144660000000.0,134661000000.0,3200517.0,3045637.0,124554520089.0,95572089060.0,0.0,0.0,0.0,0.0,0.0,0.0,0.0,2.0,0.0,42.02990262,-93.4660937,34.91154416,-92.43423888,1.0,1.0,1.0,1.0,16.209381226558154,16.34192872200948,4.0
5.0,19.0,804.0,7.192756879987733,134661000000.0,144660000000.0,3045637.0,3200517.0,95572089060.0,124554520089.0,0.0,0.0,0.0,0.0,0.0,0.0,0.0,2.0,0.0,34.91154416,-92.43423888,42.02990262,-93.4660937,1.0,1.0,1.0,1.0,16.34192872200948,16.209381226558154,4.0
19.0,6.0,3976.0,27.60307821408334,144660000000.0,403671000000.0,3200517.0,39029342.0,124554520089.0,1821148127062.0,0.0,0.0,0.0,0.0,0.0,0.0,0.0,1.0,0.0,42.02990262,-93.4660937,37.83798795,-120.7490147,1.0,0.0,1.0,6.0,16.209381226558154,31.30033897737643,4.0
6.0,19.0,3976.0,27.60307821408334,403671000000.0,144660000000.0,39029342.0,3200517.0,1821148127062.0,124554520089.0,0.0,0.0,0.0,0.0,0.0,0.0,0.0,1.0,0.0,37.83798795,-120.7490147,42.02990262,-93.4660937,0.0,1.0,6.0,1.0,31.30033897737643,16.209381226558154,4.0
19.0,8.0,373.0,12.41842039953935,144660000000.0,268419000000.0,3200517.0,5839926.0,124554520089.0,286571008746.0,0.0,0.0,0.0,0.0,0.0,0.0,0.0,2.0,0.0,42.02990262,-93.4660937,38.92883319,-105.4910899,1.0,1.0,1.0,2.0,16.209381226558154,20.380646878843788,4.0
8.0,19.0,373.0,12.41842039953935,268419000000.0,144660000000.0,5839926.0,3200517.0,286571008746.0,124554520089.0,0.0,0.0,0.0,0.0,0.0,0.0,0.0,2.0,0.0,38.92883319,-105.4910899,42.02990262,-93.4660937,1.0,1.0,2.0,1.0,20.380646878843788,16.209381226558154,4.0
19.0,16.0,8.0,21.11392451530365,144660000000.0,214050000000.0,3200517.0,1939033.0,124554520089.0,69766407340.0,0.0,0.0,0.0,0.0,0.0,0.0,0.0,2.0,0.0,42.02990262,-93.4660937,44.26668842,-114.4612026,1.0,1.0,1.0,1.0,16.209381226558154,26.571052736864967,3.0
16.0,19.0,8.0,21.11392451530365,214050000000.0,144660000000.0,1939033.0,3200517.0,69766407340.0,124554520089.0,0.0,0.0,0.0,0.0,0.0,0.0,0.0,2.0,0.0,44.26668842,-114.4612026,42.02990262,-93.4660937,1.0,1.0,1.0,1.0,26.571052736864967,16.209381226558154,3.0
19.0,16.0,640.0,21.11392451530365,144660000000.0,214050000000.0,3200517.0,1939033.0,124554520089.0,69766407340.0,0.0,0.0,0.0,0.0,0.0,0.0,0.0,2.0,0.0,42.02990262,-93.4660937,44.26668842,-114.4612026,1.0,1.0,1.0,1.0,16.209381226558154,26.571052736864967,4.0
16.0,19.0,640.0,21.11392451530365,214050000000.0,144660000000.0,1939033.0,3200517.0,69766407340.0,124554520089.0,0.0,0.0,0.0,0.0,0.0,0.0,0.0,2.0,0.0,44.26668842,-114.4612026,42.02990262,-93.4660937,1.0,1.0,1.0,1.0,26.571052736864967,16.209381226558154,4.0
19.0,17.0,1340.0,4.817051184434776,144660000000.0,143778000000.0,3200517.0,12582032.0,124554520089.0,545015880144.0,0.0,1.0,25.697651998367547,25.6915362802649,25.253593916100616,26.089475469537366,1.5721619533825326,2.0,2.0,42.02990262,-93.4660937,39.84225886,-89.17445102,1.0,1.0,1.0,3.0,16.209381226558154,15.57382644068607,4.0
17.0,19.0,1340.0,4.817051184434776,143778000000.0,144660000000.0,12582032.0,3200517.0,545015880144.0,124554520089.0,0.0,1.0,25.697651998367547,25.6915362802649,25.253593916100616,26.089475469537366,1.5721619533825326,2.0,2.0,39.84225886,-89.17445102,42.02990262,-93.4660937,1.0,1.0,3.0,1.0,15.57382644068607,16.209381226558154,4.0
19.0,18.0,326.0,7.571096783249534,144660000000.0,92788998225.0,3200517.0,6833037.0,124554520089.0,245880003408.0,0.0,0.0,0.0,0.0,0.0,0.0,0.0,2.0,0.0,42.02990262,-93.4660937,39.83861922,-86.21904026,1.0,1.0,1.0,4.0,16.209381226558154,15.783365211857229,4.0
18.0,19.0,326.0,7.571096783249534,92788998225.0,144660000000.0,6833037.0,3200517.0,245880003408.0,124554520089.0,0.0,0.0,0.0,0.0,0.0,0.0,0.0,2.0,0.0,39.83861922,-86.21904026,42.02990262,-93.4660937,1.0,1.0,4.0,1.0,15.783365211857229,16.209381226558154,4.0
19.0,19.0,27699.0,1.0,144660000000.0,144660000000.0,3200517.0,3200517.0,124554520089.0,124554520089.0,1.0,0.0,0.0,0.0,0.0,0.0,0.0,2.0,0.0,42.02990262,-93.4660937,42.02990262,-93.4660937,1.0,1.0,1.0,1.0,16.209381226558154,16.209381226558154,2.0
19.0,19.0,27699.0,1.0,144660000000.0,144660000000.0,3200517.0,3200517.0,124554520089.0,124554520089.0,1.0,0.0,0.0,0.0,0.0,0.0,0.0,2.0,0.0,42.02990262,-93.4660937,42.02990262,-93.4660937,1.0,1.0,1.0,1.0,16.209381226558154,16.209381226558154,2.0
19.0,19.0,12856.0,1.0,144660000000.0,144660000000.0,3200517.0,3200517.0,124554520089.0,124554520089.0,1.0,0.0,0.0,0.0,0.0,0.0,0.0,2.0,0.0,42.02990262,-93.4660937,42.02990262,-93.4660937,1.0,1.0,1.0,1.0,16.209381226558154,16.209381226558154,3.0
19.0,19.0,12856.0,1.0,144660000000.0,144660000000.0,3200517.0,3200517.0,124554520089.0,124554520089.0,1.0,0.0,0.0,0.0,0.0,0.0,0.0,2.0,0.0,42.02990262,-93.4660937,42.02990262,-93.4660937,1.0,1.0,1.0,1.0,16.209381226558154,16.209381226558154,3.0
19.0,19.0,19308.0,1.0,144660000000.0,144660000000.0,3200517.0,3200517.0,124554520089.0,124554520089.0,1.0,0.0,0.0,0.0,0.0,0.0,0.0,2.0,0.0,42.02990262,-93.4660937,42.02990262,-93.4660937,1.0,1.0,1.0,1.0,16.209381226558154,16.209381226558154,4.0
19.0,19.0,19308.0,1.0,144660000000.0,144660000000.0,3200517.0,3200517.0,124554520089.0,124554520089.0,1.0,0.0,0.0,0.0,0.0,0.0,0.0,2.0,0.0,42.02990262,-93.4660937,42.02990262,-93.4660937,1.0,1.0,1.0,1.0,16.209381226558154,16.209381226558154,4.0
19.0,20.0,593.0,5.822459889200898,144660000000.0,211754000000.0,3200517.0,2937150.0,124554520089.0,111373790850.0,0.0,0.0,0.0,0.0,0.0,0.0,0.0,2.0,0.0,42.02990262,-93.4660937,38.48536567,-98.08532491,1.0,1.0,1.0,3.0,16.209381226558154,17.082248338214743,4.0
20.0,19.0,593.0,5.822459889200898,211754000000.0,144660000000.0,2937150.0,3200517.0,111373790850.0,124554520089.0,0.0,0.0,0.0,0.0,0.0,0.0,0.0,2.0,0.0,38.48536567,-98.08532491,42.02990262,-93.4660937,1.0,1.0,3.0,1.0,17.082248338214743,16.209381226558154,4.0
19.0,23.0,3.0,24.113361365199594,144660000000.0,79888428972.0,3200517.0,1385340.0,124554520089.0,57059383920.0,0.0,0.0,0.0,0.0,0.0,0.0,0.0,1.0,0.0,42.02990262,-93.4660937,44.67621581,-69.49838161,1.0,0.0,1.0,1.0,16.209381226558154,25.498182378239225,4.0
23.0,19.0,3.0,24.113361365199594,79888428972.0,144660000000.0,1385340.0,3200517.0,57059383920.0,124554520089.0,0.0,0.0,0.0,0.0,0.0,0.0,0.0,1.0,0.0,44.67621581,-69.49838161,42.02990262,-93.4660937,0.0,1.0,1.0,1.0,25.498182378239225,16.209381226558154,4.0
19.0,27.0,499.0,3.6469864867166844,144660000000.0,206232000000.0,3200517.0,5717184.0,124554520089.0,257393340864.0,0.0,1.0,25.697651998367547,26.052267585625444,25.253593916100616,25.711075940400722,1.2939012065048126,2.0,2.0,42.02990262,-93.4660937,45.54670036,-94.4318287,1.0,1.0,1.0,2.0,16.209381226558154,17.499573988722897,2.0
27.0,19.0,499.0,3.6469864867166844,206232000000.0,144660000000.0,5717184.0,3200517.0,257393340864.0,124554520089.0,0.0,1.0,25.697651998367547,26.052267585625444,25.253593916100616,25.711075940400722,1.2939012065048126,2.0,2.0,45.54670036,-94.4318287,42.02990262,-93.4660937,1.0,1.0,2.0,1.0,17.499573988722897,16.209381226558154,2.0
19.0,27.0,790.0,3.6469864867166844,144660000000.0,206232000000.0,3200517.0,5717184.0,124554520089.0,257393340864.0,0.0,1.0,25.697651998367547,26.052267585625444,25.253593916100616,25.711075940400722,1.2939012065048126,2.0,2.0,42.02990262,-93.4660937,45.54670036,-94.4318287,1.0,1.0,1.0,2.0,16.209381226558154,17.499573988722897,3.0
27.0,19.0,790.0,3.6469864867166844,206232000000.0,144660000000.0,5717184.0,3200517.0,257393340864.0,124554520089.0,0.0,1.0,25.697651998367547,26.052267585625444,25.253593916100616,25.711075940400722,1.2939012065048126,2.0,2.0,45.54670036,-94.4318287,42.02990262,-93.4660937,1.0,1.0,2.0,1.0,17.499573988722897,16.209381226558154,3.0
19.0,27.0,1681.0,3.6469864867166844,144660000000.0,206232000000.0,3200517.0,5717184.0,124554520089.0,257393340864.0,0.0,1.0,25.697651998367547,26.052267585625444,25.253593916100616,25.711075940400722,1.2939012065048126,2.0,2.0,42.02990262,-93.4660937,45.54670036,-94.4318287,1.0,1.0,1.0,2.0,16.209381226558154,17.499573988722897,4.0
27.0,19.0,1681.0,3.6469864867166844,206232000000.0,144660000000.0,5717184.0,3200517.0,257393340864.0,124554520089.0,0.0,1.0,25.697651998367547,26.052267585625444,25.253593916100616,25.711075940400722,1.2939012065048126,2.0,2.0,45.54670036,-94.4318287,42.02990262,-93.4660937,1.0,1.0,2.0,1.0,17.499573988722897,16.209381226558154,4.0
19.0,29.0,347.0,3.713018029544799,144660000000.0,178053000000.0,3200517.0,6177957.0,124554520089.0,226360344480.0,0.0,1.0,25.697651998367547,25.905347095727915,25.253593916100616,25.52344343953564,1.311845030972219,2.0,2.0,42.02990262,-93.4660937,38.45001591,-92.480744,1.0,1.0,1.0,3.0,16.209381226558154,15.754454007112106,4.0
29.0,19.0,347.0,3.713018029544799,178053000000.0,144660000000.0,6177957.0,3200517.0,226360344480.0,124554520089.0,0.0,1.0,25.697651998367547,25.905347095727915,25.253593916100616,25.52344343953564,1.311845030972219,2.0,2.0,38.45001591,-92.480744,42.02990262,-93.4660937,1.0,1.0,3.0,1.0,15.754454007112106,16.209381226558154,4.0
19.0,31.0,1394.0,5.614848052323633,144660000000.0,198957000000.0,3200517.0,1967923.0,124554520089.0,76743093231.0,0.0,1.0,25.697651998367547,26.01635455792016,25.253593916100616,26.65544205649895,1.7254145267955117,2.0,2.0,42.02990262,-93.4660937,41.32123795,-99.03604101,1.0,1.0,1.0,2.0,16.209381226558154,17.515895874182647,4.0
31.0,19.0,1394.0,5.614848052323633,198957000000.0,144660000000.0,1967923.0,3200517.0,76743093231.0,124554520089.0,0.0,1.0,25.697651998367547,26.01635455792016,25.253593916100616,26.65544205649895,1.7254145267955117,2.0,2.0,41.32123795,-99.03604101,42.02990262,-93.4660937,1.0,1.0,2.0,1.0,17.515895874182647,16.209381226558154,4.0
19.0,35.0,109.0,14.501621012774645,144660000000.0,314199000000.0,3200517.0,2113344.0,124554520089.0,71676175104.0,0.0,0.0,0.0,0.0,0.0,0.0,0.0,2.0,0.0,42.02990262,-93.4660937,34.54561168,-105.8871404,1.0,1.0,1.0,1.0,16.209381226558154,21.339852695679816,4.0
35.0,19.0,109.0,14.501621012774645,314199000000.0,144660000000.0,2113344.0,3200517.0,71676175104.0,124554520089.0,0.0,0.0,0.0,0.0,0.0,0.0,0.0,2.0,0.0,34.54561168,-105.8871404,42.02990262,-93.4660937,1.0,1.0,1.0,1.0,21.339852695679816,16.209381226558154,4.0
19.0,36.0,398.0,17.996597794823508,144660000000.0,122050000000.0,3200517.0,19677151.0,124554520089.0,933110177571.0,0.0,0.0,0.0,0.0,0.0,0.0,0.0,1.0,0.0,42.02990262,-93.4660937,42.55441095,-75.47714089,1.0,0.0,1.0,5.0,16.209381226558154,20.306235500394656,4.0
36.0,19.0,398.0,17.996597794823508,122050000000.0,144660000000.0,19677151.0,3200517.0,933110177571.0,124554520089.0,0.0,0.0,0.0,0.0,0.0,0.0,0.0,1.0,0.0,42.55441095,-75.47714089,42.02990262,-93.4660937,0.0,1.0,5.0,1.0,20.306235500394656,16.209381226558154,4.0
19.0,39.0,297.0,10.771793137633939,144660000000.0,105824000000.0,3200517.0,11756058.0,124554520089.0,445930792056.0,0.0,0.0,0.0,0.0,0.0,0.0,0.0,2.0,0.0,42.02990262,-93.4660937,40.31742129,-82.83129539,1.0,1.0,1.0,5.0,16.209381226558154,16.574187523725264,4.0
39.0,19.0,297.0,10.771793137633939,105824000000.0,144660000000.0,11756058.0,3200517.0,445930792056.0,124554520089.0,0.0,0.0,0.0,0.0,0.0,0.0,0.0,2.0,0.0,40.31742129,-82.83129539,42.02990262,-93.4660937,1.0,1.0,5.0,1.0,16.574187523725264,16.209381226558154,4.0
19.0,42.0,629.0,15.894530297482472,144660000000.0,115882000000.0,3200517.0,12972008.0,124554520089.0,538195639912.0,0.0,0.0,0.0,0.0,0.0,0.0,0.0,2.0,0.0,42.02990262,-93.4660937,40.82029613,-77.61765701,1.0,1.0,1.0,4.0,16.209381226558154,18.7216652918346,4.0
42.0,19.0,629.0,15.894530297482472,115882000000.0,144660000000.0,12972008.0,3200517.0,538195639912.0,124554520089.0,0.0,0.0,0.0,0.0,0.0,0.0,0.0,2.0,0.0,40.82029613,-77.61765701,42.02990262,-93.4660937,1.0,1.0,4.0,1.0,18.7216652918346,16.209381226558154,4.0
19.0,46.0,4.0,6.21575740856335,144660000000.0,190924000000.0,3200517.0,909824.0,124554520089.0,34225759232.0,0.0,1.0,25.697651998367547,25.975141280048376,25.253593916100616,25.078256940065014,1.8270875853673776,2.0,2.0,42.02990262,-93.4660937,44.28529801,-99.25822904,1.0,1.0,1.0,1.0,16.209381226558154,18.25127287589671,2.0
46.0,19.0,4.0,6.21575740856335,190924000000.0,144660000000.0,909824.0,3200517.0,34225759232.0,124554520089.0,0.0,1.0,25.697651998367547,25.975141280048376,25.253593916100616,25.078256940065014,1.8270875853673776,2.0,2.0,44.28529801,-99.25822904,42.02990262,-93.4660937,1.0,1.0,1.0,1.0,18.25127287589671,16.209381226558154,2.0
19.0,46.0,264.0,6.21575740856335,144660000000.0,190924000000.0,3200517.0,909824.0,124554520089.0,34225759232.0,0.0,1.0,25.697651998367547,25.975141280048376,25.253593916100616,25.078256940065014,1.8270875853673776,2.0,2.0,42.02990262,-93.4660937,44.28529801,-99.25822904,1.0,1.0,1.0,1.0,16.209381226558154,18.25127287589671,4.0
46.0,19.0,264.0,6.21575740856335,190924000000.0,144660000000.0,909824.0,3200517.0,34225759232.0,124554520089.0,0.0,1.0,25.697651998367547,25.975141280048376,25.253593916100616,25.078256940065014,1.8270875853673776,2.0,2.0,44.28529801,-99.25822904,42.02990262,-93.4660937,1.0,1.0,1.0,1.0,18.25127287589671,16.209381226558154,4.0
19.0,48.0,2843.0,11.596073714528158,144660000000.0,676681000000.0,3200517.0,30029572.0,124554520089.0,1144817373356.0,0.0,0.0,0.0,0.0,0.0,0.0,0.0,1.0,0.0,42.02990262,-93.4660937,31.65818605,-98.65226965,1.0,0.0,1.0,9.0,16.209381226558154,19.151923784122165,2.0
48.0,19.0,2843.0,11.596073714528158,676681000000.0,144660000000.0,30029572.0,3200517.0,1144817373356.0,124554520089.0,0.0,0.0,0.0,0.0,0.0,0.0,0.0,1.0,0.0,31.65818605,-98.65226965,42.02990262,-93.4660937,0.0,1.0,9.0,1.0,19.151923784122165,16.209381226558154,2.0
19.0,48.0,3799.0,11.596073714528158,144660000000.0,676681000000.0,3200517.0,30029572.0,124554520089.0,1144817373356.0,0.0,0.0,0.0,0.0,0.0,0.0,0.0,1.0,0.0,42.02990262,-93.4660937,31.65818605,-98.65226965,1.0,0.0,1.0,9.0,16.209381226558154,19.151923784122165,4.0
48.0,19.0,3799.0,11.596073714528158,676681000000.0,144660000000.0,30029572.0,3200517.0,1144817373356.0,124554520089.0,0.0,0.0,0.0,0.0,0.0,0.0,0.0,1.0,0.0,31.65818605,-98.65226965,42.02990262,-93.4660937,0.0,1.0,9.0,1.0,19.151923784122165,16.209381226558154,4.0
19.0,49.0,72.0,18.291606902410443,144660000000.0,213355000000.0,3200517.0,3380800.0,124554520089.0,130208131200.0,0.0,0.0,0.0,0.0,0.0,0.0,0.0,2.0,0.0,42.02990262,-93.4660937,39.63565035,-111.6003276,1.0,1.0,1.0,2.0,16.209381226558154,24.10238778282654,4.0
49.0,19.0,72.0,18.291606902410443,213355000000.0,144660000000.0,3380800.0,3200517.0,130208131200.0,124554520089.0,0.0,0.0,0.0,0.0,0.0,0.0,0.0,2.0,0.0,39.63565035,-111.6003276,42.02990262,-93.4660937,1.0,1.0,2.0,1.0,24.10238778282654,16.209381226558154,4.0
19.0,50.0,18.0,20.889722239969934,144660000000.0,23873081385.0,3200517.0,647064.0,124554520089.0,27339101064.0,0.0,0.0,0.0,0.0,0.0,0.0,0.0,2.0,0.0,42.02990262,-93.4660937,44.16028666,-72.68528623,1.0,1.0,1.0,1.0,16.209381226558154,22.684033503618167,4.0
50.0,19.0,18.0,20.889722239969934,23873081385.0,144660000000.0,647064.0,3200517.0,27339101064.0,124554520089.0,0.0,0.0,0.0,0.0,0.0,0.0,0.0,2.0,0.0,44.16028666,-72.68528623,42.02990262,-93.4660937,1.0,1.0,1.0,1.0,22.684033503618167,16.209381226558154,4.0
19.0,55.0,82.0,4.393326608937099,144660000000.0,140292000000.0,3200517.0,5892539.0,124554520089.0,236809357332.0,0.0,1.0,25.697651998367547,25.666991801759092,25.253593916100616,24.854686133450475,1.4800867098141315,2.0,2.0,42.02990262,-93.4660937,44.40708334,-89.77145833,1.0,1.0,1.0,2.0,16.209381226558154,16.679272144208667,3.0
55.0,19.0,82.0,4.393326608937099,140292000000.0,144660000000.0,5892539.0,3200517.0,236809357332.0,124554520089.0,0.0,1.0,25.697651998367547,25.666991801759092,25.253593916100616,24.854686133450475,1.4800867098141315,2.0,2.0,44.40708334,-89.77145833,42.02990262,-93.4660937,1.0,1.0,2.0,1.0,16.679272144208667,16.209381226558154,3.0
19.0,55.0,526.0,4.393326608937099,144660000000.0,140292000000.0,3200517.0,5892539.0,124554520089.0,236809357332.0,0.0,1.0,25.697651998367547,25.666991801759092,25.253593916100616,24.854686133450475,1.4800867098141315,2.0,2.0,42.02990262,-93.4660937,44.40708334,-89.77145833,1.0,1.0,1.0,2.0,16.209381226558154,16.679272144208667,4.0
55.0,19.0,526.0,4.393326608937099,140292000000.0,144660000000.0,5892539.0,3200517.0,236809357332.0,124554520089.0,0.0,1.0,25.697651998367547,25.666991801759092,25.253593916100616,24.854686133450475,1.4800867098141315,2.0,2.0,44.40708334,-89.77145833,42.02990262,-93.4660937,1.0,1.0,2.0,1.0,16.679272144208667,16.209381226558154,4.0
19.0,56.0,16.0,13.71693605969637,144660000000.0,251459000000.0,3200517.0,581381.0,124554520089.0,22158755434.0,0.0,0.0,0.0,0.0,0.0,0.0,0.0,2.0,0.0,42.02990262,-93.4660937,43.08797026,-107.1421614,1.0,1.0,1.0,1.0,16.209381226558154,21.60960275565295,4.0
56.0,19.0,16.0,13.71693605969637,251459000000.0,144660000000.0,581381.0,3200517.0,22158755434.0,124554520089.0,0.0,0.0,0.0,0.0,0.0,0.0,0.0,2.0,0.0,43.08797026,-107.1421614,42.02990262,-93.4660937,1.0,1.0,1.0,1.0,21.60960275565295,16.209381226558154,4.0
20.0,5.0,73.0,6.686327355417163,211754000000.0,134661000000.0,2937150.0,3045637.0,111373790850.0,95572089060.0,0.0,0.0,0.0,0.0,0.0,0.0,0.0,2.0,0.0,38.48536567,-98.08532491,34.91154416,-92.43423888,1.0,1.0,3.0,1.0,17.082248338214743,16.34192872200948,4.0
5.0,20.0,73.0,6.686327355417163,134661000000.0,211754000000.0,3045637.0,2937150.0,95572089060.0,111373790850.0,0.0,0.0,0.0,0.0,0.0,0.0,0.0,2.0,0.0,34.91154416,-92.43423888,38.48536567,-98.08532491,1.0,1.0,1.0,3.0,16.34192872200948,17.082248338214743,4.0
20.0,6.0,2468.0,22.672933925932544,211754000000.0,403671000000.0,2937150.0,39029342.0,111373790850.0,1821148127062.0,0.0,0.0,0.0,0.0,0.0,0.0,0.0,1.0,0.0,38.48536567,-98.08532491,37.83798795,-120.7490147,1.0,0.0,3.0,6.0,17.082248338214743,31.30033897737643,2.0
6.0,20.0,2468.0,22.672933925932544,403671000000.0,211754000000.0,39029342.0,2937150.0,1821148127062.0,111373790850.0,0.0,0.0,0.0,0.0,0.0,0.0,0.0,1.0,0.0,37.83798795,-120.7490147,38.48536567,-98.08532491,0.0,1.0,6.0,3.0,31.30033897737643,17.082248338214743,2.0
20.0,6.0,113.0,22.672933925932544,211754000000.0,403671000000.0,2937150.0,39029342.0,111373790850.0,1821148127062.0,0.0,0.0,0.0,0.0,0.0,0.0,0.0,1.0,0.0,38.48536567,-98.08532491,37.83798795,-120.7490147,1.0,0.0,3.0,6.0,17.082248338214743,31.30033897737643,4.0
6.0,20.0,113.0,22.672933925932544,403671000000.0,211754000000.0,39029342.0,2937150.0,1821148127062.0,111373790850.0,0.0,0.0,0.0,0.0,0.0,0.0,0.0,1.0,0.0,37.83798795,-120.7490147,38.48536567,-98.08532491,0.0,1.0,6.0,3.0,31.30033897737643,17.082248338214743,4.0
20.0,8.0,17.0,7.41903083484661,211754000000.0,268419000000.0,2937150.0,5839926.0,111373790850.0,286571008746.0,0.0,1.0,26.078691060500866,26.315815029404327,25.697651998367547,26.315815029404327,2.0040484333985913,2.0,2.0,38.48536567,-98.08532491,38.92883319,-105.4910899,1.0,1.0,3.0,2.0,17.082248338214743,20.380646878843788,4.0
8.0,20.0,17.0,7.41903083484661,268419000000.0,211754000000.0,5839926.0,2937150.0,286571008746.0,111373790850.0,0.0,1.0,26.078691060500866,26.315815029404327,25.697651998367547,26.315815029404327,2.0040484333985913,2.0,2.0,38.92883319,-105.4910899,38.48536567,-98.08532491,1.0,1.0,2.0,3.0,20.380646878843788,17.082248338214743,4.0
20.0,16.0,7.0,17.366434949565992,211754000000.0,214050000000.0,2937150.0,1939033.0,111373790850.0,69766407340.0,0.0,0.0,0.0,0.0,0.0,0.0,0.0,2.0,0.0,38.48536567,-98.08532491,44.26668842,-114.4612026,1.0,1.0,3.0,1.0,17.082248338214743,26.571052736864967,4.0
16.0,20.0,7.0,17.366434949565992,214050000000.0,211754000000.0,1939033.0,2937150.0,69766407340.0,111373790850.0,0.0,0.0,0.0,0.0,0.0,0.0,0.0,2.0,0.0,44.26668842,-114.4612026,38.48536567,-98.08532491,1.0,1.0,1.0,3.0,26.571052736864967,17.082248338214743,4.0
20.0,17.0,46.0,9.013591549019289,211754000000.0,143778000000.0,2937150.0,12582032.0,111373790850.0,545015880144.0,0.0,0.0,0.0,0.0,0.0,0.0,0.0,2.0,0.0,38.48536567,-98.08532491,39.84225886,-89.17445102,1.0,1.0,3.0,3.0,17.082248338214743,15.57382644068607,4.0
17.0,20.0,46.0,9.013591549019289,143778000000.0,211754000000.0,12582032.0,2937150.0,545015880144.0,111373790850.0,0.0,0.0,0.0,0.0,0.0,0.0,0.0,2.0,0.0,39.84225886,-89.17445102,38.48536567,-98.08532491,1.0,1.0,3.0,3.0,15.57382644068607,17.082248338214743,4.0
20.0,19.0,136.0,5.822459889200898,211754000000.0,144660000000.0,2937150.0,3200517.0,111373790850.0,124554520089.0,0.0,0.0,0.0,0.0,0.0,0.0,0.0,2.0,0.0,38.48536567,-98.08532491,42.02990262,-93.4660937,1.0,1.0,3.0,1.0,17.082248338214743,16.209381226558154,4.0
19.0,20.0,136.0,5.822459889200898,144660000000.0,211754000000.0,3200517.0,2937150.0,124554520089.0,111373790850.0,0.0,0.0,0.0,0.0,0.0,0.0,0.0,2.0,0.0,42.02990262,-93.4660937,38.48536567,-98.08532491,1.0,1.0,1.0,3.0,16.209381226558154,17.082248338214743,4.0
20.0,20.0,30814.0,1.0,211754000000.0,211754000000.0,2937150.0,2937150.0,111373790850.0,111373790850.0,1.0,0.0,0.0,0.0,0.0,0.0,0.0,2.0,0.0,38.48536567,-98.08532491,38.48536567,-98.08532491,1.0,1.0,3.0,3.0,17.082248338214743,17.082248338214743,2.0
20.0,20.0,30814.0,1.0,211754000000.0,211754000000.0,2937150.0,2937150.0,111373790850.0,111373790850.0,1.0,0.0,0.0,0.0,0.0,0.0,0.0,2.0,0.0,38.48536567,-98.08532491,38.48536567,-98.08532491,1.0,1.0,3.0,3.0,17.082248338214743,17.082248338214743,2.0
20.0,20.0,4774.0,1.0,211754000000.0,211754000000.0,2937150.0,2937150.0,111373790850.0,111373790850.0,1.0,0.0,0.0,0.0,0.0,0.0,0.0,2.0,0.0,38.48536567,-98.08532491,38.48536567,-98.08532491,1.0,1.0,3.0,3.0,17.082248338214743,17.082248338214743,3.0
20.0,20.0,4774.0,1.0,211754000000.0,211754000000.0,2937150.0,2937150.0,111373790850.0,111373790850.0,1.0,0.0,0.0,0.0,0.0,0.0,0.0,2.0,0.0,38.48536567,-98.08532491,38.48536567,-98.08532491,1.0,1.0,3.0,3.0,17.082248338214743,17.082248338214743,3.0
20.0,20.0,8045.0,1.0,211754000000.0,211754000000.0,2937150.0,2937150.0,111373790850.0,111373790850.0,1.0,0.0,0.0,0.0,0.0,0.0,0.0,2.0,0.0,38.48536567,-98.08532491,38.48536567,-98.08532491,1.0,1.0,3.0,3.0,17.082248338214743,17.082248338214743,4.0
20.0,20.0,8045.0,1.0,211754000000.0,211754000000.0,2937150.0,2937150.0,111373790850.0,111373790850.0,1.0,0.0,0.0,0.0,0.0,0.0,0.0,2.0,0.0,38.48536567,-98.08532491,38.48536567,-98.08532491,1.0,1.0,3.0,3.0,17.082248338214743,17.082248338214743,4.0
20.0,22.0,2.0,9.7001427863778,211754000000.0,111914000000.0,2937150.0,4590241.0,111373790850.0,147672643211.0,0.0,0.0,0.0,0.0,0.0,0.0,0.0,1.0,0.0,38.48536567,-98.08532491,31.0806972,-91.81925318,1.0,0.0,3.0,4.0,17.082248338214743,17.88009549830889,4.0
22.0,20.0,2.0,9.7001427863778,111914000000.0,211754000000.0,4590241.0,2937150.0,147672643211.0,111373790850.0,0.0,0.0,0.0,0.0,0.0,0.0,0.0,1.0,0.0,31.0806972,-91.81925318,38.48536567,-98.08532491,0.0,1.0,4.0,3.0,17.88009549830889,17.082248338214743,4.0
20.0,26.0,6.0,14.036918305685266,211754000000.0,146615000000.0,2937150.0,10034118.0,111373790850.0,382811635818.0,0.0,0.0,0.0,0.0,0.0,0.0,0.0,2.0,0.0,38.48536567,-98.08532491,44.04901725,-85.19808872,1.0,1.0,3.0,3.0,17.082248338214743,17.01071464423954,4.0
26.0,20.0,6.0,14.036918305685266,146615000000.0,211754000000.0,10034118.0,2937150.0,382811635818.0,111373790850.0,0.0,0.0,0.0,0.0,0.0,0.0,0.0,2.0,0.0,44.04901725,-85.19808872,38.48536567,-98.08532491,1.0,1.0,3.0,3.0,17.01071464423954,17.082248338214743,4.0
20.0,27.0,118.0,7.9505020068346495,211754000000.0,206232000000.0,2937150.0,5717184.0,111373790850.0,257393340864.0,0.0,0.0,0.0,0.0,0.0,0.0,0.0,2.0,0.0,38.48536567,-98.08532491,45.54670036,-94.4318287,1.0,1.0,3.0,2.0,17.082248338214743,17.499573988722897,4.0
27.0,20.0,118.0,7.9505020068346495,206232000000.0,211754000000.0,5717184.0,2937150.0,257393340864.0,111373790850.0,0.0,0.0,0.0,0.0,0.0,0.0,0.0,2.0,0.0,45.54670036,-94.4318287,38.48536567,-98.08532491,1.0,1.0,2.0,3.0,17.499573988722897,17.082248338214743,4.0
20.0,28.0,6.0,10.180702774004999,211754000000.0,121532000000.0,2937150.0,2940057.0,111373790850.0,85393955565.0,0.0,0.0,0.0,0.0,0.0,0.0,0.0,1.0,0.0,38.48536567,-98.08532491,32.79092429,-89.64612789,1.0,0.0,3.0,1.0,17.082248338214743,16.911601448146733,4.0
28.0,20.0,6.0,10.180702774004999,121532000000.0,211754000000.0,2940057.0,2937150.0,85393955565.0,111373790850.0,0.0,0.0,0.0,0.0,0.0,0.0,0.0,1.0,0.0,32.79092429,-89.64612789,38.48536567,-98.08532491,0.0,1.0,1.0,3.0,16.911601448146733,17.082248338214743,4.0
20.0,29.0,517.0,5.604692389620364,211754000000.0,178053000000.0,2937150.0,6177957.0,111373790850.0,226360344480.0,0.0,1.0,26.078691060500866,25.905347095727915,25.697651998367547,25.52344343953564,1.723604173594419,2.0,2.0,38.48536567,-98.08532491,38.45001591,-92.480744,1.0,1.0,3.0,3.0,17.082248338214743,15.754454007112106,2.0
29.0,20.0,517.0,5.604692389620364,178053000000.0,211754000000.0,6177957.0,2937150.0,226360344480.0,111373790850.0,0.0,1.0,26.078691060500866,25.905347095727915,25.697651998367547,25.52344343953564,1.723604173594419,2.0,2.0,38.45001591,-92.480744,38.48536567,-98.08532491,1.0,1.0,3.0,3.0,15.754454007112106,17.082248338214743,2.0
20.0,31.0,157.0,2.99099192430732,211754000000.0,198957000000.0,2937150.0,1967923.0,111373790850.0,76743093231.0,0.0,1.0,26.078691060500866,26.01635455792016,25.697651998367547,26.65544205649895,1.0956050796466135,2.0,2.0,38.48536567,-98.08532491,41.32123795,-99.03604101,1.0,1.0,3.0,2.0,17.082248338214743,17.515895874182647,2.0
31.0,20.0,157.0,2.99099192430732,198957000000.0,211754000000.0,1967923.0,2937150.0,76743093231.0,111373790850.0,0.0,1.0,26.078691060500866,26.01635455792016,25.697651998367547,26.65544205649895,1.0956050796466135,2.0,2.0,41.32123795,-99.03604101,38.48536567,-98.08532491,1.0,1.0,2.0,3.0,17.515895874182647,17.082248338214743,2.0
20.0,31.0,616.0,2.99099192430732,211754000000.0,198957000000.0,2937150.0,1967923.0,111373790850.0,76743093231.0,0.0,1.0,26.078691060500866,26.01635455792016,25.697651998367547,26.65544205649895,1.0956050796466135,2.0,2.0,38.48536567,-98.08532491,41.32123795,-99.03604101,1.0,1.0,3.0,2.0,17.082248338214743,17.515895874182647,4.0
31.0,20.0,616.0,2.99099192430732,198957000000.0,211754000000.0,1967923.0,2937150.0,76743093231.0,111373790850.0,0.0,1.0,26.078691060500866,26.01635455792016,25.697651998367547,26.65544205649895,1.0956050796466135,2.0,2.0,41.32123795,-99.03604101,38.48536567,-98.08532491,1.0,1.0,2.0,3.0,17.515895874182647,17.082248338214743,4.0
20.0,35.0,73.0,8.740136523059867,211754000000.0,314199000000.0,2937150.0,2113344.0,111373790850.0,71676175104.0,0.0,0.0,0.0,0.0,0.0,0.0,0.0,2.0,0.0,38.48536567,-98.08532491,34.54561168,-105.8871404,1.0,1.0,3.0,1.0,17.082248338214743,21.339852695679816,4.0
35.0,20.0,73.0,8.740136523059867,314199000000.0,211754000000.0,2113344.0,2937150.0,71676175104.0,111373790850.0,0.0,0.0,0.0,0.0,0.0,0.0,0.0,2.0,0.0,34.54561168,-105.8871404,38.48536567,-98.08532491,1.0,1.0,1.0,3.0,21.339852695679816,17.082248338214743,4.0
20.0,36.0,34.0,22.97144127330441,211754000000.0,122050000000.0,2937150.0,19677151.0,111373790850.0,933110177571.0,0.0,0.0,0.0,0.0,0.0,0.0,0.0,1.0,0.0,38.48536567,-98.08532491,42.55441095,-75.47714089,1.0,0.0,3.0,5.0,17.082248338214743,20.306235500394656,4.0
36.0,20.0,34.0,22.97144127330441,122050000000.0,211754000000.0,19677151.0,2937150.0,933110177571.0,111373790850.0,0.0,0.0,0.0,0.0,0.0,0.0,0.0,1.0,0.0,42.55441095,-75.47714089,38.48536567,-98.08532491,0.0,1.0,5.0,3.0,20.306235500394656,17.082248338214743,4.0
20.0,37.0,1949.0,18.8022261379404,211754000000.0,125933000000.0,2937150.0,10698973.0,111373790850.0,414060954073.0,0.0,0.0,0.0,0.0,0.0,0.0,0.0,1.0,0.0,38.48536567,-98.08532491,35.62288795,-79.50227002,1.0,0.0,3.0,4.0,17.082248338214743,18.22812437748468,2.0
37.0,20.0,1949.0,18.8022261379404,125933000000.0,211754000000.0,10698973.0,2937150.0,414060954073.0,111373790850.0,0.0,0.0,0.0,0.0,0.0,0.0,0.0,1.0,0.0,35.62288795,-79.50227002,38.48536567,-98.08532491,0.0,1.0,4.0,3.0,18.22812437748468,17.082248338214743,2.0
20.0,39.0,2.0,15.363653354323153,211754000000.0,105824000000.0,2937150.0,11756058.0,111373790850.0,445930792056.0,0.0,0.0,0.0,0.0,0.0,0.0,0.0,2.0,0.0,38.48536567,-98.08532491,40.31742129,-82.83129539,1.0,1.0,3.0,5.0,17.082248338214743,16.574187523725264,3.0
39.0,20.0,2.0,15.363653354323153,105824000000.0,211754000000.0,11756058.0,2937150.0,445930792056.0,111373790850.0,0.0,0.0,0.0,0.0,0.0,0.0,0.0,2.0,0.0,40.31742129,-82.83129539,38.48536567,-98.08532491,1.0,1.0,5.0,3.0,16.574187523725264,17.082248338214743,3.0
20.0,39.0,96.0,15.363653354323153,211754000000.0,105824000000.0,2937150.0,11756058.0,111373790850.0,445930792056.0,0.0,0.0,0.0,0.0,0.0,0.0,0.0,2.0,0.0,38.48536567,-98.08532491,40.31742129,-82.83129539,1.0,1.0,3.0,5.0,17.082248338214743,16.574187523725264,4.0
39.0,20.0,96.0,15.363653354323153,105824000000.0,211754000000.0,11756058.0,2937150.0,445930792056.0,111373790850.0,0.0,0.0,0.0,0.0,0.0,0.0,0.0,2.0,0.0,40.31742129,-82.83129539,38.48536567,-98.08532491,1.0,1.0,5.0,3.0,16.574187523725264,17.082248338214743,4.0
20.0,40.0,2099.0,3.097347119758109,211754000000.0,177664000000.0,2937150.0,4019800.0,111373790850.0,132372014000.0,0.0,1.0,26.078691060500866,25.903159962950642,25.697651998367547,25.385043173745792,1.1305459772928168,2.0,2.0,38.48536567,-98.08532491,35.50185248,-97.25333439,1.0,1.0,3.0,3.0,17.082248338214743,17.275428672333067,2.0
40.0,20.0,2099.0,3.097347119758109,177664000000.0,211754000000.0,4019800.0,2937150.0,132372014000.0,111373790850.0,0.0,1.0,26.078691060500866,25.903159962950642,25.697651998367547,25.385043173745792,1.1305459772928168,2.0,2.0,35.50185248,-97.25333439,38.48536567,-98.08532491,1.0,1.0,3.0,3.0,17.275428672333067,17.082248338214743,2.0
20.0,40.0,543.0,3.097347119758109,211754000000.0,177664000000.0,2937150.0,4019800.0,111373790850.0,132372014000.0,0.0,1.0,26.078691060500866,25.903159962950642,25.697651998367547,25.385043173745792,1.1305459772928168,2.0,2.0,38.48536567,-98.08532491,35.50185248,-97.25333439,1.0,1.0,3.0,3.0,17.082248338214743,17.275428672333067,4.0
40.0,20.0,543.0,3.097347119758109,177664000000.0,211754000000.0,4019800.0,2937150.0,132372014000.0,111373790850.0,0.0,1.0,26.078691060500866,25.903159962950642,25.697651998367547,25.385043173745792,1.1305459772928168,2.0,2.0,35.50185248,-97.25333439,38.48536567,-98.08532491,1.0,1.0,3.0,3.0,17.275428672333067,17.082248338214743,4.0
20.0,48.0,4164.0,6.85067937521214,211754000000.0,676681000000.0,2937150.0,30029572.0,111373790850.0,1144817373356.0,0.0,0.0,0.0,0.0,0.0,0.0,0.0,1.0,0.0,38.48536567,-98.08532491,31.65818605,-98.65226965,1.0,0.0,3.0,9.0,17.082248338214743,19.151923784122165,2.0
48.0,20.0,4164.0,6.85067937521214,676681000000.0,211754000000.0,30029572.0,2937150.0,1144817373356.0,111373790850.0,0.0,0.0,0.0,0.0,0.0,0.0,0.0,1.0,0.0,31.65818605,-98.65226965,38.48536567,-98.08532491,0.0,1.0,9.0,3.0,19.151923784122165,17.082248338214743,2.0
20.0,49.0,2.0,13.563865693663809,211754000000.0,213355000000.0,2937150.0,3380800.0,111373790850.0,130208131200.0,0.0,0.0,0.0,0.0,0.0,0.0,0.0,2.0,0.0,38.48536567,-98.08532491,39.63565035,-111.6003276,1.0,1.0,3.0,2.0,17.082248338214743,24.10238778282654,4.0
49.0,20.0,2.0,13.563865693663809,213355000000.0,211754000000.0,3380800.0,2937150.0,130208131200.0,111373790850.0,0.0,0.0,0.0,0.0,0.0,0.0,0.0,2.0,0.0,39.63565035,-111.6003276,38.48536567,-98.08532491,1.0,1.0,2.0,3.0,24.10238778282654,17.082248338214743,4.0
21.0,1.0,62.0,4.977654930821917,102283000000.0,131175000000.0,4512310.0,5074296.0,153328293800.0,171394495992.0,0.0,0.0,0.0,0.0,0.0,0.0,0.0,1.0,0.0,37.62171898,-85.20171191,32.87856631,-86.71153023,1.0,0.0,3.0,3.0,15.95009217326982,17.04356957796615,4.0
1.0,21.0,62.0,4.977654930821917,131175000000.0,102283000000.0,5074296.0,4512310.0,171394495992.0,153328293800.0,0.0,0.0,0.0,0.0,0.0,0.0,0.0,1.0,0.0,32.87856631,-86.71153023,37.62171898,-85.20171191,0.0,1.0,3.0,3.0,17.04356957796615,15.95009217326982,4.0
21.0,5.0,22.0,7.723632171895509,102283000000.0,134661000000.0,4512310.0,3045637.0,153328293800.0,95572089060.0,0.0,0.0,0.0,0.0,0.0,0.0,0.0,2.0,0.0,37.62171898,-85.20171191,34.91154416,-92.43423888,1.0,1.0,3.0,1.0,15.95009217326982,16.34192872200948,4.0
5.0,21.0,22.0,7.723632171895509,134661000000.0,102283000000.0,3045637.0,4512310.0,95572089060.0,153328293800.0,0.0,0.0,0.0,0.0,0.0,0.0,0.0,2.0,0.0,34.91154416,-92.43423888,37.62171898,-85.20171191,1.0,1.0,1.0,3.0,16.34192872200948,15.95009217326982,4.0
21.0,13.0,38.0,5.081884650858871,102283000000.0,149486000000.0,4512310.0,10912876.0,153328293800.0,418814355128.0,0.0,0.0,0.0,0.0,0.0,0.0,0.0,1.0,0.0,37.62171898,-85.20171191,32.8067682,-83.57635023,1.0,0.0,3.0,3.0,15.95009217326982,17.725298242771597,4.0
13.0,21.0,38.0,5.081884650858871,149486000000.0,102283000000.0,10912876.0,4512310.0,418814355128.0,153328293800.0,0.0,0.0,0.0,0.0,0.0,0.0,0.0,1.0,0.0,32.8067682,-83.57635023,37.62171898,-85.20171191,0.0,1.0,3.0,3.0,17.725298242771597,15.95009217326982,4.0
21.0,17.0,26.0,4.551203510588608,102283000000.0,143778000000.0,4512310.0,12582032.0,153328293800.0,545015880144.0,0.0,1.0,25.3510093181868,25.6915362802649,26.078691060500866,26.089475469537366,1.5153917058085047,2.0,2.0,37.62171898,-85.20171191,39.84225886,-89.17445102,1.0,1.0,3.0,3.0,15.95009217326982,15.57382644068607,4.0
17.0,21.0,26.0,4.551203510588608,143778000000.0,102283000000.0,12582032.0,4512310.0,545015880144.0,153328293800.0,0.0,1.0,25.3510093181868,25.6915362802649,26.078691060500866,26.089475469537366,1.5153917058085047,2.0,2.0,39.84225886,-89.17445102,37.62171898,-85.20171191,1.0,1.0,3.0,3.0,15.57382644068607,15.95009217326982,4.0
21.0,18.0,175.0,2.4391809374922935,102283000000.0,92788998225.0,4512310.0,6833037.0,153328293800.0,245880003408.0,0.0,0.0,0.0,0.0,0.0,0.0,0.0,2.0,0.0,37.62171898,-85.20171191,39.83861922,-86.21904026,1.0,1.0,3.0,4.0,15.95009217326982,15.783365211857229,3.0
18.0,21.0,175.0,2.4391809374922935,92788998225.0,102283000000.0,6833037.0,4512310.0,245880003408.0,153328293800.0,0.0,0.0,0.0,0.0,0.0,0.0,0.0,2.0,0.0,39.83861922,-86.21904026,37.62171898,-85.20171191,1.0,1.0,4.0,3.0,15.783365211857229,15.95009217326982,3.0
21.0,18.0,90.0,2.4391809374922935,102283000000.0,92788998225.0,4512310.0,6833037.0,153328293800.0,245880003408.0,0.0,0.0,0.0,0.0,0.0,0.0,0.0,2.0,0.0,37.62171898,-85.20171191,39.83861922,-86.21904026,1.0,1.0,3.0,4.0,15.95009217326982,15.783365211857229,4.0
18.0,21.0,90.0,2.4391809374922935,92788998225.0,102283000000.0,6833037.0,4512310.0,245880003408.0,153328293800.0,0.0,0.0,0.0,0.0,0.0,0.0,0.0,2.0,0.0,39.83861922,-86.21904026,37.62171898,-85.20171191,1.0,1.0,4.0,3.0,15.783365211857229,15.95009217326982,4.0
21.0,19.0,6.0,9.366540950364085,102283000000.0,144660000000.0,4512310.0,3200517.0,153328293800.0,124554520089.0,0.0,1.0,25.3510093181868,25.697651998367547,26.078691060500866,25.253593916100616,2.2371438659122043,2.0,2.0,37.62171898,-85.20171191,42.02990262,-93.4660937,1.0,1.0,3.0,1.0,15.95009217326982,16.209381226558154,4.0
19.0,21.0,6.0,9.366540950364085,144660000000.0,102283000000.0,3200517.0,4512310.0,124554520089.0,153328293800.0,0.0,1.0,25.3510093181868,25.697651998367547,26.078691060500866,25.253593916100616,2.2371438659122043,2.0,2.0,42.02990262,-93.4660937,37.62171898,-85.20171191,1.0,1.0,1.0,3.0,16.209381226558154,15.95009217326982,4.0
21.0,21.0,1552.0,1.0,102283000000.0,102283000000.0,4512310.0,4512310.0,153328293800.0,153328293800.0,1.0,0.0,0.0,0.0,0.0,0.0,0.0,2.0,0.0,37.62171898,-85.20171191,37.62171898,-85.20171191,1.0,1.0,3.0,3.0,15.95009217326982,15.95009217326982,2.0
21.0,21.0,1552.0,1.0,102283000000.0,102283000000.0,4512310.0,4512310.0,153328293800.0,153328293800.0,1.0,0.0,0.0,0.0,0.0,0.0,0.0,2.0,0.0,37.62171898,-85.20171191,37.62171898,-85.20171191,1.0,1.0,3.0,3.0,15.95009217326982,15.95009217326982,2.0
21.0,21.0,412.0,1.0,102283000000.0,102283000000.0,4512310.0,4512310.0,153328293800.0,153328293800.0,1.0,0.0,0.0,0.0,0.0,0.0,0.0,2.0,0.0,37.62171898,-85.20171191,37.62171898,-85.20171191,1.0,1.0,3.0,3.0,15.95009217326982,15.95009217326982,4.0
21.0,21.0,412.0,1.0,102283000000.0,102283000000.0,4512310.0,4512310.0,153328293800.0,153328293800.0,1.0,0.0,0.0,0.0,0.0,0.0,0.0,2.0,0.0,37.62171898,-85.20171191,37.62171898,-85.20171191,1.0,1.0,3.0,3.0,15.95009217326982,15.95009217326982,4.0
21.0,22.0,1727.0,9.304666484436055,102283000000.0,111914000000.0,4512310.0,4590241.0,153328293800.0,147672643211.0,0.0,0.0,0.0,0.0,0.0,0.0,0.0,1.0,0.0,37.62171898,-85.20171191,31.0806972,-91.81925318,1.0,0.0,3.0,4.0,15.95009217326982,17.88009549830889,2.0
22.0,21.0,1727.0,9.304666484436055,111914000000.0,102283000000.0,4590241.0,4512310.0,147672643211.0,153328293800.0,0.0,0.0,0.0,0.0,0.0,0.0,0.0,1.0,0.0,31.0806972,-91.81925318,37.62171898,-85.20171191,0.0,1.0,4.0,3.0,17.88009549830889,15.95009217326982,2.0
21.0,22.0,843.0,9.304666484436055,102283000000.0,111914000000.0,4512310.0,4590241.0,153328293800.0,147672643211.0,0.0,0.0,0.0,0.0,0.0,0.0,0.0,1.0,0.0,37.62171898,-85.20171191,31.0806972,-91.81925318,1.0,0.0,3.0,4.0,15.95009217326982,17.88009549830889,3.0
22.0,21.0,843.0,9.304666484436055,111914000000.0,102283000000.0,4590241.0,4512310.0,147672643211.0,153328293800.0,0.0,0.0,0.0,0.0,0.0,0.0,0.0,1.0,0.0,31.0806972,-91.81925318,37.62171898,-85.20171191,0.0,1.0,4.0,3.0,17.88009549830889,15.95009217326982,3.0
21.0,28.0,38.0,6.564252489066181,102283000000.0,121532000000.0,4512310.0,2940057.0,153328293800.0,85393955565.0,0.0,0.0,0.0,0.0,0.0,0.0,0.0,1.0,0.0,37.62171898,-85.20171191,32.79092429,-89.64612789,1.0,0.0,3.0,1.0,15.95009217326982,16.911601448146733,4.0
28.0,21.0,38.0,6.564252489066181,121532000000.0,102283000000.0,2940057.0,4512310.0,85393955565.0,153328293800.0,0.0,0.0,0.0,0.0,0.0,0.0,0.0,1.0,0.0,32.79092429,-89.64612789,37.62171898,-85.20171191,0.0,1.0,1.0,3.0,16.911601448146733,15.95009217326982,4.0
21.0,29.0,12.0,7.326007369058347,102283000000.0,178053000000.0,4512310.0,6177957.0,153328293800.0,226360344480.0,0.0,1.0,25.3510093181868,25.905347095727915,26.078691060500866,25.52344343953564,1.991430670233587,2.0,2.0,37.62171898,-85.20171191,38.45001591,-92.480744,1.0,1.0,3.0,3.0,15.95009217326982,15.754454007112106,4.0
29.0,21.0,12.0,7.326007369058347,178053000000.0,102283000000.0,6177957.0,4512310.0,226360344480.0,153328293800.0,0.0,1.0,25.3510093181868,25.905347095727915,26.078691060500866,25.52344343953564,1.991430670233587,2.0,2.0,38.45001591,-92.480744,37.62171898,-85.20171191,1.0,1.0,3.0,3.0,15.754454007112106,15.95009217326982,4.0
21.0,38.0,15.0,17.943253305920546,102283000000.0,178698000000.0,4512310.0,779261.0,153328293800.0,32573109800.0,0.0,0.0,0.0,0.0,0.0,0.0,0.0,2.0,0.0,37.62171898,-85.20171191,47.39323862,-100.2508894,1.0,1.0,3.0,1.0,15.95009217326982,19.833784382087305,4.0
38.0,21.0,15.0,17.943253305920546,178698000000.0,102283000000.0,779261.0,4512310.0,32573109800.0,153328293800.0,0.0,0.0,0.0,0.0,0.0,0.0,0.0,2.0,0.0,47.39323862,-100.2508894,37.62171898,-85.20171191,1.0,1.0,1.0,3.0,19.833784382087305,15.95009217326982,4.0
21.0,47.0,167.0,1.9595053580966428,102283000000.0,106792000000.0,4512310.0,7051339.0,153328293800.0,258812346656.0,0.0,1.0,25.3510093181868,25.394148854299843,26.078691060500866,25.975141280048376,0.6726920730741437,2.0,2.0,37.62171898,-85.20171191,35.88471808,-86.10862377,1.0,1.0,3.0,4.0,15.95009217326982,16.086867263002663,4.0
47.0,21.0,167.0,1.9595053580966428,106792000000.0,102283000000.0,7051339.0,4512310.0,258812346656.0,153328293800.0,0.0,1.0,25.3510093181868,25.394148854299843,26.078691060500866,25.975141280048376,0.6726920730741437,2.0,2.0,35.88471808,-86.10862377,37.62171898,-85.20171191,1.0,1.0,4.0,3.0,16.086867263002663,15.95009217326982,4.0
21.0,54.0,1.0,4.734554072826945,102283000000.0,62266296765.0,4512310.0,1775156.0,153328293800.0,56666529832.0,0.0,1.0,25.3510093181868,24.854686133450475,26.078691060500866,25.87144612504916,1.5548875453978364,2.0,2.0,37.62171898,-85.20171191,38.81190905,-80.61919624,1.0,1.0,3.0,1.0,15.95009217326982,17.229635728845473,3.0
54.0,21.0,1.0,4.734554072826945,62266296765.0,102283000000.0,1775156.0,4512310.0,56666529832.0,153328293800.0,0.0,1.0,25.3510093181868,24.854686133450475,26.078691060500866,25.87144612504916,1.5548875453978364,2.0,2.0,38.81190905,-80.61919624,37.62171898,-85.20171191,1.0,1.0,1.0,3.0,17.229635728845473,15.95009217326982,3.0
22.0,1.0,3.0,5.414902314044916,111914000000.0,131175000000.0,4590241.0,5074296.0,147672643211.0,171394495992.0,0.0,0.0,0.0,0.0,0.0,0.0,0.0,0.0,0.0,31.0806972,-91.81925318,32.87856631,-86.71153023,0.0,0.0,4.0,3.0,17.88009549830889,17.04356957796615,4.0
1.0,22.0,3.0,5.414902314044916,131175000000.0,111914000000.0,5074296.0,4590241.0,171394495992.0,147672643211.0,0.0,0.0,0.0,0.0,0.0,0.0,0.0,0.0,0.0,32.87856631,-86.71153023,31.0806972,-91.81925318,0.0,0.0,3.0,4.0,17.04356957796615,17.88009549830889,4.0
22.0,22.0,27031.0,1.0,111914000000.0,111914000000.0,4590241.0,4590241.0,147672643211.0,147672643211.0,1.0,0.0,0.0,0.0,0.0,0.0,0.0,0.0,0.0,31.0806972,-91.81925318,31.0806972,-91.81925318,0.0,0.0,4.0,4.0,17.88009549830889,17.88009549830889,2.0
22.0,22.0,27031.0,1.0,111914000000.0,111914000000.0,4590241.0,4590241.0,147672643211.0,147672643211.0,1.0,0.0,0.0,0.0,0.0,0.0,0.0,0.0,0.0,31.0806972,-91.81925318,31.0806972,-91.81925318,0.0,0.0,4.0,4.0,17.88009549830889,17.88009549830889,2.0
22.0,22.0,22240.0,1.0,111914000000.0,111914000000.0,4590241.0,4590241.0,147672643211.0,147672643211.0,1.0,0.0,0.0,0.0,0.0,0.0,0.0,0.0,0.0,31.0806972,-91.81925318,31.0806972,-91.81925318,0.0,0.0,4.0,4.0,17.88009549830889,17.88009549830889,3.0
22.0,22.0,22240.0,1.0,111914000000.0,111914000000.0,4590241.0,4590241.0,147672643211.0,147672643211.0,1.0,0.0,0.0,0.0,0.0,0.0,0.0,0.0,0.0,31.0806972,-91.81925318,31.0806972,-91.81925318,0.0,0.0,4.0,4.0,17.88009549830889,17.88009549830889,3.0
22.0,22.0,1388.0,1.0,111914000000.0,111914000000.0,4590241.0,4590241.0,147672643211.0,147672643211.0,1.0,0.0,0.0,0.0,0.0,0.0,0.0,0.0,0.0,31.0806972,-91.81925318,31.0806972,-91.81925318,0.0,0.0,4.0,4.0,17.88009549830889,17.88009549830889,4.0
22.0,22.0,1388.0,1.0,111914000000.0,111914000000.0,4590241.0,4590241.0,147672643211.0,147672643211.0,1.0,0.0,0.0,0.0,0.0,0.0,0.0,0.0,0.0,31.0806972,-91.81925318,31.0806972,-91.81925318,0.0,0.0,4.0,4.0,17.88009549830889,17.88009549830889,4.0
22.0,28.0,5.0,2.765384281688073,111914000000.0,121532000000.0,4590241.0,2940057.0,147672643211.0,85393955565.0,0.0,1.0,25.440996556145354,25.52344343953564,25.3510093181868,26.052267585625444,1.0171796060363865,0.0,0.0,31.0806972,-91.81925318,32.79092429,-89.64612789,0.0,0.0,4.0,1.0,17.88009549830889,16.911601448146733,3.0
28.0,22.0,5.0,2.765384281688073,121532000000.0,111914000000.0,2940057.0,4590241.0,85393955565.0,147672643211.0,0.0,1.0,25.440996556145354,25.52344343953564,25.3510093181868,26.052267585625444,1.0171796060363865,0.0,0.0,32.79092429,-89.64612789,31.0806972,-91.81925318,0.0,0.0,1.0,4.0,16.911601448146733,17.88009549830889,3.0
22.0,40.0,1.0,7.00541594816089,111914000000.0,177664000000.0,4590241.0,4019800.0,147672643211.0,132372014000.0,0.0,0.0,0.0,0.0,0.0,0.0,0.0,1.0,0.0,31.0806972,-91.81925318,35.50185248,-97.25333439,0.0,1.0,4.0,3.0,17.88009549830889,17.275428672333067,4.0
40.0,22.0,1.0,7.00541594816089,177664000000.0,111914000000.0,4019800.0,4590241.0,132372014000.0,147672643211.0,0.0,0.0,0.0,0.0,0.0,0.0,0.0,1.0,0.0,35.50185248,-97.25333439,31.0806972,-91.81925318,1.0,0.0,3.0,4.0,17.275428672333067,17.88009549830889,4.0
23.0,23.0,1.0,1.0,79888428972.0,79888428972.0,1385340.0,1385340.0,57059383920.0,57059383920.0,1.0,0.0,0.0,0.0,0.0,0.0,0.0,0.0,0.0,44.67621581,-69.49838161,44.67621581,-69.49838161,0.0,0.0,1.0,1.0,25.498182378239225,25.498182378239225,2.0
23.0,23.0,1.0,1.0,79888428972.0,79888428972.0,1385340.0,1385340.0,57059383920.0,57059383920.0,1.0,0.0,0.0,0.0,0.0,0.0,0.0,0.0,0.0,44.67621581,-69.49838161,44.67621581,-69.49838161,0.0,0.0,1.0,1.0,25.498182378239225,25.498182378239225,2.0
23.0,36.0,61.0,6.344101070451654,79888428972.0,122050000000.0,1385340.0,19677151.0,57059383920.0,933110177571.0,0.0,0.0,0.0,0.0,0.0,0.0,0.0,0.0,0.0,44.67621581,-69.49838161,42.55441095,-75.47714089,0.0,0.0,1.0,5.0,25.498182378239225,20.306235500394656,3.0
36.0,23.0,61.0,6.344101070451654,122050000000.0,79888428972.0,19677151.0,1385340.0,933110177571.0,57059383920.0,0.0,0.0,0.0,0.0,0.0,0.0,0.0,0.0,0.0,42.55441095,-75.47714089,44.67621581,-69.49838161,0.0,0.0,5.0,1.0,20.306235500394656,25.498182378239225,3.0
23.0,42.0,29.0,8.988367460204136,79888428972.0,115882000000.0,1385340.0,12972008.0,57059383920.0,538195639912.0,0.0,0.0,0.0,0.0,0.0,0.0,0.0,1.0,0.0,44.67621581,-69.49838161,40.82029613,-77.61765701,0.0,1.0,1.0,4.0,25.498182378239225,18.7216652918346,2.0
42.0,23.0,29.0,8.988367460204136,115882000000.0,79888428972.0,12972008.0,1385340.0,538195639912.0,57059383920.0,0.0,0.0,0.0,0.0,0.0,0.0,0.0,1.0,0.0,40.82029613,-77.61765701,44.67621581,-69.49838161,1.0,0.0,4.0,1.0,18.7216652918346,25.498182378239225,2.0
24.0,1.0,6.0,11.752020602493264,25151895765.0,131175000000.0,6164660.0,5074296.0,303523199760.0,171394495992.0,0.0,0.0,0.0,0.0,0.0,0.0,0.0,0.0,0.0,39.0026629,-76.68130445,32.87856631,-86.71153023,0.0,0.0,3.0,3.0,19.12502906003085,17.04356957796615,3.0
1.0,24.0,6.0,11.752020602493264,131175000000.0,25151895765.0,5074296.0,6164660.0,171394495992.0,303523199760.0,0.0,0.0,0.0,0.0,0.0,0.0,0.0,0.0,0.0,32.87856631,-86.71153023,39.0026629,-76.68130445,0.0,0.0,3.0,3.0,17.04356957796615,19.12502906003085,3.0
24.0,9.0,95.0,4.793268556001927,25151895765.0,12541688516.0,6164660.0,3626205.0,303523199760.0,187043280105.0,0.0,0.0,0.0,0.0,0.0,0.0,0.0,0.0,0.0,39.0026629,-76.68130445,41.59547524,-72.64983479,0.0,0.0,3.0,3.0,19.12502906003085,22.075904617027604,3.0
9.0,24.0,95.0,4.793268556001927,12541688516.0,25151895765.0,3626205.0,6164660.0,187043280105.0,303523199760.0,0.0,0.0,0.0,0.0,0.0,0.0,0.0,0.0,0.0,41.59547524,-72.64983479,39.0026629,-76.68130445,0.0,0.0,3.0,3.0,22.075904617027604,19.12502906003085,3.0
24.0,10.0,51.0,1.1919362585117423,25151895765.0,5046731558.0,6164660.0,1018396.0,303523199760.0,43354136116.0,0.0,1.0,23.948199108981374,22.342006654461212,25.103896860357782,22.342006654461212,0.17557909281045045,0.0,0.0,39.0026629,-76.68130445,39.11541037,-75.49471267,0.0,0.0,3.0,2.0,19.12502906003085,19.894362036037933,4.0
10.0,24.0,51.0,1.1919362585117423,5046731558.0,25151895765.0,1018396.0,6164660.0,43354136116.0,303523199760.0,0.0,1.0,23.948199108981374,22.342006654461212,25.103896860357782,22.342006654461212,0.17557909281045045,0.0,0.0,39.11541037,-75.49471267,39.0026629,-76.68130445,0.0,0.0,2.0,3.0,19.894362036037933,19.12502906003085,4.0
24.0,13.0,8.0,9.269884974571363,25151895765.0,149486000000.0,6164660.0,10912876.0,303523199760.0,418814355128.0,0.0,0.0,0.0,0.0,0.0,0.0,0.0,0.0,0.0,39.0026629,-76.68130445,32.8067682,-83.57635023,0.0,0.0,3.0,3.0,19.12502906003085,17.725298242771597,3.0
13.0,24.0,8.0,9.269884974571363,149486000000.0,25151895765.0,10912876.0,6164660.0,418814355128.0,303523199760.0,0.0,0.0,0.0,0.0,0.0,0.0,0.0,0.0,0.0,32.8067682,-83.57635023,39.0026629,-76.68130445,0.0,0.0,3.0,3.0,17.725298242771597,19.12502906003085,3.0
24.0,23.0,7.0,9.153337268338976,25151895765.0,79888428972.0,6164660.0,1385340.0,303523199760.0,57059383920.0,0.0,0.0,0.0,0.0,0.0,0.0,0.0,0.0,0.0,39.0026629,-76.68130445,44.67621581,-69.49838161,0.0,0.0,3.0,1.0,19.12502906003085,25.498182378239225,3.0
23.0,24.0,7.0,9.153337268338976,79888428972.0,25151895765.0,1385340.0,6164660.0,57059383920.0,303523199760.0,0.0,0.0,0.0,0.0,0.0,0.0,0.0,0.0,0.0,44.67621581,-69.49838161,39.0026629,-76.68130445,0.0,0.0,1.0,3.0,25.498182378239225,19.12502906003085,3.0
24.0,24.0,1999.0,1.0,25151895765.0,25151895765.0,6164660.0,6164660.0,303523199760.0,303523199760.0,1.0,0.0,0.0,0.0,0.0,0.0,0.0,0.0,0.0,39.0026629,-76.68130445,39.0026629,-76.68130445,0.0,0.0,3.0,3.0,19.12502906003085,19.12502906003085,3.0
24.0,24.0,1999.0,1.0,25151895765.0,25151895765.0,6164660.0,6164660.0,303523199760.0,303523199760.0,1.0,0.0,0.0,0.0,0.0,0.0,0.0,0.0,0.0,39.0026629,-76.68130445,39.0026629,-76.68130445,0.0,0.0,3.0,3.0,19.12502906003085,19.12502906003085,3.0
24.0,24.0,1297.0,1.0,25151895765.0,25151895765.0,6164660.0,6164660.0,303523199760.0,303523199760.0,1.0,0.0,0.0,0.0,0.0,0.0,0.0,0.0,0.0,39.0026629,-76.68130445,39.0026629,-76.68130445,0.0,0.0,3.0,3.0,19.12502906003085,19.12502906003085,4.0
24.0,24.0,1297.0,1.0,25151895765.0,25151895765.0,6164660.0,6164660.0,303523199760.0,303523199760.0,1.0,0.0,0.0,0.0,0.0,0.0,0.0,0.0,0.0,39.0026629,-76.68130445,39.0026629,-76.68130445,0.0,0.0,3.0,3.0,19.12502906003085,19.12502906003085,4.0
24.0,25.0,121.0,6.082430474936818,25151895765.0,20204396898.0,6164660.0,6981974.0,303523199760.0,377201145350.0,0.0,0.0,0.0,0.0,0.0,0.0,0.0,0.0,0.0,39.0026629,-76.68130445,42.10673796,-71.45056086,0.0,0.0,3.0,2.0,19.12502906003085,23.121420198899447,3.0
25.0,24.0,121.0,6.082430474936818,20204396898.0,25151895765.0,6981974.0,6164660.0,377201145350.0,303523199760.0,0.0,0.0,0.0,0.0,0.0,0.0,0.0,0.0,0.0,42.10673796,-71.45056086,39.0026629,-76.68130445,0.0,0.0,2.0,3.0,23.121420198899447,19.12502906003085,3.0
24.0,26.0,2.0,9.89956092599482,25151895765.0,146615000000.0,6164660.0,10034118.0,303523199760.0,382811635818.0,0.0,0.0,0.0,0.0,0.0,0.0,0.0,1.0,0.0,39.0026629,-76.68130445,44.04901725,-85.19808872,0.0,1.0,3.0,3.0,19.12502906003085,17.01071464423954,3.0
26.0,24.0,2.0,9.89956092599482,146615000000.0,25151895765.0,10034118.0,6164660.0,382811635818.0,303523199760.0,0.0,0.0,0.0,0.0,0.0,0.0,0.0,1.0,0.0,44.04901725,-85.19808872,39.0026629,-76.68130445,1.0,0.0,3.0,3.0,17.01071464423954,19.12502906003085,3.0
24.0,33.0,1.0,6.786384090981904,25151895765.0,23190113978.0,6164660.0,1395231.0,303523199760.0,68758378911.0,0.0,0.0,0.0,0.0,0.0,0.0,0.0,0.0,0.0,39.0026629,-76.68130445,43.47455644,-71.57668133,0.0,0.0,3.0,2.0,19.12502906003085,23.322033096551305,4.0
33.0,24.0,1.0,6.786384090981904,23190113978.0,25151895765.0,1395231.0,6164660.0,68758378911.0,303523199760.0,0.0,0.0,0.0,0.0,0.0,0.0,0.0,0.0,0.0,43.47455644,-71.57668133,39.0026629,-76.68130445,0.0,0.0,2.0,3.0,23.322033096551305,19.12502906003085,4.0
24.0,34.0,119.0,2.424411730637115,25151895765.0,19048737655.0,6164660.0,9261699.0,303523199760.0,474865831128.0,0.0,0.0,0.0,0.0,0.0,0.0,0.0,0.0,0.0,39.0026629,-76.68130445,40.2804298,-74.62094429,0.0,0.0,3.0,2.0,19.12502906003085,20.49985798951152,3.0
34.0,24.0,119.0,2.424411730637115,19048737655.0,25151895765.0,9261699.0,6164660.0,474865831128.0,303523199760.0,0.0,0.0,0.0,0.0,0.0,0.0,0.0,0.0,0.0,40.2804298,-74.62094429,39.0026629,-76.68130445,0.0,0.0,2.0,3.0,20.49985798951152,19.12502906003085,3.0
24.0,34.0,21.0,2.424411730637115,25151895765.0,19048737655.0,6164660.0,9261699.0,303523199760.0,474865831128.0,0.0,0.0,0.0,0.0,0.0,0.0,0.0,0.0,0.0,39.0026629,-76.68130445,40.2804298,-74.62094429,0.0,0.0,3.0,2.0,19.12502906003085,20.49985798951152,4.0
34.0,24.0,21.0,2.424411730637115,19048737655.0,25151895765.0,9261699.0,6164660.0,474865831128.0,303523199760.0,0.0,0.0,0.0,0.0,0.0,0.0,0.0,0.0,0.0,40.2804298,-74.62094429,39.0026629,-76.68130445,0.0,0.0,2.0,3.0,20.49985798951152,19.12502906003085,4.0
24.0,36.0,132.0,3.750323198060492,25151895765.0,122050000000.0,6164660.0,19677151.0,303523199760.0,933110177571.0,0.0,0.0,0.0,0.0,0.0,0.0,0.0,0.0,0.0,39.0026629,-76.68130445,42.55441095,-75.47714089,0.0,0.0,3.0,5.0,19.12502906003085,20.306235500394656,3.0
36.0,24.0,132.0,3.750323198060492,122050000000.0,25151895765.0,19677151.0,6164660.0,933110177571.0,303523199760.0,0.0,0.0,0.0,0.0,0.0,0.0,0.0,0.0,0.0,42.55441095,-75.47714089,39.0026629,-76.68130445,0.0,0.0,5.0,3.0,20.306235500394656,19.12502906003085,3.0
24.0,36.0,8.0,3.750323198060492,25151895765.0,122050000000.0,6164660.0,19677151.0,303523199760.0,933110177571.0,0.0,0.0,0.0,0.0,0.0,0.0,0.0,0.0,0.0,39.0026629,-76.68130445,42.55441095,-75.47714089,0.0,0.0,3.0,5.0,19.12502906003085,20.306235500394656,4.0
36.0,24.0,8.0,3.750323198060492,122050000000.0,25151895765.0,19677151.0,6164660.0,933110177571.0,303523199760.0,0.0,0.0,0.0,0.0,0.0,0.0,0.0,0.0,0.0,42.55441095,-75.47714089,39.0026629,-76.68130445,0.0,0.0,5.0,3.0,20.306235500394656,19.12502906003085,4.0
24.0,37.0,143.0,4.402354535901545,25151895765.0,125933000000.0,6164660.0,10698973.0,303523199760.0,414060954073.0,0.0,0.0,0.0,0.0,0.0,0.0,0.0,0.0,0.0,39.0026629,-76.68130445,35.62288795,-79.50227002,0.0,0.0,3.0,4.0,19.12502906003085,18.22812437748468,3.0
37.0,24.0,143.0,4.402354535901545,125933000000.0,25151895765.0,10698973.0,6164660.0,414060954073.0,303523199760.0,0.0,0.0,0.0,0.0,0.0,0.0,0.0,0.0,0.0,35.62288795,-79.50227002,39.0026629,-76.68130445,0.0,0.0,4.0,3.0,18.22812437748468,19.12502906003085,3.0
24.0,37.0,85.0,4.402354535901545,25151895765.0,125933000000.0,6164660.0,10698973.0,303523199760.0,414060954073.0,0.0,0.0,0.0,0.0,0.0,0.0,0.0,0.0,0.0,39.0026629,-76.68130445,35.62288795,-79.50227002,0.0,0.0,3.0,4.0,19.12502906003085,18.22812437748468,4.0
37.0,24.0,85.0,4.402354535901545,125933000000.0,25151895765.0,10698973.0,6164660.0,414060954073.0,303523199760.0,0.0,0.0,0.0,0.0,0.0,0.0,0.0,0.0,0.0,35.62288795,-79.50227002,39.0026629,-76.68130445,0.0,0.0,4.0,3.0,18.22812437748468,19.12502906003085,4.0
24.0,39.0,3.0,6.288956844036809,25151895765.0,105824000000.0,6164660.0,11756058.0,303523199760.0,445930792056.0,0.0,0.0,0.0,0.0,0.0,0.0,0.0,1.0,0.0,39.0026629,-76.68130445,40.31742129,-82.83129539,0.0,1.0,3.0,5.0,19.12502906003085,16.574187523725264,4.0
39.0,24.0,3.0,6.288956844036809,105824000000.0,25151895765.0,11756058.0,6164660.0,445930792056.0,303523199760.0,0.0,0.0,0.0,0.0,0.0,0.0,0.0,1.0,0.0,40.31742129,-82.83129539,39.0026629,-76.68130445,1.0,0.0,5.0,3.0,16.574187523725264,19.12502906003085,4.0
24.0,42.0,131.0,2.044638519498939,25151895765.0,115882000000.0,6164660.0,12972008.0,303523199760.0,538195639912.0,0.0,1.0,23.948199108981374,25.47583826893231,25.103896860357782,26.239223640412757,0.7152210107891269,1.0,1.0,39.0026629,-76.68130445,40.82029613,-77.61765701,0.0,1.0,3.0,4.0,19.12502906003085,18.7216652918346,2.0
42.0,24.0,131.0,2.044638519498939,115882000000.0,25151895765.0,12972008.0,6164660.0,538195639912.0,303523199760.0,0.0,1.0,23.948199108981374,25.47583826893231,25.103896860357782,26.239223640412757,0.7152210107891269,1.0,1.0,40.82029613,-77.61765701,39.0026629,-76.68130445,1.0,0.0,4.0,3.0,18.7216652918346,19.12502906003085,2.0
24.0,42.0,341.0,2.044638519498939,25151895765.0,115882000000.0,6164660.0,12972008.0,303523199760.0,538195639912.0,0.0,1.0,23.948199108981374,25.47583826893231,25.103896860357782,26.239223640412757,0.7152210107891269,1.0,1.0,39.0026629,-76.68130445,40.82029613,-77.61765701,0.0,1.0,3.0,4.0,19.12502906003085,18.7216652918346,3.0
42.0,24.0,341.0,2.044638519498939,115882000000.0,25151895765.0,12972008.0,6164660.0,538195639912.0,303523199760.0,0.0,1.0,23.948199108981374,25.47583826893231,25.103896860357782,26.239223640412757,0.7152210107891269,1.0,1.0,40.82029613,-77.61765701,39.0026629,-76.68130445,1.0,0.0,4.0,3.0,18.7216652918346,19.12502906003085,3.0
24.0,42.0,181.0,2.044638519498939,25151895765.0,115882000000.0,6164660.0,12972008.0,303523199760.0,538195639912.0,0.0,1.0,23.948199108981374,25.47583826893231,25.103896860357782,26.239223640412757,0.7152210107891269,1.0,1.0,39.0026629,-76.68130445,40.82029613,-77.61765701,0.0,1.0,3.0,4.0,19.12502906003085,18.7216652918346,4.0
42.0,24.0,181.0,2.044638519498939,115882000000.0,25151895765.0,12972008.0,6164660.0,538195639912.0,303523199760.0,0.0,1.0,23.948199108981374,25.47583826893231,25.103896860357782,26.239223640412757,0.7152210107891269,1.0,1.0,40.82029613,-77.61765701,39.0026629,-76.68130445,1.0,0.0,4.0,3.0,18.7216652918346,19.12502906003085,4.0
24.0,45.0,31.0,6.630340958217477,25151895765.0,77866132568.0,6164660.0,5282634.0,303523199760.0,193740601950.0,0.0,0.0,0.0,0.0,0.0,0.0,0.0,0.0,0.0,39.0026629,-76.68130445,33.95498444,-80.98041638,0.0,0.0,3.0,3.0,19.12502906003085,18.14651779597172,3.0
45.0,24.0,31.0,6.630340958217477,77866132568.0,25151895765.0,5282634.0,6164660.0,193740601950.0,303523199760.0,0.0,0.0,0.0,0.0,0.0,0.0,0.0,0.0,0.0,33.95498444,-80.98041638,39.0026629,-76.68130445,0.0,0.0,3.0,3.0,18.14651779597172,19.12502906003085,3.0
24.0,51.0,718.0,2.3280036187375943,25151895765.0,102258000000.0,6164660.0,8683619.0,303523199760.0,409858133181.0,0.0,1.0,23.948199108981374,25.350764868417567,25.103896860357782,23.896017359246404,0.8450110843085307,0.0,0.0,39.0026629,-76.68130445,37.56542632,-78.51268422,0.0,0.0,3.0,4.0,19.12502906003085,18.272475748303947,3.0
51.0,24.0,718.0,2.3280036187375943,102258000000.0,25151895765.0,8683619.0,6164660.0,409858133181.0,303523199760.0,0.0,1.0,23.948199108981374,25.350764868417567,25.103896860357782,23.896017359246404,0.8450110843085307,0.0,0.0,37.56542632,-78.51268422,39.0026629,-76.68130445,0.0,0.0,4.0,3.0,18.272475748303947,19.12502906003085,3.0
24.0,51.0,1148.0,2.3280036187375943,25151895765.0,102258000000.0,6164660.0,8683619.0,303523199760.0,409858133181.0,0.0,1.0,23.948199108981374,25.350764868417567,25.103896860357782,23.896017359246404,0.8450110843085307,0.0,0.0,39.0026629,-76.68130445,37.56542632,-78.51268422,0.0,0.0,3.0,4.0,19.12502906003085,18.272475748303947,4.0
51.0,24.0,1148.0,2.3280036187375943,102258000000.0,25151895765.0,8683619.0,6164660.0,409858133181.0,303523199760.0,0.0,1.0,23.948199108981374,25.350764868417567,25.103896860357782,23.896017359246404,0.8450110843085307,0.0,0.0,37.56542632,-78.51268422,39.0026629,-76.68130445,0.0,0.0,4.0,3.0,18.272475748303947,19.12502906003085,4.0
24.0,54.0,14.0,3.9425091985991845,25151895765.0,62266296765.0,6164660.0,1775156.0,303523199760.0,56666529832.0,0.0,1.0,23.948199108981374,24.854686133450475,25.103896860357782,25.87144612504916,1.3718173730417282,1.0,1.0,39.0026629,-76.68130445,38.81190905,-80.61919624,0.0,1.0,3.0,1.0,19.12502906003085,17.229635728845473,3.0
54.0,24.0,14.0,3.9425091985991845,62266296765.0,25151895765.0,1775156.0,6164660.0,56666529832.0,303523199760.0,0.0,1.0,23.948199108981374,24.854686133450475,25.103896860357782,25.87144612504916,1.3718173730417282,1.0,1.0,38.81190905,-80.61919624,39.0026629,-76.68130445,1.0,0.0,1.0,3.0,17.229635728845473,19.12502906003085,3.0
24.0,54.0,37.0,3.9425091985991845,25151895765.0,62266296765.0,6164660.0,1775156.0,303523199760.0,56666529832.0,0.0,1.0,23.948199108981374,24.854686133450475,25.103896860357782,25.87144612504916,1.3718173730417282,1.0,1.0,39.0026629,-76.68130445,38.81190905,-80.61919624,0.0,1.0,3.0,1.0,19.12502906003085,17.229635728845473,4.0
54.0,24.0,37.0,3.9425091985991845,62266296765.0,25151895765.0,1775156.0,6164660.0,56666529832.0,303523199760.0,0.0,1.0,23.948199108981374,24.854686133450475,25.103896860357782,25.87144612504916,1.3718173730417282,1.0,1.0,38.81190905,-80.61919624,39.0026629,-76.68130445,1.0,0.0,1.0,3.0,17.229635728845473,19.12502906003085,4.0
25.0,9.0,332.0,1.303705307206905,20204396898.0,12541688516.0,6981974.0,3626205.0,377201145350.0,187043280105.0,0.0,1.0,23.7291660858851,23.25232401348536,23.948199108981374,23.25232401348536,0.26521044655880777,0.0,0.0,42.10673796,-71.45056086,41.59547524,-72.64983479,0.0,0.0,2.0,3.0,23.121420198899447,22.075904617027604,3.0
9.0,25.0,332.0,1.303705307206905,12541688516.0,20204396898.0,3626205.0,6981974.0,187043280105.0,377201145350.0,0.0,1.0,23.7291660858851,23.25232401348536,23.948199108981374,23.25232401348536,0.26521044655880777,0.0,0.0,41.59547524,-72.64983479,42.10673796,-71.45056086,0.0,0.0,3.0,2.0,22.075904617027604,23.121420198899447,3.0
25.0,25.0,2.0,1.0,20204396898.0,20204396898.0,6981974.0,6981974.0,377201145350.0,377201145350.0,1.0,0.0,0.0,0.0,0.0,0.0,0.0,0.0,0.0,42.10673796,-71.45056086,42.10673796,-71.45056086,0.0,0.0,2.0,2.0,23.121420198899447,23.121420198899447,2.0
25.0,25.0,2.0,1.0,20204396898.0,20204396898.0,6981974.0,6981974.0,377201145350.0,377201145350.0,1.0,0.0,0.0,0.0,0.0,0.0,0.0,0.0,0.0,42.10673796,-71.45056086,42.10673796,-71.45056086,0.0,0.0,2.0,2.0,23.121420198899447,23.121420198899447,2.0
25.0,25.0,15.0,1.0,20204396898.0,20204396898.0,6981974.0,6981974.0,377201145350.0,377201145350.0,1.0,0.0,0.0,0.0,0.0,0.0,0.0,0.0,0.0,42.10673796,-71.45056086,42.10673796,-71.45056086,0.0,0.0,2.0,2.0,23.121420198899447,23.121420198899447,4.0
25.0,25.0,15.0,1.0,20204396898.0,20204396898.0,6981974.0,6981974.0,377201145350.0,377201145350.0,1.0,0.0,0.0,0.0,0.0,0.0,0.0,0.0,0.0,42.10673796,-71.45056086,42.10673796,-71.45056086,0.0,0.0,2.0,2.0,23.121420198899447,23.121420198899447,4.0
25.0,44.0,1.0,0.47721296058846874,20204396898.0,2677759219.0,6981974.0,1093734.0,377201145350.0,48712724892.0,0.0,1.0,23.7291660858851,21.708246169418885,23.948199108981374,25.47583826893231,-0.739792429469882,0.0,0.0,42.10673796,-71.45056086,41.62991248,-71.4697877,0.0,0.0,2.0,1.0,23.121420198899447,23.04610439644116,2.0
44.0,25.0,1.0,0.47721296058846874,2677759219.0,20204396898.0,1093734.0,6981974.0,48712724892.0,377201145350.0,0.0,1.0,23.7291660858851,21.708246169418885,23.948199108981374,25.47583826893231,-0.739792429469882,0.0,0.0,41.62991248,-71.4697877,42.10673796,-71.45056086,0.0,0.0,1.0,2.0,23.04610439644116,23.121420198899447,2.0
25.0,44.0,1.0,0.47721296058846874,20204396898.0,2677759219.0,6981974.0,1093734.0,377201145350.0,48712724892.0,0.0,1.0,23.7291660858851,21.708246169418885,23.948199108981374,25.47583826893231,-0.739792429469882,0.0,0.0,42.10673796,-71.45056086,41.62991248,-71.4697877,0.0,0.0,2.0,1.0,23.121420198899447,23.04610439644116,4.0
44.0,25.0,1.0,0.47721296058846874,2677759219.0,20204396898.0,1093734.0,6981974.0,48712724892.0,377201145350.0,0.0,1.0,23.7291660858851,21.708246169418885,23.948199108981374,25.47583826893231,-0.739792429469882,0.0,0.0,41.62991248,-71.4697877,42.10673796,-71.45056086,0.0,0.0,1.0,2.0,23.04610439644116,23.121420198899447,4.0
26.0,1.0,2.0,11.272509898294079,146615000000.0,131175000000.0,10034118.0,5074296.0,382811635818.0,171394495992.0,0.0,0.0,0.0,0.0,0.0,0.0,0.0,1.0,0.0,44.04901725,-85.19808872,32.87856631,-86.71153023,1.0,0.0,3.0,3.0,17.01071464423954,17.04356957796615,3.0
1.0,26.0,2.0,11.272509898294079,131175000000.0,146615000000.0,5074296.0,10034118.0,171394495992.0,382811635818.0,0.0,0.0,0.0,0.0,0.0,0.0,0.0,1.0,0.0,32.87856631,-86.71153023,44.04901725,-85.19808872,0.0,1.0,3.0,3.0,17.04356957796615,17.01071464423954,3.0
26.0,9.0,23.0,12.785872871517038,146615000000.0,12541688516.0,10034118.0,3626205.0,382811635818.0,187043280105.0,0.0,0.0,0.0,0.0,0.0,0.0,0.0,1.0,0.0,44.04901725,-85.19808872,41.59547524,-72.64983479,1.0,0.0,3.0,3.0,17.01071464423954,22.075904617027604,4.0
9.0,26.0,23.0,12.785872871517038,12541688516.0,146615000000.0,3626205.0,10034118.0,187043280105.0,382811635818.0,0.0,0.0,0.0,0.0,0.0,0.0,0.0,1.0,0.0,41.59547524,-72.64983479,44.04901725,-85.19808872,0.0,1.0,3.0,3.0,22.075904617027604,17.01071464423954,4.0
26.0,10.0,4.0,10.885586048261112,146615000000.0,5046731558.0,10034118.0,1018396.0,382811635818.0,43354136116.0,0.0,0.0,0.0,0.0,0.0,0.0,0.0,1.0,0.0,44.04901725,-85.19808872,39.11541037,-75.49471267,1.0,0.0,3.0,2.0,17.01071464423954,19.894362036037933,4.0
10.0,26.0,4.0,10.885586048261112,5046731558.0,146615000000.0,1018396.0,10034118.0,43354136116.0,382811635818.0,0.0,0.0,0.0,0.0,0.0,0.0,0.0,1.0,0.0,39.11541037,-75.49471267,44.04901725,-85.19808872,0.0,1.0,2.0,3.0,19.894362036037933,17.01071464423954,4.0
26.0,12.0,93.0,15.321254831925197,146615000000.0,138958000000.0,10034118.0,22244823.0,382811635818.0,895976980794.0,0.0,0.0,0.0,0.0,0.0,0.0,0.0,1.0,0.0,44.04901725,-85.19808872,28.93181099,-82.70591607,1.0,0.0,3.0,5.0,17.01071464423954,20.207697261419515,3.0
12.0,26.0,93.0,15.321254831925197,138958000000.0,146615000000.0,22244823.0,10034118.0,895976980794.0,382811635818.0,0.0,0.0,0.0,0.0,0.0,0.0,0.0,1.0,0.0,28.93181099,-82.70591607,44.04901725,-85.19808872,0.0,1.0,5.0,3.0,20.207697261419515,17.01071464423954,3.0
26.0,12.0,6.0,15.321254831925197,146615000000.0,138958000000.0,10034118.0,22244823.0,382811635818.0,895976980794.0,0.0,0.0,0.0,0.0,0.0,0.0,0.0,1.0,0.0,44.04901725,-85.19808872,28.93181099,-82.70591607,1.0,0.0,3.0,5.0,17.01071464423954,20.207697261419515,4.0
12.0,26.0,6.0,15.321254831925197,138958000000.0,146615000000.0,22244823.0,10034118.0,895976980794.0,382811635818.0,0.0,0.0,0.0,0.0,0.0,0.0,0.0,1.0,0.0,28.93181099,-82.70591607,44.04901725,-85.19808872,0.0,1.0,5.0,3.0,20.207697261419515,17.01071464423954,4.0
26.0,13.0,20.0,11.358617848672141,146615000000.0,149486000000.0,10034118.0,10912876.0,382811635818.0,418814355128.0,0.0,0.0,0.0,0.0,0.0,0.0,0.0,1.0,0.0,44.04901725,-85.19808872,32.8067682,-83.57635023,1.0,0.0,3.0,3.0,17.01071464423954,17.725298242771597,4.0
13.0,26.0,20.0,11.358617848672141,149486000000.0,146615000000.0,10912876.0,10034118.0,418814355128.0,382811635818.0,0.0,0.0,0.0,0.0,0.0,0.0,0.0,1.0,0.0,32.8067682,-83.57635023,44.04901725,-85.19808872,0.0,1.0,3.0,3.0,17.725298242771597,17.01071464423954,4.0
26.0,17.0,78.0,5.788633110907678,146615000000.0,143778000000.0,10034118.0,12582032.0,382811635818.0,545015880144.0,0.0,0.0,0.0,0.0,0.0,0.0,0.0,2.0,0.0,44.04901725,-85.19808872,39.84225886,-89.17445102,1.0,1.0,3.0,3.0,17.01071464423954,15.57382644068607,3.0
17.0,26.0,78.0,5.788633110907678,143778000000.0,146615000000.0,12582032.0,10034118.0,545015880144.0,382811635818.0,0.0,0.0,0.0,0.0,0.0,0.0,0.0,2.0,0.0,39.84225886,-89.17445102,44.04901725,-85.19808872,1.0,1.0,3.0,3.0,15.57382644068607,17.01071464423954,3.0
26.0,17.0,79.0,5.788633110907678,146615000000.0,143778000000.0,10034118.0,12582032.0,382811635818.0,545015880144.0,0.0,0.0,0.0,0.0,0.0,0.0,0.0,2.0,0.0,44.04901725,-85.19808872,39.84225886,-89.17445102,1.0,1.0,3.0,3.0,17.01071464423954,15.57382644068607,4.0
17.0,26.0,79.0,5.788633110907678,143778000000.0,146615000000.0,12582032.0,10034118.0,545015880144.0,382811635818.0,0.0,0.0,0.0,0.0,0.0,0.0,0.0,2.0,0.0,39.84225886,-89.17445102,44.04901725,-85.19808872,1.0,1.0,3.0,3.0,15.57382644068607,17.01071464423954,4.0
26.0,19.0,45.0,8.510977043699791,146615000000.0,144660000000.0,10034118.0,3200517.0,382811635818.0,124554520089.0,0.0,0.0,0.0,0.0,0.0,0.0,0.0,2.0,0.0,44.04901725,-85.19808872,42.02990262,-93.4660937,1.0,1.0,3.0,1.0,17.01071464423954,16.209381226558154,4.0
19.0,26.0,45.0,8.510977043699791,144660000000.0,146615000000.0,3200517.0,10034118.0,124554520089.0,382811635818.0,0.0,0.0,0.0,0.0,0.0,0.0,0.0,2.0,0.0,42.02990262,-93.4660937,44.04901725,-85.19808872,1.0,1.0,1.0,3.0,16.209381226558154,17.01071464423954,4.0
26.0,22.0,41.0,14.560808484613727,146615000000.0,111914000000.0,10034118.0,4590241.0,382811635818.0,147672643211.0,0.0,0.0,0.0,0.0,0.0,0.0,0.0,1.0,0.0,44.04901725,-85.19808872,31.0806972,-91.81925318,1.0,0.0,3.0,4.0,17.01071464423954,17.88009549830889,3.0
22.0,26.0,41.0,14.560808484613727,111914000000.0,146615000000.0,4590241.0,10034118.0,147672643211.0,382811635818.0,0.0,0.0,0.0,0.0,0.0,0.0,0.0,1.0,0.0,31.0806972,-91.81925318,44.04901725,-85.19808872,0.0,1.0,4.0,3.0,17.88009549830889,17.01071464423954,3.0
26.0,23.0,1.0,15.712230311876503,146615000000.0,79888428972.0,10034118.0,1385340.0,382811635818.0,57059383920.0,0.0,0.0,0.0,0.0,0.0,0.0,0.0,1.0,0.0,44.04901725,-85.19808872,44.67621581,-69.49838161,1.0,0.0,3.0,1.0,17.01071464423954,25.498182378239225,3.0
23.0,26.0,1.0,15.712230311876503,79888428972.0,146615000000.0,1385340.0,10034118.0,57059383920.0,382811635818.0,0.0,0.0,0.0,0.0,0.0,0.0,0.0,1.0,0.0,44.67621581,-69.49838161,44.04901725,-85.19808872,0.0,1.0,1.0,3.0,25.498182378239225,17.01071464423954,3.0
26.0,26.0,2130.0,1.0,146615000000.0,146615000000.0,10034118.0,10034118.0,382811635818.0,382811635818.0,1.0,0.0,0.0,0.0,0.0,0.0,0.0,2.0,0.0,44.04901725,-85.19808872,44.04901725,-85.19808872,1.0,1.0,3.0,3.0,17.01071464423954,17.01071464423954,3.0
26.0,26.0,2130.0,1.0,146615000000.0,146615000000.0,10034118.0,10034118.0,382811635818.0,382811635818.0,1.0,0.0,0.0,0.0,0.0,0.0,0.0,2.0,0.0,44.04901725,-85.19808872,44.04901725,-85.19808872,1.0,1.0,3.0,3.0,17.01071464423954,17.01071464423954,3.0
26.0,31.0,13.0,14.104244165846849,146615000000.0,198957000000.0,10034118.0,1967923.0,382811635818.0,76743093231.0,0.0,0.0,0.0,0.0,0.0,0.0,0.0,2.0,0.0,44.04901725,-85.19808872,41.32123795,-99.03604101,1.0,1.0,3.0,2.0,17.01071464423954,17.515895874182647,3.0
31.0,26.0,13.0,14.104244165846849,198957000000.0,146615000000.0,1967923.0,10034118.0,76743093231.0,382811635818.0,0.0,0.0,0.0,0.0,0.0,0.0,0.0,2.0,0.0,41.32123795,-99.03604101,44.04901725,-85.19808872,1.0,1.0,2.0,3.0,17.515895874182647,17.01071464423954,3.0
26.0,36.0,62.0,9.835175377469454,146615000000.0,122050000000.0,10034118.0,19677151.0,382811635818.0,933110177571.0,0.0,0.0,0.0,0.0,0.0,0.0,0.0,1.0,0.0,44.04901725,-85.19808872,42.55441095,-75.47714089,1.0,0.0,3.0,5.0,17.01071464423954,20.306235500394656,3.0
36.0,26.0,62.0,9.835175377469454,122050000000.0,146615000000.0,19677151.0,10034118.0,933110177571.0,382811635818.0,0.0,0.0,0.0,0.0,0.0,0.0,0.0,1.0,0.0,42.55441095,-75.47714089,44.04901725,-85.19808872,0.0,1.0,5.0,3.0,20.306235500394656,17.01071464423954,3.0
26.0,36.0,7.0,9.835175377469454,146615000000.0,122050000000.0,10034118.0,19677151.0,382811635818.0,933110177571.0,0.0,0.0,0.0,0.0,0.0,0.0,0.0,1.0,0.0,44.04901725,-85.19808872,42.55441095,-75.47714089,1.0,0.0,3.0,5.0,17.01071464423954,20.306235500394656,4.0
36.0,26.0,7.0,9.835175377469454,122050000000.0,146615000000.0,19677151.0,10034118.0,933110177571.0,382811635818.0,0.0,0.0,0.0,0.0,0.0,0.0,0.0,1.0,0.0,42.55441095,-75.47714089,44.04901725,-85.19808872,0.0,1.0,5.0,3.0,20.306235500394656,17.01071464423954,4.0
26.0,37.0,2.0,10.170644308183638,146615000000.0,125933000000.0,10034118.0,10698973.0,382811635818.0,414060954073.0,0.0,0.0,0.0,0.0,0.0,0.0,0.0,1.0,0.0,44.04901725,-85.19808872,35.62288795,-79.50227002,1.0,0.0,3.0,4.0,17.01071464423954,18.22812437748468,4.0
37.0,26.0,2.0,10.170644308183638,125933000000.0,146615000000.0,10698973.0,10034118.0,414060954073.0,382811635818.0,0.0,0.0,0.0,0.0,0.0,0.0,0.0,1.0,0.0,35.62288795,-79.50227002,44.04901725,-85.19808872,0.0,1.0,4.0,3.0,18.22812437748468,17.01071464423954,4.0
26.0,39.0,558.0,4.418882107006346,146615000000.0,105824000000.0,10034118.0,11756058.0,382811635818.0,445930792056.0,0.0,1.0,25.711075940400722,25.385043173745792,23.7291660858851,25.90896306710736,1.4858867471338268,2.0,2.0,44.04901725,-85.19808872,40.31742129,-82.83129539,1.0,1.0,3.0,5.0,17.01071464423954,16.574187523725264,2.0
39.0,26.0,558.0,4.418882107006346,105824000000.0,146615000000.0,11756058.0,10034118.0,445930792056.0,382811635818.0,0.0,1.0,25.711075940400722,25.385043173745792,23.7291660858851,25.90896306710736,1.4858867471338268,2.0,2.0,40.31742129,-82.83129539,44.04901725,-85.19808872,1.0,1.0,5.0,3.0,16.574187523725264,17.01071464423954,2.0
26.0,45.0,7.0,10.939755862767582,146615000000.0,77866132568.0,10034118.0,5282634.0,382811635818.0,193740601950.0,0.0,0.0,0.0,0.0,0.0,0.0,0.0,1.0,0.0,44.04901725,-85.19808872,33.95498444,-80.98041638,1.0,0.0,3.0,3.0,17.01071464423954,18.14651779597172,3.0
45.0,26.0,7.0,10.939755862767582,77866132568.0,146615000000.0,5282634.0,10034118.0,193740601950.0,382811635818.0,0.0,0.0,0.0,0.0,0.0,0.0,0.0,1.0,0.0,33.95498444,-80.98041638,44.04901725,-85.19808872,0.0,1.0,3.0,3.0,18.14651779597172,17.01071464423954,3.0
26.0,47.0,207.0,8.2149166164083,146615000000.0,106792000000.0,10034118.0,7051339.0,382811635818.0,258812346656.0,0.0,0.0,0.0,0.0,0.0,0.0,0.0,2.0,0.0,44.04901725,-85.19808872,35.88471808,-86.10862377,1.0,1.0,3.0,4.0,17.01071464423954,16.086867263002663,3.0
47.0,26.0,207.0,8.2149166164083,106792000000.0,146615000000.0,7051339.0,10034118.0,258812346656.0,382811635818.0,0.0,0.0,0.0,0.0,0.0,0.0,0.0,2.0,0.0,35.88471808,-86.10862377,44.04901725,-85.19808872,1.0,1.0,4.0,3.0,16.086867263002663,17.01071464423954,3.0
26.0,48.0,4.0,18.290644666716066,146615000000.0,676681000000.0,10034118.0,30029572.0,382811635818.0,1144817373356.0,0.0,1.0,25.711075940400722,27.240465802355804,23.7291660858851,25.394148854299843,2.906389708731646,1.0,1.0,44.04901725,-85.19808872,31.65818605,-98.65226965,1.0,0.0,3.0,9.0,17.01071464423954,19.151923784122165,4.0
48.0,26.0,4.0,18.290644666716066,676681000000.0,146615000000.0,30029572.0,10034118.0,1144817373356.0,382811635818.0,0.0,1.0,25.711075940400722,27.240465802355804,23.7291660858851,25.394148854299843,2.906389708731646,1.0,1.0,31.65818605,-98.65226965,44.04901725,-85.19808872,0.0,1.0,9.0,3.0,19.151923784122165,17.01071464423954,4.0
27.0,4.0,75.0,20.76510734426968,206232000000.0,294361000000.0,5717184.0,7359197.0,257393340864.0,293035865343.0,0.0,0.0,0.0,0.0,0.0,0.0,0.0,2.0,0.0,45.54670036,-94.4318287,33.67825359,-111.4708913,1.0,1.0,2.0,3.0,17.499573988722897,25.018609812195567,4.0
4.0,27.0,75.0,20.76510734426968,294361000000.0,206232000000.0,7359197.0,5717184.0,293035865343.0,257393340864.0,0.0,0.0,0.0,0.0,0.0,0.0,0.0,2.0,0.0,33.67825359,-111.4708913,45.54670036,-94.4318287,1.0,1.0,3.0,2.0,25.018609812195567,17.499573988722897,4.0
27.0,6.0,546.0,27.422956185989218,206232000000.0,403671000000.0,5717184.0,39029342.0,257393340864.0,1821148127062.0,0.0,0.0,0.0,0.0,0.0,0.0,0.0,1.0,0.0,45.54670036,-94.4318287,37.83798795,-120.7490147,1.0,0.0,2.0,6.0,17.499573988722897,31.30033897737643,4.0
6.0,27.0,546.0,27.422956185989218,403671000000.0,206232000000.0,39029342.0,5717184.0,1821148127062.0,257393340864.0,0.0,0.0,0.0,0.0,0.0,0.0,0.0,1.0,0.0,37.83798795,-120.7490147,45.54670036,-94.4318287,0.0,1.0,6.0,2.0,31.30033897737643,17.499573988722897,4.0
27.0,8.0,79.0,12.888111737938553,206232000000.0,268419000000.0,5717184.0,5839926.0,257393340864.0,286571008746.0,0.0,0.0,0.0,0.0,0.0,0.0,0.0,2.0,0.0,45.54670036,-94.4318287,38.92883319,-105.4910899,1.0,1.0,2.0,2.0,17.499573988722897,20.380646878843788,4.0
8.0,27.0,79.0,12.888111737938553,268419000000.0,206232000000.0,5839926.0,5717184.0,286571008746.0,257393340864.0,0.0,0.0,0.0,0.0,0.0,0.0,0.0,2.0,0.0,38.92883319,-105.4910899,45.54670036,-94.4318287,1.0,1.0,2.0,2.0,20.380646878843788,17.499573988722897,4.0
27.0,12.0,7.0,20.335967539896707,206232000000.0,138958000000.0,5717184.0,22244823.0,257393340864.0,895976980794.0,0.0,0.0,0.0,0.0,0.0,0.0,0.0,1.0,0.0,45.54670036,-94.4318287,28.93181099,-82.70591607,1.0,0.0,2.0,5.0,17.499573988722897,20.207697261419515,2.0
12.0,27.0,7.0,20.335967539896707,138958000000.0,206232000000.0,22244823.0,5717184.0,895976980794.0,257393340864.0,0.0,0.0,0.0,0.0,0.0,0.0,0.0,1.0,0.0,28.93181099,-82.70591607,45.54670036,-94.4318287,0.0,1.0,5.0,2.0,20.207697261419515,17.499573988722897,2.0
27.0,12.0,25.0,20.335967539896707,206232000000.0,138958000000.0,5717184.0,22244823.0,257393340864.0,895976980794.0,0.0,0.0,0.0,0.0,0.0,0.0,0.0,1.0,0.0,45.54670036,-94.4318287,28.93181099,-82.70591607,1.0,0.0,2.0,5.0,17.499573988722897,20.207697261419515,4.0
12.0,27.0,25.0,20.335967539896707,138958000000.0,206232000000.0,22244823.0,5717184.0,895976980794.0,257393340864.0,0.0,0.0,0.0,0.0,0.0,0.0,0.0,1.0,0.0,28.93181099,-82.70591607,45.54670036,-94.4318287,0.0,1.0,5.0,2.0,20.207697261419515,17.499573988722897,4.0
27.0,13.0,31.0,16.73760091094407,206232000000.0,149486000000.0,5717184.0,10912876.0,257393340864.0,418814355128.0,0.0,0.0,0.0,0.0,0.0,0.0,0.0,1.0,0.0,45.54670036,-94.4318287,32.8067682,-83.57635023,1.0,0.0,2.0,3.0,17.499573988722897,17.725298242771597,4.0
13.0,27.0,31.0,16.73760091094407,149486000000.0,206232000000.0,10912876.0,5717184.0,418814355128.0,257393340864.0,0.0,0.0,0.0,0.0,0.0,0.0,0.0,1.0,0.0,32.8067682,-83.57635023,45.54670036,-94.4318287,0.0,1.0,3.0,2.0,17.725298242771597,17.499573988722897,4.0
27.0,16.0,54.0,20.070232918243466,206232000000.0,214050000000.0,5717184.0,1939033.0,257393340864.0,69766407340.0,0.0,0.0,0.0,0.0,0.0,0.0,0.0,2.0,0.0,45.54670036,-94.4318287,44.26668842,-114.4612026,1.0,1.0,2.0,1.0,17.499573988722897,26.571052736864967,4.0
16.0,27.0,54.0,20.070232918243466,214050000000.0,206232000000.0,1939033.0,5717184.0,69766407340.0,257393340864.0,0.0,0.0,0.0,0.0,0.0,0.0,0.0,2.0,0.0,44.26668842,-114.4612026,45.54670036,-94.4318287,1.0,1.0,1.0,2.0,26.571052736864967,17.499573988722897,4.0
27.0,17.0,27.0,7.757620311479826,206232000000.0,143778000000.0,5717184.0,12582032.0,257393340864.0,545015880144.0,0.0,0.0,0.0,0.0,0.0,0.0,0.0,2.0,0.0,45.54670036,-94.4318287,39.84225886,-89.17445102,1.0,1.0,2.0,3.0,17.499573988722897,15.57382644068607,3.0
17.0,27.0,27.0,7.757620311479826,143778000000.0,206232000000.0,12582032.0,5717184.0,545015880144.0,257393340864.0,0.0,0.0,0.0,0.0,0.0,0.0,0.0,2.0,0.0,39.84225886,-89.17445102,45.54670036,-94.4318287,1.0,1.0,3.0,2.0,15.57382644068607,17.499573988722897,3.0
27.0,18.0,2.0,10.00160408439673,206232000000.0,92788998225.0,5717184.0,6833037.0,257393340864.0,245880003408.0,0.0,0.0,0.0,0.0,0.0,0.0,0.0,2.0,0.0,45.54670036,-94.4318287,39.83861922,-86.21904026,1.0,1.0,2.0,4.0,17.499573988722897,15.783365211857229,2.0
18.0,27.0,2.0,10.00160408439673,92788998225.0,206232000000.0,6833037.0,5717184.0,245880003408.0,257393340864.0,0.0,0.0,0.0,0.0,0.0,0.0,0.0,2.0,0.0,39.83861922,-86.21904026,45.54670036,-94.4318287,1.0,1.0,4.0,2.0,15.783365211857229,17.499573988722897,2.0
27.0,18.0,56.0,10.00160408439673,206232000000.0,92788998225.0,5717184.0,6833037.0,257393340864.0,245880003408.0,0.0,0.0,0.0,0.0,0.0,0.0,0.0,2.0,0.0,45.54670036,-94.4318287,39.83861922,-86.21904026,1.0,1.0,2.0,4.0,17.499573988722897,15.783365211857229,4.0
18.0,27.0,56.0,10.00160408439673,92788998225.0,206232000000.0,6833037.0,5717184.0,245880003408.0,257393340864.0,0.0,0.0,0.0,0.0,0.0,0.0,0.0,2.0,0.0,39.83861922,-86.21904026,45.54670036,-94.4318287,1.0,1.0,4.0,2.0,15.783365211857229,17.499573988722897,4.0
27.0,19.0,852.0,3.6469864867166844,206232000000.0,144660000000.0,5717184.0,3200517.0,257393340864.0,124554520089.0,0.0,1.0,26.052267585625444,25.697651998367547,25.711075940400722,25.253593916100616,1.2939012065048126,2.0,2.0,45.54670036,-94.4318287,42.02990262,-93.4660937,1.0,1.0,2.0,1.0,17.499573988722897,16.209381226558154,4.0
19.0,27.0,852.0,3.6469864867166844,144660000000.0,206232000000.0,3200517.0,5717184.0,124554520089.0,257393340864.0,0.0,1.0,26.052267585625444,25.697651998367547,25.711075940400722,25.253593916100616,1.2939012065048126,2.0,2.0,42.02990262,-93.4660937,45.54670036,-94.4318287,1.0,1.0,1.0,2.0,16.209381226558154,17.499573988722897,4.0
27.0,20.0,19.0,7.9505020068346495,206232000000.0,211754000000.0,5717184.0,2937150.0,257393340864.0,111373790850.0,0.0,0.0,0.0,0.0,0.0,0.0,0.0,2.0,0.0,45.54670036,-94.4318287,38.48536567,-98.08532491,1.0,1.0,2.0,3.0,17.499573988722897,17.082248338214743,2.0
20.0,27.0,19.0,7.9505020068346495,211754000000.0,206232000000.0,2937150.0,5717184.0,111373790850.0,257393340864.0,0.0,0.0,0.0,0.0,0.0,0.0,0.0,2.0,0.0,38.48536567,-98.08532491,45.54670036,-94.4318287,1.0,1.0,3.0,2.0,17.082248338214743,17.499573988722897,2.0
27.0,20.0,209.0,7.9505020068346495,206232000000.0,211754000000.0,5717184.0,2937150.0,257393340864.0,111373790850.0,0.0,0.0,0.0,0.0,0.0,0.0,0.0,2.0,0.0,45.54670036,-94.4318287,38.48536567,-98.08532491,1.0,1.0,2.0,3.0,17.499573988722897,17.082248338214743,4.0
20.0,27.0,209.0,7.9505020068346495,211754000000.0,206232000000.0,2937150.0,5717184.0,111373790850.0,257393340864.0,0.0,0.0,0.0,0.0,0.0,0.0,0.0,2.0,0.0,38.48536567,-98.08532491,45.54670036,-94.4318287,1.0,1.0,3.0,2.0,17.082248338214743,17.499573988722897,4.0
27.0,26.0,183.0,9.354411190247605,206232000000.0,146615000000.0,5717184.0,10034118.0,257393340864.0,382811635818.0,0.0,0.0,0.0,0.0,0.0,0.0,0.0,2.0,0.0,45.54670036,-94.4318287,44.04901725,-85.19808872,1.0,1.0,2.0,3.0,17.499573988722897,17.01071464423954,4.0
26.0,27.0,183.0,9.354411190247605,146615000000.0,206232000000.0,10034118.0,5717184.0,382811635818.0,257393340864.0,0.0,0.0,0.0,0.0,0.0,0.0,0.0,2.0,0.0,44.04901725,-85.19808872,45.54670036,-94.4318287,1.0,1.0,3.0,2.0,17.01071464423954,17.499573988722897,4.0
27.0,27.0,25471.0,1.0,206232000000.0,206232000000.0,5717184.0,5717184.0,257393340864.0,257393340864.0,1.0,0.0,0.0,0.0,0.0,0.0,0.0,2.0,0.0,45.54670036,-94.4318287,45.54670036,-94.4318287,1.0,1.0,2.0,2.0,17.499573988722897,17.499573988722897,2.0
27.0,27.0,25471.0,1.0,206232000000.0,206232000000.0,5717184.0,5717184.0,257393340864.0,257393340864.0,1.0,0.0,0.0,0.0,0.0,0.0,0.0,2.0,0.0,45.54670036,-94.4318287,45.54670036,-94.4318287,1.0,1.0,2.0,2.0,17.499573988722897,17.499573988722897,2.0
27.0,27.0,12137.0,1.0,206232000000.0,206232000000.0,5717184.0,5717184.0,257393340864.0,257393340864.0,1.0,0.0,0.0,0.0,0.0,0.0,0.0,2.0,0.0,45.54670036,-94.4318287,45.54670036,-94.4318287,1.0,1.0,2.0,2.0,17.499573988722897,17.499573988722897,3.0
27.0,27.0,12137.0,1.0,206232000000.0,206232000000.0,5717184.0,5717184.0,257393340864.0,257393340864.0,1.0,0.0,0.0,0.0,0.0,0.0,0.0,2.0,0.0,45.54670036,-94.4318287,45.54670036,-94.4318287,1.0,1.0,2.0,2.0,17.499573988722897,17.499573988722897,3.0
27.0,27.0,8321.0,1.0,206232000000.0,206232000000.0,5717184.0,5717184.0,257393340864.0,257393340864.0,1.0,0.0,0.0,0.0,0.0,0.0,0.0,2.0,0.0,45.54670036,-94.4318287,45.54670036,-94.4318287,1.0,1.0,2.0,2.0,17.499573988722897,17.499573988722897,4.0
27.0,27.0,8321.0,1.0,206232000000.0,206232000000.0,5717184.0,5717184.0,257393340864.0,257393340864.0,1.0,0.0,0.0,0.0,0.0,0.0,0.0,2.0,0.0,45.54670036,-94.4318287,45.54670036,-94.4318287,1.0,1.0,2.0,2.0,17.499573988722897,17.499573988722897,4.0
27.0,31.0,473.0,6.249264242603178,206232000000.0,198957000000.0,5717184.0,1967923.0,257393340864.0,76743093231.0,0.0,0.0,0.0,0.0,0.0,0.0,0.0,2.0,0.0,45.54670036,-94.4318287,41.32123795,-99.03604101,1.0,1.0,2.0,2.0,17.499573988722897,17.515895874182647,4.0
31.0,27.0,473.0,6.249264242603178,198957000000.0,206232000000.0,1967923.0,5717184.0,76743093231.0,257393340864.0,0.0,0.0,0.0,0.0,0.0,0.0,0.0,2.0,0.0,41.32123795,-99.03604101,45.54670036,-94.4318287,1.0,1.0,2.0,2.0,17.515895874182647,17.499573988722897,4.0
27.0,35.0,13.0,15.882320935221694,206232000000.0,314199000000.0,5717184.0,2113344.0,257393340864.0,71676175104.0,0.0,0.0,0.0,0.0,0.0,0.0,0.0,2.0,0.0,45.54670036,-94.4318287,34.54561168,-105.8871404,1.0,1.0,2.0,1.0,17.499573988722897,21.339852695679816,4.0
35.0,27.0,13.0,15.882320935221694,314199000000.0,206232000000.0,2113344.0,5717184.0,71676175104.0,257393340864.0,0.0,0.0,0.0,0.0,0.0,0.0,0.0,2.0,0.0,34.54561168,-105.8871404,45.54670036,-94.4318287,1.0,1.0,1.0,2.0,21.339852695679816,17.499573988722897,4.0
27.0,36.0,42.0,19.189423802911868,206232000000.0,122050000000.0,5717184.0,19677151.0,257393340864.0,933110177571.0,0.0,0.0,0.0,0.0,0.0,0.0,0.0,1.0,0.0,45.54670036,-94.4318287,42.55441095,-75.47714089,1.0,0.0,2.0,5.0,17.499573988722897,20.306235500394656,2.0
36.0,27.0,42.0,19.189423802911868,122050000000.0,206232000000.0,19677151.0,5717184.0,933110177571.0,257393340864.0,0.0,0.0,0.0,0.0,0.0,0.0,0.0,1.0,0.0,42.55441095,-75.47714089,45.54670036,-94.4318287,0.0,1.0,5.0,2.0,20.306235500394656,17.499573988722897,2.0
27.0,38.0,462.0,6.105011955428785,206232000000.0,178698000000.0,5717184.0,779261.0,257393340864.0,32573109800.0,0.0,1.0,26.052267585625444,25.90896306710736,25.711075940400722,25.559015856439085,1.809110065861944,2.0,2.0,45.54670036,-94.4318287,47.39323862,-100.2508894,1.0,1.0,2.0,1.0,17.499573988722897,19.833784382087305,4.0
38.0,27.0,462.0,6.105011955428785,178698000000.0,206232000000.0,779261.0,5717184.0,32573109800.0,257393340864.0,0.0,1.0,26.052267585625444,25.90896306710736,25.711075940400722,25.559015856439085,1.809110065861944,2.0,2.0,47.39323862,-100.2508894,45.54670036,-94.4318287,1.0,1.0,1.0,2.0,19.833784382087305,17.499573988722897,4.0
27.0,39.0,2.0,12.724689884958288,206232000000.0,105824000000.0,5717184.0,11756058.0,257393340864.0,445930792056.0,0.0,0.0,0.0,0.0,0.0,0.0,0.0,2.0,0.0,45.54670036,-94.4318287,40.31742129,-82.83129539,1.0,1.0,2.0,5.0,17.499573988722897,16.574187523725264,3.0
39.0,27.0,2.0,12.724689884958288,105824000000.0,206232000000.0,11756058.0,5717184.0,445930792056.0,257393340864.0,0.0,0.0,0.0,0.0,0.0,0.0,0.0,2.0,0.0,40.31742129,-82.83129539,45.54670036,-94.4318287,1.0,1.0,5.0,2.0,16.574187523725264,17.499573988722897,3.0
27.0,39.0,42.0,12.724689884958288,206232000000.0,105824000000.0,5717184.0,11756058.0,257393340864.0,445930792056.0,0.0,0.0,0.0,0.0,0.0,0.0,0.0,2.0,0.0,45.54670036,-94.4318287,40.31742129,-82.83129539,1.0,1.0,2.0,5.0,17.499573988722897,16.574187523725264,4.0
39.0,27.0,42.0,12.724689884958288,105824000000.0,206232000000.0,11756058.0,5717184.0,445930792056.0,257393340864.0,0.0,0.0,0.0,0.0,0.0,0.0,0.0,2.0,0.0,40.31742129,-82.83129539,45.54670036,-94.4318287,1.0,1.0,5.0,2.0,16.574187523725264,17.499573988722897,4.0
27.0,42.0,8.0,17.465831402087883,206232000000.0,115882000000.0,5717184.0,12972008.0,257393340864.0,538195639912.0,0.0,0.0,0.0,0.0,0.0,0.0,0.0,2.0,0.0,45.54670036,-94.4318287,40.82029613,-77.61765701,1.0,1.0,2.0,4.0,17.499573988722897,18.7216652918346,3.0
42.0,27.0,8.0,17.465831402087883,115882000000.0,206232000000.0,12972008.0,5717184.0,538195639912.0,257393340864.0,0.0,0.0,0.0,0.0,0.0,0.0,0.0,2.0,0.0,40.82029613,-77.61765701,45.54670036,-94.4318287,1.0,1.0,4.0,2.0,18.7216652918346,17.499573988722897,3.0
27.0,46.0,583.0,4.988514421201738,206232000000.0,190924000000.0,5717184.0,909824.0,257393340864.0,34225759232.0,0.0,1.0,26.052267585625444,25.975141280048376,25.711075940400722,25.078256940065014,1.6071381542566394,2.0,2.0,45.54670036,-94.4318287,44.28529801,-99.25822904,1.0,1.0,2.0,1.0,17.499573988722897,18.25127287589671,2.0
46.0,27.0,583.0,4.988514421201738,190924000000.0,206232000000.0,909824.0,5717184.0,34225759232.0,257393340864.0,0.0,1.0,26.052267585625444,25.975141280048376,25.711075940400722,25.078256940065014,1.6071381542566394,2.0,2.0,44.28529801,-99.25822904,45.54670036,-94.4318287,1.0,1.0,1.0,2.0,18.25127287589671,17.499573988722897,2.0
27.0,48.0,4.0,14.515610615868411,206232000000.0,676681000000.0,5717184.0,30029572.0,257393340864.0,1144817373356.0,0.0,0.0,0.0,0.0,0.0,0.0,0.0,1.0,0.0,45.54670036,-94.4318287,31.65818605,-98.65226965,1.0,0.0,2.0,9.0,17.499573988722897,19.151923784122165,2.0
48.0,27.0,4.0,14.515610615868411,676681000000.0,206232000000.0,30029572.0,5717184.0,1144817373356.0,257393340864.0,0.0,0.0,0.0,0.0,0.0,0.0,0.0,1.0,0.0,31.65818605,-98.65226965,45.54670036,-94.4318287,0.0,1.0,9.0,2.0,19.151923784122165,17.499573988722897,2.0
27.0,48.0,256.0,14.515610615868411,206232000000.0,676681000000.0,5717184.0,30029572.0,257393340864.0,1144817373356.0,0.0,0.0,0.0,0.0,0.0,0.0,0.0,1.0,0.0,45.54670036,-94.4318287,31.65818605,-98.65226965,1.0,0.0,2.0,9.0,17.499573988722897,19.151923784122165,4.0
48.0,27.0,256.0,14.515610615868411,676681000000.0,206232000000.0,30029572.0,5717184.0,1144817373356.0,257393340864.0,0.0,0.0,0.0,0.0,0.0,0.0,0.0,1.0,0.0,31.65818605,-98.65226965,45.54670036,-94.4318287,0.0,1.0,9.0,2.0,19.151923784122165,17.499573988722897,4.0
27.0,51.0,5.0,17.80786051935191,206232000000.0,102258000000.0,5717184.0,8683619.0,257393340864.0,409858133181.0,0.0,0.0,0.0,0.0,0.0,0.0,0.0,1.0,0.0,45.54670036,-94.4318287,37.56542632,-78.51268422,1.0,0.0,2.0,4.0,17.499573988722897,18.272475748303947,4.0
51.0,27.0,5.0,17.80786051935191,102258000000.0,206232000000.0,8683619.0,5717184.0,409858133181.0,257393340864.0,0.0,0.0,0.0,0.0,0.0,0.0,0.0,1.0,0.0,37.56542632,-78.51268422,45.54670036,-94.4318287,0.0,1.0,4.0,2.0,18.272475748303947,17.499573988722897,4.0
27.0,53.0,9247.0,26.354843052712724,206232000000.0,172118000000.0,5717184.0,7785786.0,257393340864.0,395237640504.0,0.0,0.0,0.0,0.0,0.0,0.0,0.0,1.0,0.0,45.54670036,-94.4318287,47.23708702,-120.7324056,1.0,0.0,2.0,3.0,17.499573988722897,32.15883372214054,2.0
53.0,27.0,9247.0,26.354843052712724,172118000000.0,206232000000.0,7785786.0,5717184.0,395237640504.0,257393340864.0,0.0,0.0,0.0,0.0,0.0,0.0,0.0,1.0,0.0,47.23708702,-120.7324056,45.54670036,-94.4318287,0.0,1.0,3.0,2.0,32.15883372214054,17.499573988722897,2.0
27.0,53.0,3970.0,26.354843052712724,206232000000.0,172118000000.0,5717184.0,7785786.0,257393340864.0,395237640504.0,0.0,0.0,0.0,0.0,0.0,0.0,0.0,1.0,0.0,45.54670036,-94.4318287,47.23708702,-120.7324056,1.0,0.0,2.0,3.0,17.499573988722897,32.15883372214054,3.0
53.0,27.0,3970.0,26.354843052712724,172118000000.0,206232000000.0,7785786.0,5717184.0,395237640504.0,257393340864.0,0.0,0.0,0.0,0.0,0.0,0.0,0.0,1.0,0.0,47.23708702,-120.7324056,45.54670036,-94.4318287,0.0,1.0,3.0,2.0,32.15883372214054,17.499573988722897,3.0
27.0,53.0,178.0,26.354843052712724,206232000000.0,172118000000.0,5717184.0,7785786.0,257393340864.0,395237640504.0,0.0,0.0,0.0,0.0,0.0,0.0,0.0,1.0,0.0,45.54670036,-94.4318287,47.23708702,-120.7324056,1.0,0.0,2.0,3.0,17.499573988722897,32.15883372214054,4.0
53.0,27.0,178.0,26.354843052712724,172118000000.0,206232000000.0,7785786.0,5717184.0,395237640504.0,257393340864.0,0.0,0.0,0.0,0.0,0.0,0.0,0.0,1.0,0.0,47.23708702,-120.7324056,45.54670036,-94.4318287,0.0,1.0,3.0,2.0,32.15883372214054,17.499573988722897,4.0
28.0,22.0,255.0,2.765384281688073,121532000000.0,111914000000.0,2940057.0,4590241.0,85393955565.0,147672643211.0,0.0,1.0,25.52344343953564,25.440996556145354,26.052267585625444,25.3510093181868,1.0171796060363865,0.0,0.0,32.79092429,-89.64612789,31.0806972,-91.81925318,0.0,0.0,1.0,4.0,16.911601448146733,17.88009549830889,2.0
22.0,28.0,255.0,2.765384281688073,111914000000.0,121532000000.0,4590241.0,2940057.0,147672643211.0,85393955565.0,0.0,1.0,25.52344343953564,25.440996556145354,26.052267585625444,25.3510093181868,1.0171796060363865,0.0,0.0,31.0806972,-91.81925318,32.79092429,-89.64612789,0.0,0.0,4.0,1.0,17.88009549830889,16.911601448146733,2.0
28.0,22.0,2647.0,2.765384281688073,121532000000.0,111914000000.0,2940057.0,4590241.0,85393955565.0,147672643211.0,0.0,1.0,25.52344343953564,25.440996556145354,26.052267585625444,25.3510093181868,1.0171796060363865,0.0,0.0,32.79092429,-89.64612789,31.0806972,-91.81925318,0.0,0.0,1.0,4.0,16.911601448146733,17.88009549830889,3.0
22.0,28.0,2647.0,2.765384281688073,111914000000.0,121532000000.0,4590241.0,2940057.0,147672643211.0,85393955565.0,0.0,1.0,25.52344343953564,25.440996556145354,26.052267585625444,25.3510093181868,1.0171796060363865,0.0,0.0,31.0806972,-91.81925318,32.79092429,-89.64612789,0.0,0.0,4.0,1.0,17.88009549830889,16.911601448146733,3.0
28.0,22.0,13.0,2.765384281688073,121532000000.0,111914000000.0,2940057.0,4590241.0,85393955565.0,147672643211.0,0.0,1.0,25.52344343953564,25.440996556145354,26.052267585625444,25.3510093181868,1.0171796060363865,0.0,0.0,32.79092429,-89.64612789,31.0806972,-91.81925318,0.0,0.0,1.0,4.0,16.911601448146733,17.88009549830889,4.0
22.0,28.0,13.0,2.765384281688073,111914000000.0,121532000000.0,4590241.0,2940057.0,147672643211.0,85393955565.0,0.0,1.0,25.52344343953564,25.440996556145354,26.052267585625444,25.3510093181868,1.0171796060363865,0.0,0.0,31.0806972,-91.81925318,32.79092429,-89.64612789,0.0,0.0,4.0,1.0,17.88009549830889,16.911601448146733,4.0
28.0,28.0,819.0,1.0,121532000000.0,121532000000.0,2940057.0,2940057.0,85393955565.0,85393955565.0,1.0,0.0,0.0,0.0,0.0,0.0,0.0,0.0,0.0,32.79092429,-89.64612789,32.79092429,-89.64612789,0.0,0.0,1.0,1.0,16.911601448146733,16.911601448146733,3.0
28.0,28.0,819.0,1.0,121532000000.0,121532000000.0,2940057.0,2940057.0,85393955565.0,85393955565.0,1.0,0.0,0.0,0.0,0.0,0.0,0.0,0.0,0.0,32.79092429,-89.64612789,32.79092429,-89.64612789,0.0,0.0,1.0,1.0,16.911601448146733,16.911601448146733,3.0
29.0,1.0,13.0,8.020279182752796,178053000000.0,131175000000.0,6177957.0,5074296.0,226360344480.0,171394495992.0,0.0,0.0,0.0,0.0,0.0,0.0,0.0,1.0,0.0,38.45001591,-92.480744,32.87856631,-86.71153023,1.0,0.0,3.0,3.0,15.754454007112106,17.04356957796615,4.0
1.0,29.0,13.0,8.020279182752796,131175000000.0,178053000000.0,5074296.0,6177957.0,171394495992.0,226360344480.0,0.0,0.0,0.0,0.0,0.0,0.0,0.0,1.0,0.0,32.87856631,-86.71153023,38.45001591,-92.480744,0.0,1.0,3.0,3.0,17.04356957796615,15.754454007112106,4.0
29.0,4.0,13.0,19.580485441231257,178053000000.0,294361000000.0,6177957.0,7359197.0,226360344480.0,293035865343.0,0.0,0.0,0.0,0.0,0.0,0.0,0.0,2.0,0.0,38.45001591,-92.480744,33.67825359,-111.4708913,1.0,1.0,3.0,3.0,15.754454007112106,25.018609812195567,4.0
4.0,29.0,13.0,19.580485441231257,294361000000.0,178053000000.0,7359197.0,6177957.0,293035865343.0,226360344480.0,0.0,0.0,0.0,0.0,0.0,0.0,0.0,2.0,0.0,33.67825359,-111.4708913,38.45001591,-92.480744,1.0,1.0,3.0,3.0,25.018609812195567,15.754454007112106,4.0
29.0,5.0,444.0,3.5387773385357653,178053000000.0,134661000000.0,6177957.0,3045637.0,226360344480.0,95572089060.0,0.0,1.0,25.905347095727915,25.626026346146176,25.52344343953564,25.626026346146176,1.26378128289227,2.0,2.0,38.45001591,-92.480744,34.91154416,-92.43423888,1.0,1.0,3.0,1.0,15.754454007112106,16.34192872200948,2.0
5.0,29.0,444.0,3.5387773385357653,134661000000.0,178053000000.0,3045637.0,6177957.0,95572089060.0,226360344480.0,0.0,1.0,25.905347095727915,25.626026346146176,25.52344343953564,25.626026346146176,1.26378128289227,2.0,2.0,34.91154416,-92.43423888,38.45001591,-92.480744,1.0,1.0,1.0,3.0,16.34192872200948,15.754454007112106,2.0
29.0,5.0,14.0,3.5387773385357653,178053000000.0,134661000000.0,6177957.0,3045637.0,226360344480.0,95572089060.0,0.0,1.0,25.905347095727915,25.626026346146176,25.52344343953564,25.626026346146176,1.26378128289227,2.0,2.0,38.45001591,-92.480744,34.91154416,-92.43423888,1.0,1.0,3.0,1.0,15.754454007112106,16.34192872200948,3.0
5.0,29.0,14.0,3.5387773385357653,134661000000.0,178053000000.0,3045637.0,6177957.0,95572089060.0,226360344480.0,0.0,1.0,25.905347095727915,25.626026346146176,25.52344343953564,25.626026346146176,1.26378128289227,2.0,2.0,34.91154416,-92.43423888,38.45001591,-92.480744,1.0,1.0,1.0,3.0,16.34192872200948,15.754454007112106,3.0
29.0,6.0,3324.0,28.27489534184522,178053000000.0,403671000000.0,6177957.0,39029342.0,226360344480.0,1821148127062.0,0.0,0.0,0.0,0.0,0.0,0.0,0.0,1.0,0.0,38.45001591,-92.480744,37.83798795,-120.7490147,1.0,0.0,3.0,6.0,15.754454007112106,31.30033897737643,2.0
6.0,29.0,3324.0,28.27489534184522,403671000000.0,178053000000.0,39029342.0,6177957.0,1821148127062.0,226360344480.0,0.0,0.0,0.0,0.0,0.0,0.0,0.0,1.0,0.0,37.83798795,-120.7490147,38.45001591,-92.480744,0.0,1.0,6.0,3.0,31.30033897737643,15.754454007112106,2.0
29.0,6.0,40.0,28.27489534184522,178053000000.0,403671000000.0,6177957.0,39029342.0,226360344480.0,1821148127062.0,0.0,0.0,0.0,0.0,0.0,0.0,0.0,1.0,0.0,38.45001591,-92.480744,37.83798795,-120.7490147,1.0,0.0,3.0,6.0,15.754454007112106,31.30033897737643,4.0
6.0,29.0,40.0,28.27489534184522,403671000000.0,178053000000.0,39029342.0,6177957.0,1821148127062.0,226360344480.0,0.0,0.0,0.0,0.0,0.0,0.0,0.0,1.0,0.0,37.83798795,-120.7490147,38.45001591,-92.480744,0.0,1.0,6.0,3.0,31.30033897737643,15.754454007112106,4.0
29.0,8.0,33.0,13.019153829080965,178053000000.0,268419000000.0,6177957.0,5839926.0,226360344480.0,286571008746.0,0.0,0.0,0.0,0.0,0.0,0.0,0.0,2.0,0.0,38.45001591,-92.480744,38.92883319,-105.4910899,1.0,1.0,3.0,2.0,15.754454007112106,20.380646878843788,4.0
8.0,29.0,33.0,13.019153829080965,268419000000.0,178053000000.0,5839926.0,6177957.0,286571008746.0,226360344480.0,0.0,0.0,0.0,0.0,0.0,0.0,0.0,2.0,0.0,38.92883319,-105.4910899,38.45001591,-92.480744,1.0,1.0,2.0,3.0,20.380646878843788,15.754454007112106,4.0
29.0,13.0,23.0,10.542033633395171,178053000000.0,149486000000.0,6177957.0,10912876.0,226360344480.0,418814355128.0,0.0,0.0,0.0,0.0,0.0,0.0,0.0,1.0,0.0,38.45001591,-92.480744,32.8067682,-83.57635023,1.0,0.0,3.0,3.0,15.754454007112106,17.725298242771597,4.0
13.0,29.0,23.0,10.542033633395171,149486000000.0,178053000000.0,10912876.0,6177957.0,418814355128.0,226360344480.0,0.0,0.0,0.0,0.0,0.0,0.0,0.0,1.0,0.0,32.8067682,-83.57635023,38.45001591,-92.480744,0.0,1.0,3.0,3.0,17.725298242771597,15.754454007112106,4.0
29.0,17.0,78.0,3.587466195160863,178053000000.0,143778000000.0,6177957.0,12582032.0,226360344480.0,545015880144.0,0.0,1.0,25.905347095727915,25.6915362802649,25.52344343953564,26.089475469537366,1.2774461580896674,2.0,2.0,38.45001591,-92.480744,39.84225886,-89.17445102,1.0,1.0,3.0,3.0,15.754454007112106,15.57382644068607,2.0
17.0,29.0,78.0,3.587466195160863,143778000000.0,178053000000.0,12582032.0,6177957.0,545015880144.0,226360344480.0,0.0,1.0,25.905347095727915,25.6915362802649,25.52344343953564,26.089475469537366,1.2774461580896674,2.0,2.0,39.84225886,-89.17445102,38.45001591,-92.480744,1.0,1.0,3.0,3.0,15.57382644068607,15.754454007112106,2.0
29.0,17.0,376.0,3.587466195160863,178053000000.0,143778000000.0,6177957.0,12582032.0,226360344480.0,545015880144.0,0.0,1.0,25.905347095727915,25.6915362802649,25.52344343953564,26.089475469537366,1.2774461580896674,2.0,2.0,38.45001591,-92.480744,39.84225886,-89.17445102,1.0,1.0,3.0,3.0,15.754454007112106,15.57382644068607,4.0
17.0,29.0,376.0,3.587466195160863,143778000000.0,178053000000.0,12582032.0,6177957.0,545015880144.0,226360344480.0,0.0,1.0,25.905347095727915,25.6915362802649,25.52344343953564,26.089475469537366,1.2774461580896674,2.0,2.0,39.84225886,-89.17445102,38.45001591,-92.480744,1.0,1.0,3.0,3.0,15.57382644068607,15.754454007112106,4.0
29.0,18.0,16.0,6.413825136381017,178053000000.0,92788998225.0,6177957.0,6833037.0,226360344480.0,245880003408.0,0.0,0.0,0.0,0.0,0.0,0.0,0.0,2.0,0.0,38.45001591,-92.480744,39.83861922,-86.21904026,1.0,1.0,3.0,4.0,15.754454007112106,15.783365211857229,2.0
18.0,29.0,16.0,6.413825136381017,92788998225.0,178053000000.0,6833037.0,6177957.0,245880003408.0,226360344480.0,0.0,0.0,0.0,0.0,0.0,0.0,0.0,2.0,0.0,39.83861922,-86.21904026,38.45001591,-92.480744,1.0,1.0,4.0,3.0,15.783365211857229,15.754454007112106,2.0
29.0,18.0,1.0,6.413825136381017,178053000000.0,92788998225.0,6177957.0,6833037.0,226360344480.0,245880003408.0,0.0,0.0,0.0,0.0,0.0,0.0,0.0,2.0,0.0,38.45001591,-92.480744,39.83861922,-86.21904026,1.0,1.0,3.0,4.0,15.754454007112106,15.783365211857229,3.0
18.0,29.0,1.0,6.413825136381017,92788998225.0,178053000000.0,6833037.0,6177957.0,245880003408.0,226360344480.0,0.0,0.0,0.0,0.0,0.0,0.0,0.0,2.0,0.0,39.83861922,-86.21904026,38.45001591,-92.480744,1.0,1.0,4.0,3.0,15.783365211857229,15.754454007112106,3.0
29.0,18.0,43.0,6.413825136381017,178053000000.0,92788998225.0,6177957.0,6833037.0,226360344480.0,245880003408.0,0.0,0.0,0.0,0.0,0.0,0.0,0.0,2.0,0.0,38.45001591,-92.480744,39.83861922,-86.21904026,1.0,1.0,3.0,4.0,15.754454007112106,15.783365211857229,4.0
18.0,29.0,43.0,6.413825136381017,92788998225.0,178053000000.0,6833037.0,6177957.0,245880003408.0,226360344480.0,0.0,0.0,0.0,0.0,0.0,0.0,0.0,2.0,0.0,39.83861922,-86.21904026,38.45001591,-92.480744,1.0,1.0,4.0,3.0,15.783365211857229,15.754454007112106,4.0
29.0,19.0,76.0,3.713018029544799,178053000000.0,144660000000.0,6177957.0,3200517.0,226360344480.0,124554520089.0,0.0,1.0,25.905347095727915,25.697651998367547,25.52344343953564,25.253593916100616,1.311845030972219,2.0,2.0,38.45001591,-92.480744,42.02990262,-93.4660937,1.0,1.0,3.0,1.0,15.754454007112106,16.209381226558154,4.0
19.0,29.0,76.0,3.713018029544799,144660000000.0,178053000000.0,3200517.0,6177957.0,124554520089.0,226360344480.0,0.0,1.0,25.905347095727915,25.697651998367547,25.52344343953564,25.253593916100616,1.311845030972219,2.0,2.0,42.02990262,-93.4660937,38.45001591,-92.480744,1.0,1.0,1.0,3.0,16.209381226558154,15.754454007112106,4.0
29.0,21.0,5.0,7.326007369058347,178053000000.0,102283000000.0,6177957.0,4512310.0,226360344480.0,153328293800.0,0.0,1.0,25.905347095727915,25.3510093181868,25.52344343953564,26.078691060500866,1.991430670233587,2.0,2.0,38.45001591,-92.480744,37.62171898,-85.20171191,1.0,1.0,3.0,3.0,15.754454007112106,15.95009217326982,3.0
21.0,29.0,5.0,7.326007369058347,102283000000.0,178053000000.0,4512310.0,6177957.0,153328293800.0,226360344480.0,0.0,1.0,25.905347095727915,25.3510093181868,25.52344343953564,26.078691060500866,1.991430670233587,2.0,2.0,37.62171898,-85.20171191,38.45001591,-92.480744,1.0,1.0,3.0,3.0,15.95009217326982,15.754454007112106,3.0
29.0,22.0,4367.0,7.398947786982978,178053000000.0,111914000000.0,6177957.0,4590241.0,226360344480.0,147672643211.0,0.0,0.0,0.0,0.0,0.0,0.0,0.0,1.0,0.0,38.45001591,-92.480744,31.0806972,-91.81925318,1.0,0.0,3.0,4.0,15.754454007112106,17.88009549830889,2.0
22.0,29.0,4367.0,7.398947786982978,111914000000.0,178053000000.0,4590241.0,6177957.0,147672643211.0,226360344480.0,0.0,0.0,0.0,0.0,0.0,0.0,0.0,1.0,0.0,31.0806972,-91.81925318,38.45001591,-92.480744,0.0,1.0,4.0,3.0,17.88009549830889,15.754454007112106,2.0
29.0,22.0,3356.0,7.398947786982978,178053000000.0,111914000000.0,6177957.0,4590241.0,226360344480.0,147672643211.0,0.0,0.0,0.0,0.0,0.0,0.0,0.0,1.0,0.0,38.45001591,-92.480744,31.0806972,-91.81925318,1.0,0.0,3.0,4.0,15.754454007112106,17.88009549830889,3.0
22.0,29.0,3356.0,7.398947786982978,111914000000.0,178053000000.0,4590241.0,6177957.0,147672643211.0,226360344480.0,0.0,0.0,0.0,0.0,0.0,0.0,0.0,1.0,0.0,31.0806972,-91.81925318,38.45001591,-92.480744,0.0,1.0,4.0,3.0,17.88009549830889,15.754454007112106,3.0
29.0,26.0,8.0,9.186178962584698,178053000000.0,146615000000.0,6177957.0,10034118.0,226360344480.0,382811635818.0,0.0,0.0,0.0,0.0,0.0,0.0,0.0,2.0,0.0,38.45001591,-92.480744,44.04901725,-85.19808872,1.0,1.0,3.0,3.0,15.754454007112106,17.01071464423954,4.0
26.0,29.0,8.0,9.186178962584698,146615000000.0,178053000000.0,10034118.0,6177957.0,382811635818.0,226360344480.0,0.0,0.0,0.0,0.0,0.0,0.0,0.0,2.0,0.0,44.04901725,-85.19808872,38.45001591,-92.480744,1.0,1.0,3.0,3.0,17.01071464423954,15.754454007112106,4.0
29.0,27.0,1.0,7.360004190857906,178053000000.0,206232000000.0,6177957.0,5717184.0,226360344480.0,257393340864.0,0.0,0.0,0.0,0.0,0.0,0.0,0.0,2.0,0.0,38.45001591,-92.480744,45.54670036,-94.4318287,1.0,1.0,3.0,2.0,15.754454007112106,17.499573988722897,3.0
27.0,29.0,1.0,7.360004190857906,206232000000.0,178053000000.0,5717184.0,6177957.0,257393340864.0,226360344480.0,0.0,0.0,0.0,0.0,0.0,0.0,0.0,2.0,0.0,45.54670036,-94.4318287,38.45001591,-92.480744,1.0,1.0,2.0,3.0,17.499573988722897,15.754454007112106,3.0
29.0,29.0,4095.0,1.0,178053000000.0,178053000000.0,6177957.0,6177957.0,226360344480.0,226360344480.0,1.0,0.0,0.0,0.0,0.0,0.0,0.0,2.0,0.0,38.45001591,-92.480744,38.45001591,-92.480744,1.0,1.0,3.0,3.0,15.754454007112106,15.754454007112106,2.0
29.0,29.0,4095.0,1.0,178053000000.0,178053000000.0,6177957.0,6177957.0,226360344480.0,226360344480.0,1.0,0.0,0.0,0.0,0.0,0.0,0.0,2.0,0.0,38.45001591,-92.480744,38.45001591,-92.480744,1.0,1.0,3.0,3.0,15.754454007112106,15.754454007112106,2.0
29.0,29.0,2227.0,1.0,178053000000.0,178053000000.0,6177957.0,6177957.0,226360344480.0,226360344480.0,1.0,0.0,0.0,0.0,0.0,0.0,0.0,2.0,0.0,38.45001591,-92.480744,38.45001591,-92.480744,1.0,1.0,3.0,3.0,15.754454007112106,15.754454007112106,3.0
29.0,29.0,2227.0,1.0,178053000000.0,178053000000.0,6177957.0,6177957.0,226360344480.0,226360344480.0,1.0,0.0,0.0,0.0,0.0,0.0,0.0,2.0,0.0,38.45001591,-92.480744,38.45001591,-92.480744,1.0,1.0,3.0,3.0,15.754454007112106,15.754454007112106,3.0
29.0,29.0,1841.0,1.0,178053000000.0,178053000000.0,6177957.0,6177957.0,226360344480.0,226360344480.0,1.0,0.0,0.0,0.0,0.0,0.0,0.0,2.0,0.0,38.45001591,-92.480744,38.45001591,-92.480744,1.0,1.0,3.0,3.0,15.754454007112106,15.754454007112106,4.0
29.0,29.0,1841.0,1.0,178053000000.0,178053000000.0,6177957.0,6177957.0,226360344480.0,226360344480.0,1.0,0.0,0.0,0.0,0.0,0.0,0.0,2.0,0.0,38.45001591,-92.480744,38.45001591,-92.480744,1.0,1.0,3.0,3.0,15.754454007112106,15.754454007112106,4.0
29.0,35.0,11.0,13.963374836520538,178053000000.0,314199000000.0,6177957.0,2113344.0,226360344480.0,71676175104.0,0.0,0.0,0.0,0.0,0.0,0.0,0.0,2.0,0.0,38.45001591,-92.480744,34.54561168,-105.8871404,1.0,1.0,3.0,1.0,15.754454007112106,21.339852695679816,4.0
35.0,29.0,11.0,13.963374836520538,314199000000.0,178053000000.0,2113344.0,6177957.0,71676175104.0,226360344480.0,0.0,0.0,0.0,0.0,0.0,0.0,0.0,2.0,0.0,34.54561168,-105.8871404,38.45001591,-92.480744,1.0,1.0,1.0,3.0,21.339852695679816,15.754454007112106,4.0
29.0,36.0,57.0,17.491957505287345,178053000000.0,122050000000.0,6177957.0,19677151.0,226360344480.0,933110177571.0,0.0,0.0,0.0,0.0,0.0,0.0,0.0,1.0,0.0,38.45001591,-92.480744,42.55441095,-75.47714089,1.0,0.0,3.0,5.0,15.754454007112106,20.306235500394656,4.0
36.0,29.0,57.0,17.491957505287345,122050000000.0,178053000000.0,19677151.0,6177957.0,933110177571.0,226360344480.0,0.0,0.0,0.0,0.0,0.0,0.0,0.0,1.0,0.0,42.55441095,-75.47714089,38.45001591,-92.480744,0.0,1.0,5.0,3.0,20.306235500394656,15.754454007112106,4.0
29.0,38.0,10.0,11.847210303603164,178053000000.0,178698000000.0,6177957.0,779261.0,226360344480.0,32573109800.0,0.0,0.0,0.0,0.0,0.0,0.0,0.0,2.0,0.0,38.45001591,-92.480744,47.39323862,-100.2508894,1.0,1.0,3.0,1.0,15.754454007112106,19.833784382087305,4.0
38.0,29.0,10.0,11.847210303603164,178698000000.0,178053000000.0,779261.0,6177957.0,32573109800.0,226360344480.0,0.0,0.0,0.0,0.0,0.0,0.0,0.0,2.0,0.0,47.39323862,-100.2508894,38.45001591,-92.480744,1.0,1.0,1.0,3.0,19.833784382087305,15.754454007112106,4.0
29.0,39.0,56.0,9.828482147833613,178053000000.0,105824000000.0,6177957.0,11756058.0,226360344480.0,445930792056.0,0.0,0.0,0.0,0.0,0.0,0.0,0.0,2.0,0.0,38.45001591,-92.480744,40.31742129,-82.83129539,1.0,1.0,3.0,5.0,15.754454007112106,16.574187523725264,4.0
39.0,29.0,56.0,9.828482147833613,105824000000.0,178053000000.0,11756058.0,6177957.0,445930792056.0,226360344480.0,0.0,0.0,0.0,0.0,0.0,0.0,0.0,2.0,0.0,40.31742129,-82.83129539,38.45001591,-92.480744,1.0,1.0,5.0,3.0,16.574187523725264,15.754454007112106,4.0
29.0,41.0,2.0,29.627163899669615,178053000000.0,248628000000.0,6177957.0,4240137.0,226360344480.0,180095578938.0,0.0,0.0,0.0,0.0,0.0,0.0,0.0,1.0,0.0,38.45001591,-92.480744,44.49389908,-121.4848871,1.0,0.0,3.0,2.0,15.754454007112106,32.15540936730309,4.0
41.0,29.0,2.0,29.627163899669615,248628000000.0,178053000000.0,4240137.0,6177957.0,180095578938.0,226360344480.0,0.0,0.0,0.0,0.0,0.0,0.0,0.0,1.0,0.0,44.49389908,-121.4848871,38.45001591,-92.480744,0.0,1.0,2.0,3.0,32.15540936730309,15.754454007112106,4.0
29.0,42.0,16.0,15.050899746979598,178053000000.0,115882000000.0,6177957.0,12972008.0,226360344480.0,538195639912.0,0.0,0.0,0.0,0.0,0.0,0.0,0.0,2.0,0.0,38.45001591,-92.480744,40.82029613,-77.61765701,1.0,1.0,3.0,4.0,15.754454007112106,18.7216652918346,4.0
42.0,29.0,16.0,15.050899746979598,115882000000.0,178053000000.0,12972008.0,6177957.0,538195639912.0,226360344480.0,0.0,0.0,0.0,0.0,0.0,0.0,0.0,2.0,0.0,40.82029613,-77.61765701,38.45001591,-92.480744,1.0,1.0,4.0,3.0,18.7216652918346,15.754454007112106,4.0
29.0,46.0,9.0,8.943423318506412,178053000000.0,190924000000.0,6177957.0,909824.0,226360344480.0,34225759232.0,0.0,0.0,0.0,0.0,0.0,0.0,0.0,2.0,0.0,38.45001591,-92.480744,44.28529801,-99.25822904,1.0,1.0,3.0,1.0,15.754454007112106,18.25127287589671,4.0
46.0,29.0,9.0,8.943423318506412,190924000000.0,178053000000.0,909824.0,6177957.0,34225759232.0,226360344480.0,0.0,0.0,0.0,0.0,0.0,0.0,0.0,2.0,0.0,44.28529801,-99.25822904,38.45001591,-92.480744,1.0,1.0,1.0,3.0,18.25127287589671,15.754454007112106,4.0
29.0,47.0,30.0,6.869109780908881,178053000000.0,106792000000.0,6177957.0,7051339.0,226360344480.0,258812346656.0,0.0,1.0,25.905347095727915,25.394148854299843,25.52344343953564,25.975141280048376,1.9270345171842305,2.0,2.0,38.45001591,-92.480744,35.88471808,-86.10862377,1.0,1.0,3.0,4.0,15.754454007112106,16.086867263002663,4.0
47.0,29.0,30.0,6.869109780908881,106792000000.0,178053000000.0,7051339.0,6177957.0,258812346656.0,226360344480.0,0.0,1.0,25.905347095727915,25.394148854299843,25.52344343953564,25.975141280048376,1.9270345171842305,2.0,2.0,35.88471808,-86.10862377,38.45001591,-92.480744,1.0,1.0,4.0,3.0,16.086867263002663,15.754454007112106,4.0
29.0,48.0,1182.0,9.17696473218653,178053000000.0,676681000000.0,6177957.0,30029572.0,226360344480.0,1144817373356.0,0.0,0.0,0.0,0.0,0.0,0.0,0.0,1.0,0.0,38.45001591,-92.480744,31.65818605,-98.65226965,1.0,0.0,3.0,9.0,15.754454007112106,19.151923784122165,2.0
48.0,29.0,1182.0,9.17696473218653,676681000000.0,178053000000.0,30029572.0,6177957.0,1144817373356.0,226360344480.0,0.0,0.0,0.0,0.0,0.0,0.0,0.0,1.0,0.0,31.65818605,-98.65226965,38.45001591,-92.480744,0.0,1.0,9.0,3.0,19.151923784122165,15.754454007112106,2.0
29.0,48.0,292.0,9.17696473218653,178053000000.0,676681000000.0,6177957.0,30029572.0,226360344480.0,1144817373356.0,0.0,0.0,0.0,0.0,0.0,0.0,0.0,1.0,0.0,38.45001591,-92.480744,31.65818605,-98.65226965,1.0,0.0,3.0,9.0,15.754454007112106,19.151923784122165,4.0
48.0,29.0,292.0,9.17696473218653,676681000000.0,178053000000.0,30029572.0,6177957.0,1144817373356.0,226360344480.0,0.0,0.0,0.0,0.0,0.0,0.0,0.0,1.0,0.0,31.65818605,-98.65226965,38.45001591,-92.480744,0.0,1.0,9.0,3.0,19.151923784122165,15.754454007112106,4.0
29.0,50.0,2.0,20.602605183863492,178053000000.0,23873081385.0,6177957.0,647064.0,226360344480.0,27339101064.0,0.0,0.0,0.0,0.0,0.0,0.0,0.0,2.0,0.0,38.45001591,-92.480744,44.16028666,-72.68528623,1.0,1.0,3.0,1.0,15.754454007112106,22.684033503618167,4.0
50.0,29.0,2.0,20.602605183863492,23873081385.0,178053000000.0,647064.0,6177957.0,27339101064.0,226360344480.0,0.0,0.0,0.0,0.0,0.0,0.0,0.0,2.0,0.0,44.16028666,-72.68528623,38.45001591,-92.480744,1.0,1.0,1.0,3.0,22.684033503618167,15.754454007112106,4.0
29.0,54.0,5.0,11.8670671148157,178053000000.0,62266296765.0,6177957.0,1775156.0,226360344480.0,56666529832.0,0.0,0.0,0.0,0.0,0.0,0.0,0.0,2.0,0.0,38.45001591,-92.480744,38.81190905,-80.61919624,1.0,1.0,3.0,1.0,15.754454007112106,17.229635728845473,4.0
54.0,29.0,5.0,11.8670671148157,62266296765.0,178053000000.0,1775156.0,6177957.0,56666529832.0,226360344480.0,0.0,0.0,0.0,0.0,0.0,0.0,0.0,2.0,0.0,38.81190905,-80.61919624,38.45001591,-92.480744,1.0,1.0,1.0,3.0,17.229635728845473,15.754454007112106,4.0
29.0,55.0,17.0,6.544225027246097,178053000000.0,140292000000.0,6177957.0,5892539.0,226360344480.0,236809357332.0,0.0,0.0,0.0,0.0,0.0,0.0,0.0,2.0,0.0,38.45001591,-92.480744,44.40708334,-89.77145833,1.0,1.0,3.0,2.0,15.754454007112106,16.679272144208667,4.0
55.0,29.0,17.0,6.544225027246097,140292000000.0,178053000000.0,5892539.0,6177957.0,236809357332.0,226360344480.0,0.0,0.0,0.0,0.0,0.0,0.0,0.0,2.0,0.0,44.40708334,-89.77145833,38.45001591,-92.480744,1.0,1.0,2.0,3.0,16.679272144208667,15.754454007112106,4.0
30.0,29.0,6.0,19.217617199963332,376974000000.0,178053000000.0,1122867.0,6177957.0,43038369243.0,226360344480.0,0.0,0.0,0.0,0.0,0.0,0.0,0.0,2.0,0.0,46.97106673,-109.7059727,38.45001591,-92.480744,1.0,1.0,1.0,3.0,24.20858400830915,15.754454007112106,3.0
29.0,30.0,6.0,19.217617199963332,178053000000.0,376974000000.0,6177957.0,1122867.0,226360344480.0,43038369243.0,0.0,0.0,0.0,0.0,0.0,0.0,0.0,2.0,0.0,38.45001591,-92.480744,46.97106673,-109.7059727,1.0,1.0,3.0,1.0,15.754454007112106,24.20858400830915,3.0
30.0,55.0,2.0,20.098728168516843,376974000000.0,140292000000.0,1122867.0,5892539.0,43038369243.0,236809357332.0,0.0,0.0,0.0,0.0,0.0,0.0,0.0,2.0,0.0,46.97106673,-109.7059727,44.40708334,-89.77145833,1.0,1.0,1.0,2.0,24.20858400830915,16.679272144208667,3.0
55.0,30.0,2.0,20.098728168516843,140292000000.0,376974000000.0,5892539.0,1122867.0,236809357332.0,43038369243.0,0.0,0.0,0.0,0.0,0.0,0.0,0.0,2.0,0.0,44.40708334,-89.77145833,46.97106673,-109.7059727,1.0,1.0,2.0,1.0,16.679272144208667,24.20858400830915,3.0
31.0,1.0,51.0,14.938951448719445,198957000000.0,131175000000.0,1967923.0,5074296.0,76743093231.0,171394495992.0,0.0,0.0,0.0,0.0,0.0,0.0,0.0,1.0,0.0,41.32123795,-99.03604101,32.87856631,-86.71153023,1.0,0.0,2.0,3.0,17.515895874182647,17.04356957796615,4.0
1.0,31.0,51.0,14.938951448719445,131175000000.0,198957000000.0,5074296.0,1967923.0,171394495992.0,76743093231.0,0.0,0.0,0.0,0.0,0.0,0.0,0.0,1.0,0.0,32.87856631,-86.71153023,41.32123795,-99.03604101,0.0,1.0,3.0,2.0,17.04356957796615,17.515895874182647,4.0
31.0,4.0,26.0,14.595914211241366,198957000000.0,294361000000.0,1967923.0,7359197.0,76743093231.0,293035865343.0,0.0,0.0,0.0,0.0,0.0,0.0,0.0,2.0,0.0,41.32123795,-99.03604101,33.67825359,-111.4708913,1.0,1.0,2.0,3.0,17.515895874182647,25.018609812195567,4.0
4.0,31.0,26.0,14.595914211241366,294361000000.0,198957000000.0,7359197.0,1967923.0,293035865343.0,76743093231.0,0.0,0.0,0.0,0.0,0.0,0.0,0.0,2.0,0.0,33.67825359,-111.4708913,41.32123795,-99.03604101,1.0,1.0,3.0,2.0,25.018609812195567,17.515895874182647,4.0
31.0,6.0,331.0,21.990594740141344,198957000000.0,403671000000.0,1967923.0,39029342.0,76743093231.0,1821148127062.0,0.0,0.0,0.0,0.0,0.0,0.0,0.0,1.0,0.0,41.32123795,-99.03604101,37.83798795,-120.7490147,1.0,0.0,2.0,6.0,17.515895874182647,31.30033897737643,4.0
6.0,31.0,331.0,21.990594740141344,403671000000.0,198957000000.0,39029342.0,1967923.0,1821148127062.0,76743093231.0,0.0,0.0,0.0,0.0,0.0,0.0,0.0,1.0,0.0,37.83798795,-120.7490147,41.32123795,-99.03604101,0.0,1.0,6.0,2.0,31.30033897737643,17.515895874182647,4.0
31.0,8.0,3894.0,6.884130788121394,198957000000.0,268419000000.0,1967923.0,5839926.0,76743093231.0,286571008746.0,0.0,1.0,26.01635455792016,26.315815029404327,26.65544205649895,26.315815029404327,1.9292188770243361,2.0,2.0,41.32123795,-99.03604101,38.92883319,-105.4910899,1.0,1.0,2.0,2.0,17.515895874182647,20.380646878843788,2.0
8.0,31.0,3894.0,6.884130788121394,268419000000.0,198957000000.0,5839926.0,1967923.0,286571008746.0,76743093231.0,0.0,1.0,26.01635455792016,26.315815029404327,26.65544205649895,26.315815029404327,1.9292188770243361,2.0,2.0,38.92883319,-105.4910899,41.32123795,-99.03604101,1.0,1.0,2.0,2.0,20.380646878843788,17.515895874182647,2.0
31.0,8.0,319.0,6.884130788121394,198957000000.0,268419000000.0,1967923.0,5839926.0,76743093231.0,286571008746.0,0.0,1.0,26.01635455792016,26.315815029404327,26.65544205649895,26.315815029404327,1.9292188770243361,2.0,2.0,41.32123795,-99.03604101,38.92883319,-105.4910899,1.0,1.0,2.0,2.0,17.515895874182647,20.380646878843788,4.0
8.0,31.0,319.0,6.884130788121394,268419000000.0,198957000000.0,5839926.0,1967923.0,286571008746.0,76743093231.0,0.0,1.0,26.01635455792016,26.315815029404327,26.65544205649895,26.315815029404327,1.9292188770243361,2.0,2.0,38.92883319,-105.4910899,41.32123795,-99.03604101,1.0,1.0,2.0,2.0,20.380646878843788,17.515895874182647,4.0
31.0,12.0,18.0,20.49807017631623,198957000000.0,138958000000.0,1967923.0,22244823.0,76743093231.0,895976980794.0,0.0,0.0,0.0,0.0,0.0,0.0,0.0,1.0,0.0,41.32123795,-99.03604101,28.93181099,-82.70591607,1.0,0.0,2.0,5.0,17.515895874182647,20.207697261419515,4.0
12.0,31.0,18.0,20.49807017631623,138958000000.0,198957000000.0,22244823.0,1967923.0,895976980794.0,76743093231.0,0.0,0.0,0.0,0.0,0.0,0.0,0.0,1.0,0.0,28.93181099,-82.70591607,41.32123795,-99.03604101,0.0,1.0,5.0,2.0,20.207697261419515,17.515895874182647,4.0
31.0,13.0,2.0,17.649312568394333,198957000000.0,149486000000.0,1967923.0,10912876.0,76743093231.0,418814355128.0,0.0,0.0,0.0,0.0,0.0,0.0,0.0,1.0,0.0,41.32123795,-99.03604101,32.8067682,-83.57635023,1.0,0.0,2.0,3.0,17.515895874182647,17.725298242771597,2.0
13.0,31.0,2.0,17.649312568394333,149486000000.0,198957000000.0,10912876.0,1967923.0,418814355128.0,76743093231.0,0.0,0.0,0.0,0.0,0.0,0.0,0.0,1.0,0.0,32.8067682,-83.57635023,41.32123795,-99.03604101,0.0,1.0,3.0,2.0,17.725298242771597,17.515895874182647,2.0
31.0,13.0,74.0,17.649312568394333,198957000000.0,149486000000.0,1967923.0,10912876.0,76743093231.0,418814355128.0,0.0,0.0,0.0,0.0,0.0,0.0,0.0,1.0,0.0,41.32123795,-99.03604101,32.8067682,-83.57635023,1.0,0.0,2.0,3.0,17.515895874182647,17.725298242771597,4.0
13.0,31.0,74.0,17.649312568394333,149486000000.0,198957000000.0,10912876.0,1967923.0,418814355128.0,76743093231.0,0.0,0.0,0.0,0.0,0.0,0.0,0.0,1.0,0.0,32.8067682,-83.57635023,41.32123795,-99.03604101,0.0,1.0,3.0,2.0,17.725298242771597,17.515895874182647,4.0
31.0,18.0,85.0,12.902467458747862,198957000000.0,92788998225.0,1967923.0,6833037.0,76743093231.0,245880003408.0,0.0,0.0,0.0,0.0,0.0,0.0,0.0,2.0,0.0,41.32123795,-99.03604101,39.83861922,-86.21904026,1.0,1.0,2.0,4.0,17.515895874182647,15.783365211857229,4.0
18.0,31.0,85.0,12.902467458747862,92788998225.0,198957000000.0,6833037.0,1967923.0,245880003408.0,76743093231.0,0.0,0.0,0.0,0.0,0.0,0.0,0.0,2.0,0.0,39.83861922,-86.21904026,41.32123795,-99.03604101,1.0,1.0,4.0,2.0,15.783365211857229,17.515895874182647,4.0
31.0,19.0,2618.0,5.614848052323633,198957000000.0,144660000000.0,1967923.0,3200517.0,76743093231.0,124554520089.0,0.0,1.0,26.01635455792016,25.697651998367547,26.65544205649895,25.253593916100616,1.7254145267955117,2.0,2.0,41.32123795,-99.03604101,42.02990262,-93.4660937,1.0,1.0,2.0,1.0,17.515895874182647,16.209381226558154,4.0
19.0,31.0,2618.0,5.614848052323633,144660000000.0,198957000000.0,3200517.0,1967923.0,124554520089.0,76743093231.0,0.0,1.0,26.01635455792016,25.697651998367547,26.65544205649895,25.253593916100616,1.7254145267955117,2.0,2.0,42.02990262,-93.4660937,41.32123795,-99.03604101,1.0,1.0,1.0,2.0,16.209381226558154,17.515895874182647,4.0
31.0,20.0,220.0,2.99099192430732,198957000000.0,211754000000.0,1967923.0,2937150.0,76743093231.0,111373790850.0,0.0,1.0,26.01635455792016,26.078691060500866,26.65544205649895,25.697651998367547,1.0956050796466135,2.0,2.0,41.32123795,-99.03604101,38.48536567,-98.08532491,1.0,1.0,2.0,3.0,17.515895874182647,17.082248338214743,2.0
20.0,31.0,220.0,2.99099192430732,211754000000.0,198957000000.0,2937150.0,1967923.0,111373790850.0,76743093231.0,0.0,1.0,26.01635455792016,26.078691060500866,26.65544205649895,25.697651998367547,1.0956050796466135,2.0,2.0,38.48536567,-98.08532491,41.32123795,-99.03604101,1.0,1.0,3.0,2.0,17.082248338214743,17.515895874182647,2.0
31.0,20.0,1212.0,2.99099192430732,198957000000.0,211754000000.0,1967923.0,2937150.0,76743093231.0,111373790850.0,0.0,1.0,26.01635455792016,26.078691060500866,26.65544205649895,25.697651998367547,1.0956050796466135,2.0,2.0,41.32123795,-99.03604101,38.48536567,-98.08532491,1.0,1.0,2.0,3.0,17.515895874182647,17.082248338214743,4.0
20.0,31.0,1212.0,2.99099192430732,211754000000.0,198957000000.0,2937150.0,1967923.0,111373790850.0,76743093231.0,0.0,1.0,26.01635455792016,26.078691060500866,26.65544205649895,25.697651998367547,1.0956050796466135,2.0,2.0,38.48536567,-98.08532491,41.32123795,-99.03604101,1.0,1.0,3.0,2.0,17.082248338214743,17.515895874182647,4.0
31.0,26.0,52.0,14.104244165846849,198957000000.0,146615000000.0,1967923.0,10034118.0,76743093231.0,382811635818.0,0.0,0.0,0.0,0.0,0.0,0.0,0.0,2.0,0.0,41.32123795,-99.03604101,44.04901725,-85.19808872,1.0,1.0,2.0,3.0,17.515895874182647,17.01071464423954,2.0
26.0,31.0,52.0,14.104244165846849,146615000000.0,198957000000.0,10034118.0,1967923.0,382811635818.0,76743093231.0,0.0,0.0,0.0,0.0,0.0,0.0,0.0,2.0,0.0,44.04901725,-85.19808872,41.32123795,-99.03604101,1.0,1.0,3.0,2.0,17.01071464423954,17.515895874182647,2.0
31.0,26.0,61.0,14.104244165846849,198957000000.0,146615000000.0,1967923.0,10034118.0,76743093231.0,382811635818.0,0.0,0.0,0.0,0.0,0.0,0.0,0.0,2.0,0.0,41.32123795,-99.03604101,44.04901725,-85.19808872,1.0,1.0,2.0,3.0,17.515895874182647,17.01071464423954,3.0
26.0,31.0,61.0,14.104244165846849,146615000000.0,198957000000.0,10034118.0,1967923.0,382811635818.0,76743093231.0,0.0,0.0,0.0,0.0,0.0,0.0,0.0,2.0,0.0,44.04901725,-85.19808872,41.32123795,-99.03604101,1.0,1.0,3.0,2.0,17.01071464423954,17.515895874182647,3.0
31.0,26.0,37.0,14.104244165846849,198957000000.0,146615000000.0,1967923.0,10034118.0,76743093231.0,382811635818.0,0.0,0.0,0.0,0.0,0.0,0.0,0.0,2.0,0.0,41.32123795,-99.03604101,44.04901725,-85.19808872,1.0,1.0,2.0,3.0,17.515895874182647,17.01071464423954,4.0
26.0,31.0,37.0,14.104244165846849,146615000000.0,198957000000.0,10034118.0,1967923.0,382811635818.0,76743093231.0,0.0,0.0,0.0,0.0,0.0,0.0,0.0,2.0,0.0,44.04901725,-85.19808872,41.32123795,-99.03604101,1.0,1.0,3.0,2.0,17.01071464423954,17.515895874182647,4.0
31.0,27.0,386.0,6.249264242603178,198957000000.0,206232000000.0,1967923.0,5717184.0,76743093231.0,257393340864.0,0.0,0.0,0.0,0.0,0.0,0.0,0.0,2.0,0.0,41.32123795,-99.03604101,45.54670036,-94.4318287,1.0,1.0,2.0,2.0,17.515895874182647,17.499573988722897,4.0
27.0,31.0,386.0,6.249264242603178,206232000000.0,198957000000.0,5717184.0,1967923.0,257393340864.0,76743093231.0,0.0,0.0,0.0,0.0,0.0,0.0,0.0,2.0,0.0,45.54670036,-94.4318287,41.32123795,-99.03604101,1.0,1.0,2.0,2.0,17.499573988722897,17.515895874182647,4.0
31.0,28.0,15.0,12.686083695890183,198957000000.0,121532000000.0,1967923.0,2940057.0,76743093231.0,85393955565.0,0.0,0.0,0.0,0.0,0.0,0.0,0.0,1.0,0.0,41.32123795,-99.03604101,32.79092429,-89.64612789,1.0,0.0,2.0,1.0,17.515895874182647,16.911601448146733,4.0
28.0,31.0,15.0,12.686083695890183,121532000000.0,198957000000.0,2940057.0,1967923.0,85393955565.0,76743093231.0,0.0,0.0,0.0,0.0,0.0,0.0,0.0,1.0,0.0,32.79092429,-89.64612789,41.32123795,-99.03604101,0.0,1.0,1.0,2.0,16.911601448146733,17.515895874182647,4.0
31.0,29.0,138.0,7.1565239391967905,198957000000.0,178053000000.0,1967923.0,6177957.0,76743093231.0,226360344480.0,0.0,1.0,26.01635455792016,25.905347095727915,26.65544205649895,25.52344343953564,1.9680243797349521,2.0,2.0,41.32123795,-99.03604101,38.45001591,-92.480744,1.0,1.0,2.0,3.0,17.515895874182647,15.754454007112106,4.0
29.0,31.0,138.0,7.1565239391967905,178053000000.0,198957000000.0,6177957.0,1967923.0,226360344480.0,76743093231.0,0.0,1.0,26.01635455792016,25.905347095727915,26.65544205649895,25.52344343953564,1.9680243797349521,2.0,2.0,38.45001591,-92.480744,41.32123795,-99.03604101,1.0,1.0,3.0,2.0,15.754454007112106,17.515895874182647,4.0
31.0,30.0,9.0,12.073442239584473,198957000000.0,376974000000.0,1967923.0,1122867.0,76743093231.0,43038369243.0,0.0,0.0,0.0,0.0,0.0,0.0,0.0,2.0,0.0,41.32123795,-99.03604101,46.97106673,-109.7059727,1.0,1.0,2.0,1.0,17.515895874182647,24.20858400830915,4.0
30.0,31.0,9.0,12.073442239584473,376974000000.0,198957000000.0,1122867.0,1967923.0,43038369243.0,76743093231.0,0.0,0.0,0.0,0.0,0.0,0.0,0.0,2.0,0.0,46.97106673,-109.7059727,41.32123795,-99.03604101,1.0,1.0,1.0,2.0,24.20858400830915,17.515895874182647,4.0
31.0,31.0,27262.0,1.0,198957000000.0,198957000000.0,1967923.0,1967923.0,76743093231.0,76743093231.0,1.0,0.0,0.0,0.0,0.0,0.0,0.0,2.0,0.0,41.32123795,-99.03604101,41.32123795,-99.03604101,1.0,1.0,2.0,2.0,17.515895874182647,17.515895874182647,2.0
31.0,31.0,27262.0,1.0,198957000000.0,198957000000.0,1967923.0,1967923.0,76743093231.0,76743093231.0,1.0,0.0,0.0,0.0,0.0,0.0,0.0,2.0,0.0,41.32123795,-99.03604101,41.32123795,-99.03604101,1.0,1.0,2.0,2.0,17.515895874182647,17.515895874182647,2.0
31.0,31.0,9595.0,1.0,198957000000.0,198957000000.0,1967923.0,1967923.0,76743093231.0,76743093231.0,1.0,0.0,0.0,0.0,0.0,0.0,0.0,2.0,0.0,41.32123795,-99.03604101,41.32123795,-99.03604101,1.0,1.0,2.0,2.0,17.515895874182647,17.515895874182647,3.0
31.0,31.0,9595.0,1.0,198957000000.0,198957000000.0,1967923.0,1967923.0,76743093231.0,76743093231.0,1.0,0.0,0.0,0.0,0.0,0.0,0.0,2.0,0.0,41.32123795,-99.03604101,41.32123795,-99.03604101,1.0,1.0,2.0,2.0,17.515895874182647,17.515895874182647,3.0
31.0,31.0,21170.0,1.0,198957000000.0,198957000000.0,1967923.0,1967923.0,76743093231.0,76743093231.0,1.0,0.0,0.0,0.0,0.0,0.0,0.0,2.0,0.0,41.32123795,-99.03604101,41.32123795,-99.03604101,1.0,1.0,2.0,2.0,17.515895874182647,17.515895874182647,4.0
31.0,31.0,21170.0,1.0,198957000000.0,198957000000.0,1967923.0,1967923.0,76743093231.0,76743093231.0,1.0,0.0,0.0,0.0,0.0,0.0,0.0,2.0,0.0,41.32123795,-99.03604101,41.32123795,-99.03604101,1.0,1.0,2.0,2.0,17.515895874182647,17.515895874182647,4.0
31.0,36.0,59.0,23.591152801676845,198957000000.0,122050000000.0,1967923.0,19677151.0,76743093231.0,933110177571.0,0.0,0.0,0.0,0.0,0.0,0.0,0.0,1.0,0.0,41.32123795,-99.03604101,42.55441095,-75.47714089,1.0,0.0,2.0,5.0,17.515895874182647,20.306235500394656,2.0
36.0,31.0,59.0,23.591152801676845,122050000000.0,198957000000.0,19677151.0,1967923.0,933110177571.0,76743093231.0,0.0,0.0,0.0,0.0,0.0,0.0,0.0,1.0,0.0,42.55441095,-75.47714089,41.32123795,-99.03604101,0.0,1.0,5.0,2.0,20.306235500394656,17.515895874182647,2.0
31.0,38.0,22.0,6.192337906410312,198957000000.0,178698000000.0,1967923.0,779261.0,76743093231.0,32573109800.0,0.0,0.0,0.0,0.0,0.0,0.0,0.0,2.0,0.0,41.32123795,-99.03604101,47.39323862,-100.2508894,1.0,1.0,2.0,1.0,17.515895874182647,19.833784382087305,4.0
38.0,31.0,22.0,6.192337906410312,178698000000.0,198957000000.0,779261.0,1967923.0,32573109800.0,76743093231.0,0.0,0.0,0.0,0.0,0.0,0.0,0.0,2.0,0.0,47.39323862,-100.2508894,41.32123795,-99.03604101,1.0,1.0,1.0,2.0,19.833784382087305,17.515895874182647,4.0
31.0,40.0,343.0,6.0863199177695995,198957000000.0,177664000000.0,1967923.0,4019800.0,76743093231.0,132372014000.0,0.0,0.0,0.0,0.0,0.0,0.0,0.0,2.0,0.0,41.32123795,-99.03604101,35.50185248,-97.25333439,1.0,1.0,2.0,3.0,17.515895874182647,17.275428672333067,4.0
40.0,31.0,343.0,6.0863199177695995,177664000000.0,198957000000.0,4019800.0,1967923.0,132372014000.0,76743093231.0,0.0,0.0,0.0,0.0,0.0,0.0,0.0,2.0,0.0,35.50185248,-97.25333439,41.32123795,-99.03604101,1.0,1.0,3.0,2.0,17.275428672333067,17.515895874182647,4.0
31.0,41.0,1.0,22.671931312050166,198957000000.0,248628000000.0,1967923.0,4240137.0,76743093231.0,180095578938.0,0.0,0.0,0.0,0.0,0.0,0.0,0.0,1.0,0.0,41.32123795,-99.03604101,44.49389908,-121.4848871,1.0,0.0,2.0,2.0,17.515895874182647,32.15540936730309,4.0
41.0,31.0,1.0,22.671931312050166,248628000000.0,198957000000.0,4240137.0,1967923.0,180095578938.0,76743093231.0,0.0,0.0,0.0,0.0,0.0,0.0,0.0,1.0,0.0,44.49389908,-121.4848871,41.32123795,-99.03604101,0.0,1.0,2.0,2.0,32.15540936730309,17.515895874182647,4.0
31.0,42.0,144.0,21.424241313952777,198957000000.0,115882000000.0,1967923.0,12972008.0,76743093231.0,538195639912.0,0.0,0.0,0.0,0.0,0.0,0.0,0.0,2.0,0.0,41.32123795,-99.03604101,40.82029613,-77.61765701,1.0,1.0,2.0,4.0,17.515895874182647,18.7216652918346,4.0
42.0,31.0,144.0,21.424241313952777,115882000000.0,198957000000.0,12972008.0,1967923.0,538195639912.0,76743093231.0,0.0,0.0,0.0,0.0,0.0,0.0,0.0,2.0,0.0,40.82029613,-77.61765701,41.32123795,-99.03604101,1.0,1.0,4.0,2.0,18.7216652918346,17.515895874182647,4.0
31.0,45.0,3.0,19.500442855305884,198957000000.0,77866132568.0,1967923.0,5282634.0,76743093231.0,193740601950.0,0.0,0.0,0.0,0.0,0.0,0.0,0.0,1.0,0.0,41.32123795,-99.03604101,33.95498444,-80.98041638,1.0,0.0,2.0,3.0,17.515895874182647,18.14651779597172,2.0
45.0,31.0,3.0,19.500442855305884,77866132568.0,198957000000.0,5282634.0,1967923.0,193740601950.0,76743093231.0,0.0,0.0,0.0,0.0,0.0,0.0,0.0,1.0,0.0,33.95498444,-80.98041638,41.32123795,-99.03604101,0.0,1.0,3.0,2.0,18.14651779597172,17.515895874182647,2.0
31.0,46.0,5.0,2.9723760798328485,198957000000.0,190924000000.0,1967923.0,909824.0,76743093231.0,34225759232.0,0.0,1.0,26.01635455792016,25.975141280048376,26.65544205649895,25.078256940065014,1.0893616598434326,2.0,2.0,41.32123795,-99.03604101,44.28529801,-99.25822904,1.0,1.0,2.0,1.0,17.515895874182647,18.25127287589671,3.0
46.0,31.0,5.0,2.9723760798328485,190924000000.0,198957000000.0,909824.0,1967923.0,34225759232.0,76743093231.0,0.0,1.0,26.01635455792016,25.975141280048376,26.65544205649895,25.078256940065014,1.0893616598434326,2.0,2.0,44.28529801,-99.25822904,41.32123795,-99.03604101,1.0,1.0,1.0,2.0,18.25127287589671,17.515895874182647,3.0
31.0,47.0,46.0,14.024045949509517,198957000000.0,106792000000.0,1967923.0,7051339.0,76743093231.0,258812346656.0,0.0,0.0,0.0,0.0,0.0,0.0,0.0,2.0,0.0,41.32123795,-99.03604101,35.88471808,-86.10862377,1.0,1.0,2.0,4.0,17.515895874182647,16.086867263002663,4.0
47.0,31.0,46.0,14.024045949509517,106792000000.0,198957000000.0,7051339.0,1967923.0,258812346656.0,76743093231.0,0.0,0.0,0.0,0.0,0.0,0.0,0.0,2.0,0.0,35.88471808,-86.10862377,41.32123795,-99.03604101,1.0,1.0,4.0,2.0,16.086867263002663,17.515895874182647,4.0
31.0,48.0,9.0,9.670669701672672,198957000000.0,676681000000.0,1967923.0,30029572.0,76743093231.0,1144817373356.0,0.0,0.0,0.0,0.0,0.0,0.0,0.0,1.0,0.0,41.32123795,-99.03604101,31.65818605,-98.65226965,1.0,0.0,2.0,9.0,17.515895874182647,19.151923784122165,2.0
48.0,31.0,9.0,9.670669701672672,676681000000.0,198957000000.0,30029572.0,1967923.0,1144817373356.0,76743093231.0,0.0,0.0,0.0,0.0,0.0,0.0,0.0,1.0,0.0,31.65818605,-98.65226965,41.32123795,-99.03604101,0.0,1.0,9.0,2.0,19.151923784122165,17.515895874182647,2.0
31.0,49.0,28.0,12.6768490987677,198957000000.0,213355000000.0,1967923.0,3380800.0,76743093231.0,130208131200.0,0.0,0.0,0.0,0.0,0.0,0.0,0.0,2.0,0.0,41.32123795,-99.03604101,39.63565035,-111.6003276,1.0,1.0,2.0,2.0,17.515895874182647,24.10238778282654,4.0
49.0,31.0,28.0,12.6768490987677,213355000000.0,198957000000.0,3380800.0,1967923.0,130208131200.0,76743093231.0,0.0,0.0,0.0,0.0,0.0,0.0,0.0,2.0,0.0,39.63565035,-111.6003276,41.32123795,-99.03604101,1.0,1.0,2.0,2.0,24.10238778282654,17.515895874182647,4.0
31.0,55.0,60.0,9.764985100118706,198957000000.0,140292000000.0,1967923.0,5892539.0,76743093231.0,236809357332.0,0.0,0.0,0.0,0.0,0.0,0.0,0.0,2.0,0.0,41.32123795,-99.03604101,44.40708334,-89.77145833,1.0,1.0,2.0,2.0,17.515895874182647,16.679272144208667,4.0
55.0,31.0,60.0,9.764985100118706,140292000000.0,198957000000.0,5892539.0,1967923.0,236809357332.0,76743093231.0,0.0,0.0,0.0,0.0,0.0,0.0,0.0,2.0,0.0,44.40708334,-89.77145833,41.32123795,-99.03604101,1.0,1.0,2.0,2.0,16.679272144208667,17.515895874182647,4.0
31.0,56.0,9.0,8.296416746546168,198957000000.0,251459000000.0,1967923.0,581381.0,76743093231.0,22158755434.0,0.0,1.0,26.01635455792016,26.25054579132791,26.65544205649895,25.666991801759092,2.1158237043022217,2.0,2.0,41.32123795,-99.03604101,43.08797026,-107.1421614,1.0,1.0,2.0,1.0,17.515895874182647,21.60960275565295,4.0
56.0,31.0,9.0,8.296416746546168,251459000000.0,198957000000.0,581381.0,1967923.0,22158755434.0,76743093231.0,0.0,1.0,26.01635455792016,26.25054579132791,26.65544205649895,25.666991801759092,2.1158237043022217,2.0,2.0,43.08797026,-107.1421614,41.32123795,-99.03604101,1.0,1.0,1.0,2.0,21.60960275565295,17.515895874182647,4.0
32.0,4.0,3.0,8.250026967212142,284537000000.0,294361000000.0,3177772.0,7359197.0,121336868276.0,293035865343.0,0.0,1.0,26.374129134780752,26.408072742199746,26.01635455792016,26.408072742199746,2.110216469094234,2.0,2.0,39.24605215,-117.5587944,33.67825359,-111.4708913,1.0,1.0,2.0,3.0,28.534917328530877,25.018609812195567,3.0
4.0,32.0,3.0,8.250026967212142,294361000000.0,284537000000.0,7359197.0,3177772.0,293035865343.0,121336868276.0,0.0,1.0,26.374129134780752,26.408072742199746,26.01635455792016,26.408072742199746,2.110216469094234,2.0,2.0,33.67825359,-111.4708913,39.24605215,-117.5587944,1.0,1.0,3.0,2.0,25.018609812195567,28.534917328530877,3.0
32.0,32.0,1.0,1.0,284537000000.0,284537000000.0,3177772.0,3177772.0,121336868276.0,121336868276.0,1.0,0.0,0.0,0.0,0.0,0.0,0.0,2.0,0.0,39.24605215,-117.5587944,39.24605215,-117.5587944,1.0,1.0,2.0,2.0,28.534917328530877,28.534917328530877,2.0
32.0,32.0,1.0,1.0,284537000000.0,284537000000.0,3177772.0,3177772.0,121336868276.0,121336868276.0,1.0,0.0,0.0,0.0,0.0,0.0,0.0,2.0,0.0,39.24605215,-117.5587944,39.24605215,-117.5587944,1.0,1.0,2.0,2.0,28.534917328530877,28.534917328530877,2.0
32.0,32.0,38.0,1.0,284537000000.0,284537000000.0,3177772.0,3177772.0,121336868276.0,121336868276.0,1.0,0.0,0.0,0.0,0.0,0.0,0.0,2.0,0.0,39.24605215,-117.5587944,39.24605215,-117.5587944,1.0,1.0,2.0,2.0,28.534917328530877,28.534917328530877,3.0
32.0,32.0,38.0,1.0,284537000000.0,284537000000.0,3177772.0,3177772.0,121336868276.0,121336868276.0,1.0,0.0,0.0,0.0,0.0,0.0,0.0,2.0,0.0,39.24605215,-117.5587944,39.24605215,-117.5587944,1.0,1.0,2.0,2.0,28.534917328530877,28.534917328530877,3.0
32.0,32.0,26.0,1.0,284537000000.0,284537000000.0,3177772.0,3177772.0,121336868276.0,121336868276.0,1.0,0.0,0.0,0.0,0.0,0.0,0.0,2.0,0.0,39.24605215,-117.5587944,39.24605215,-117.5587944,1.0,1.0,2.0,2.0,28.534917328530877,28.534917328530877,4.0
32.0,32.0,26.0,1.0,284537000000.0,284537000000.0,3177772.0,3177772.0,121336868276.0,121336868276.0,1.0,0.0,0.0,0.0,0.0,0.0,0.0,2.0,0.0,39.24605215,-117.5587944,39.24605215,-117.5587944,1.0,1.0,2.0,2.0,28.534917328530877,28.534917328530877,4.0
32.0,49.0,8.0,5.971190280349926,284537000000.0,213355000000.0,3177772.0,3380800.0,121336868276.0,130208131200.0,0.0,1.0,26.374129134780752,26.0862232819749,26.01635455792016,27.240465802355804,1.7869462844746056,2.0,2.0,39.24605215,-117.5587944,39.63565035,-111.6003276,1.0,1.0,2.0,2.0,28.534917328530877,24.10238778282654,3.0
49.0,32.0,8.0,5.971190280349926,213355000000.0,284537000000.0,3380800.0,3177772.0,130208131200.0,121336868276.0,0.0,1.0,26.374129134780752,26.0862232819749,26.01635455792016,27.240465802355804,1.7869462844746056,2.0,2.0,39.63565035,-111.6003276,39.24605215,-117.5587944,1.0,1.0,2.0,2.0,24.10238778282654,28.534917328530877,3.0
32.0,49.0,4.0,5.971190280349926,284537000000.0,213355000000.0,3177772.0,3380800.0,121336868276.0,130208131200.0,0.0,1.0,26.374129134780752,26.0862232819749,26.01635455792016,27.240465802355804,1.7869462844746056,2.0,2.0,39.24605215,-117.5587944,39.63565035,-111.6003276,1.0,1.0,2.0,2.0,28.534917328530877,24.10238778282654,4.0
49.0,32.0,4.0,5.971190280349926,213355000000.0,284537000000.0,3380800.0,3177772.0,130208131200.0,121336868276.0,0.0,1.0,26.374129134780752,26.0862232819749,26.01635455792016,27.240465802355804,1.7869462844746056,2.0,2.0,39.63565035,-111.6003276,39.24605215,-117.5587944,1.0,1.0,2.0,2.0,24.10238778282654,28.534917328530877,4.0
32.0,53.0,12.0,8.598165289311519,284537000000.0,172118000000.0,3177772.0,7785786.0,121336868276.0,395237640504.0,0.0,0.0,0.0,0.0,0.0,0.0,0.0,1.0,0.0,39.24605215,-117.5587944,47.23708702,-120.7324056,1.0,0.0,2.0,3.0,28.534917328530877,32.15883372214054,4.0
53.0,32.0,12.0,8.598165289311519,172118000000.0,284537000000.0,7785786.0,3177772.0,395237640504.0,121336868276.0,0.0,0.0,0.0,0.0,0.0,0.0,0.0,1.0,0.0,47.23708702,-120.7324056,39.24605215,-117.5587944,0.0,1.0,3.0,2.0,32.15883372214054,28.534917328530877,4.0
33.0,33.0,2.0,1.0,23190113978.0,23190113978.0,1395231.0,1395231.0,68758378911.0,68758378911.0,1.0,0.0,0.0,0.0,0.0,0.0,0.0,0.0,0.0,43.47455644,-71.57668133,43.47455644,-71.57668133,0.0,0.0,2.0,2.0,23.322033096551305,23.322033096551305,4.0
33.0,33.0,2.0,1.0,23190113978.0,23190113978.0,1395231.0,1395231.0,68758378911.0,68758378911.0,1.0,0.0,0.0,0.0,0.0,0.0,0.0,0.0,0.0,43.47455644,-71.57668133,43.47455644,-71.57668133,0.0,0.0,2.0,2.0,23.322033096551305,23.322033096551305,4.0
34.0,6.0,5.0,46.19268775402174,19048737655.0,403671000000.0,9261699.0,39029342.0,474865831128.0,1821148127062.0,0.0,0.0,0.0,0.0,0.0,0.0,0.0,0.0,0.0,40.2804298,-74.62094429,37.83798795,-120.7490147,0.0,0.0,2.0,6.0,20.49985798951152,31.30033897737643,3.0
6.0,34.0,5.0,46.19268775402174,403671000000.0,19048737655.0,39029342.0,9261699.0,1821148127062.0,474865831128.0,0.0,0.0,0.0,0.0,0.0,0.0,0.0,0.0,0.0,37.83798795,-120.7490147,40.2804298,-74.62094429,0.0,0.0,6.0,2.0,31.30033897737643,20.49985798951152,3.0
34.0,9.0,4.0,2.369518341405069,19048737655.0,12541688516.0,9261699.0,3626205.0,474865831128.0,187043280105.0,0.0,0.0,0.0,0.0,0.0,0.0,0.0,0.0,0.0,40.2804298,-74.62094429,41.59547524,-72.64983479,0.0,0.0,2.0,3.0,20.49985798951152,22.075904617027604,2.0
9.0,34.0,4.0,2.369518341405069,12541688516.0,19048737655.0,3626205.0,9261699.0,187043280105.0,474865831128.0,0.0,0.0,0.0,0.0,0.0,0.0,0.0,0.0,0.0,41.59547524,-72.64983479,40.2804298,-74.62094429,0.0,0.0,3.0,2.0,22.075904617027604,20.49985798951152,2.0
34.0,23.0,1.0,6.750080225911432,19048737655.0,79888428972.0,9261699.0,1385340.0,474865831128.0,57059383920.0,0.0,0.0,0.0,0.0,0.0,0.0,0.0,0.0,0.0,40.2804298,-74.62094429,44.67621581,-69.49838161,0.0,0.0,2.0,1.0,20.49985798951152,25.498182378239225,2.0
23.0,34.0,1.0,6.750080225911432,79888428972.0,19048737655.0,1385340.0,9261699.0,57059383920.0,474865831128.0,0.0,0.0,0.0,0.0,0.0,0.0,0.0,0.0,0.0,44.67621581,-69.49838161,40.2804298,-74.62094429,0.0,0.0,1.0,2.0,25.498182378239225,20.49985798951152,2.0
34.0,24.0,54.0,2.424411730637115,19048737655.0,25151895765.0,9261699.0,6164660.0,474865831128.0,303523199760.0,0.0,0.0,0.0,0.0,0.0,0.0,0.0,0.0,0.0,40.2804298,-74.62094429,39.0026629,-76.68130445,0.0,0.0,2.0,3.0,20.49985798951152,19.12502906003085,3.0
24.0,34.0,54.0,2.424411730637115,25151895765.0,19048737655.0,6164660.0,9261699.0,303523199760.0,474865831128.0,0.0,0.0,0.0,0.0,0.0,0.0,0.0,0.0,0.0,39.0026629,-76.68130445,40.2804298,-74.62094429,0.0,0.0,3.0,2.0,19.12502906003085,20.49985798951152,3.0
34.0,25.0,5.0,3.658788404444994,19048737655.0,20204396898.0,9261699.0,6981974.0,474865831128.0,377201145350.0,0.0,0.0,0.0,0.0,0.0,0.0,0.0,0.0,0.0,40.2804298,-74.62094429,42.10673796,-71.45056086,0.0,0.0,2.0,2.0,20.49985798951152,23.121420198899447,2.0
25.0,34.0,5.0,3.658788404444994,20204396898.0,19048737655.0,6981974.0,9261699.0,377201145350.0,474865831128.0,0.0,0.0,0.0,0.0,0.0,0.0,0.0,0.0,0.0,42.10673796,-71.45056086,40.2804298,-74.62094429,0.0,0.0,2.0,2.0,23.121420198899447,20.49985798951152,2.0
34.0,25.0,87.0,3.658788404444994,19048737655.0,20204396898.0,9261699.0,6981974.0,474865831128.0,377201145350.0,0.0,0.0,0.0,0.0,0.0,0.0,0.0,0.0,0.0,40.2804298,-74.62094429,42.10673796,-71.45056086,0.0,0.0,2.0,2.0,20.49985798951152,23.121420198899447,3.0
25.0,34.0,87.0,3.658788404444994,20204396898.0,19048737655.0,6981974.0,9261699.0,377201145350.0,474865831128.0,0.0,0.0,0.0,0.0,0.0,0.0,0.0,0.0,0.0,42.10673796,-71.45056086,40.2804298,-74.62094429,0.0,0.0,2.0,2.0,23.121420198899447,20.49985798951152,3.0
34.0,33.0,1.0,4.412480250605734,19048737655.0,23190113978.0,9261699.0,1395231.0,474865831128.0,68758378911.0,0.0,0.0,0.0,0.0,0.0,0.0,0.0,0.0,0.0,40.2804298,-74.62094429,43.47455644,-71.57668133,0.0,0.0,2.0,2.0,20.49985798951152,23.322033096551305,2.0
33.0,34.0,1.0,4.412480250605734,23190113978.0,19048737655.0,1395231.0,9261699.0,68758378911.0,474865831128.0,0.0,0.0,0.0,0.0,0.0,0.0,0.0,0.0,0.0,43.47455644,-71.57668133,40.2804298,-74.62094429,0.0,0.0,2.0,2.0,23.322033096551305,20.49985798951152,2.0
34.0,34.0,10.0,1.0,19048737655.0,19048737655.0,9261699.0,9261699.0,474865831128.0,474865831128.0,1.0,0.0,0.0,0.0,0.0,0.0,0.0,0.0,0.0,40.2804298,-74.62094429,40.2804298,-74.62094429,0.0,0.0,2.0,2.0,20.49985798951152,20.49985798951152,2.0
34.0,34.0,10.0,1.0,19048737655.0,19048737655.0,9261699.0,9261699.0,474865831128.0,474865831128.0,1.0,0.0,0.0,0.0,0.0,0.0,0.0,0.0,0.0,40.2804298,-74.62094429,40.2804298,-74.62094429,0.0,0.0,2.0,2.0,20.49985798951152,20.49985798951152,2.0
34.0,34.0,956.0,1.0,19048737655.0,19048737655.0,9261699.0,9261699.0,474865831128.0,474865831128.0,1.0,0.0,0.0,0.0,0.0,0.0,0.0,0.0,0.0,40.2804298,-74.62094429,40.2804298,-74.62094429,0.0,0.0,2.0,2.0,20.49985798951152,20.49985798951152,3.0
34.0,34.0,956.0,1.0,19048737655.0,19048737655.0,9261699.0,9261699.0,474865831128.0,474865831128.0,1.0,0.0,0.0,0.0,0.0,0.0,0.0,0.0,0.0,40.2804298,-74.62094429,40.2804298,-74.62094429,0.0,0.0,2.0,2.0,20.49985798951152,20.49985798951152,3.0
34.0,34.0,25.0,1.0,19048737655.0,19048737655.0,9261699.0,9261699.0,474865831128.0,474865831128.0,1.0,0.0,0.0,0.0,0.0,0.0,0.0,0.0,0.0,40.2804298,-74.62094429,40.2804298,-74.62094429,0.0,0.0,2.0,2.0,20.49985798951152,20.49985798951152,4.0
34.0,34.0,25.0,1.0,19048737655.0,19048737655.0,9261699.0,9261699.0,474865831128.0,474865831128.0,1.0,0.0,0.0,0.0,0.0,0.0,0.0,0.0,0.0,40.2804298,-74.62094429,40.2804298,-74.62094429,0.0,0.0,2.0,2.0,20.49985798951152,20.49985798951152,4.0
34.0,36.0,32.0,2.4298277487111877,19048737655.0,122050000000.0,9261699.0,19677151.0,474865831128.0,933110177571.0,0.0,1.0,23.670266671494115,25.52769663378538,23.86699190316512,26.47329238007668,0.8878203695359372,0.0,0.0,40.2804298,-74.62094429,42.55441095,-75.47714089,0.0,0.0,2.0,5.0,20.49985798951152,20.306235500394656,2.0
36.0,34.0,32.0,2.4298277487111877,122050000000.0,19048737655.0,19677151.0,9261699.0,933110177571.0,474865831128.0,0.0,1.0,23.670266671494115,25.52769663378538,23.86699190316512,26.47329238007668,0.8878203695359372,0.0,0.0,42.55441095,-75.47714089,40.2804298,-74.62094429,0.0,0.0,5.0,2.0,20.306235500394656,20.49985798951152,2.0
34.0,45.0,1.0,8.969623418284321,19048737655.0,77866132568.0,9261699.0,5282634.0,474865831128.0,193740601950.0,0.0,0.0,0.0,0.0,0.0,0.0,0.0,0.0,0.0,40.2804298,-74.62094429,33.95498444,-80.98041638,0.0,0.0,2.0,3.0,20.49985798951152,18.14651779597172,3.0
45.0,34.0,1.0,8.969623418284321,77866132568.0,19048737655.0,5282634.0,9261699.0,193740601950.0,474865831128.0,0.0,0.0,0.0,0.0,0.0,0.0,0.0,0.0,0.0,33.95498444,-80.98041638,40.2804298,-74.62094429,0.0,0.0,3.0,2.0,18.14651779597172,20.49985798951152,3.0
35.0,4.0,1.0,5.650715367945836,314199000000.0,294361000000.0,2113344.0,7359197.0,71676175104.0,293035865343.0,0.0,1.0,26.47329238007668,26.408072742199746,23.670266671494115,26.408072742199746,1.7317821509392226,2.0,2.0,34.54561168,-105.8871404,33.67825359,-111.4708913,1.0,1.0,1.0,3.0,21.339852695679816,25.018609812195567,3.0
4.0,35.0,1.0,5.650715367945836,294361000000.0,314199000000.0,7359197.0,2113344.0,293035865343.0,71676175104.0,0.0,1.0,26.47329238007668,26.408072742199746,23.670266671494115,26.408072742199746,1.7317821509392226,2.0,2.0,33.67825359,-111.4708913,34.54561168,-105.8871404,1.0,1.0,3.0,1.0,25.018609812195567,21.339852695679816,3.0
35.0,6.0,5.0,15.222189369872504,314199000000.0,403671000000.0,2113344.0,39029342.0,71676175104.0,1821148127062.0,0.0,0.0,0.0,0.0,0.0,0.0,0.0,1.0,0.0,34.54561168,-105.8871404,37.83798795,-120.7490147,1.0,0.0,1.0,6.0,21.339852695679816,31.30033897737643,3.0
6.0,35.0,5.0,15.222189369872504,403671000000.0,314199000000.0,39029342.0,2113344.0,1821148127062.0,71676175104.0,0.0,0.0,0.0,0.0,0.0,0.0,0.0,1.0,0.0,37.83798795,-120.7490147,34.54561168,-105.8871404,0.0,1.0,6.0,1.0,31.30033897737643,21.339852695679816,3.0
35.0,6.0,6.0,15.222189369872504,314199000000.0,403671000000.0,2113344.0,39029342.0,71676175104.0,1821148127062.0,0.0,0.0,0.0,0.0,0.0,0.0,0.0,1.0,0.0,34.54561168,-105.8871404,37.83798795,-120.7490147,1.0,0.0,1.0,6.0,21.339852695679816,31.30033897737643,4.0
6.0,35.0,6.0,15.222189369872504,403671000000.0,314199000000.0,39029342.0,2113344.0,1821148127062.0,71676175104.0,0.0,0.0,0.0,0.0,0.0,0.0,0.0,1.0,0.0,37.83798795,-120.7490147,34.54561168,-105.8871404,0.0,1.0,6.0,1.0,31.30033897737643,21.339852695679816,4.0
35.0,8.0,5.0,4.401077913906652,314199000000.0,268419000000.0,2113344.0,5839926.0,71676175104.0,286571008746.0,0.0,1.0,26.47329238007668,26.315815029404327,23.670266671494115,26.315815029404327,1.481849491354739,2.0,2.0,34.54561168,-105.8871404,38.92883319,-105.4910899,1.0,1.0,1.0,2.0,21.339852695679816,20.380646878843788,3.0
8.0,35.0,5.0,4.401077913906652,268419000000.0,314199000000.0,5839926.0,2113344.0,286571008746.0,71676175104.0,0.0,1.0,26.47329238007668,26.315815029404327,23.670266671494115,26.315815029404327,1.481849491354739,2.0,2.0,38.92883319,-105.4910899,34.54561168,-105.8871404,1.0,1.0,2.0,1.0,20.380646878843788,21.339852695679816,3.0
35.0,20.0,1.0,8.740136523059867,314199000000.0,211754000000.0,2113344.0,2937150.0,71676175104.0,111373790850.0,0.0,0.0,0.0,0.0,0.0,0.0,0.0,2.0,0.0,34.54561168,-105.8871404,38.48536567,-98.08532491,1.0,1.0,1.0,3.0,21.339852695679816,17.082248338214743,4.0
20.0,35.0,1.0,8.740136523059867,211754000000.0,314199000000.0,2937150.0,2113344.0,111373790850.0,71676175104.0,0.0,0.0,0.0,0.0,0.0,0.0,0.0,2.0,0.0,38.48536567,-98.08532491,34.54561168,-105.8871404,1.0,1.0,3.0,1.0,17.082248338214743,21.339852695679816,4.0
35.0,35.0,100.0,1.0,314199000000.0,314199000000.0,2113344.0,2113344.0,71676175104.0,71676175104.0,1.0,0.0,0.0,0.0,0.0,0.0,0.0,2.0,0.0,34.54561168,-105.8871404,34.54561168,-105.8871404,1.0,1.0,1.0,1.0,21.339852695679816,21.339852695679816,4.0
35.0,35.0,100.0,1.0,314199000000.0,314199000000.0,2113344.0,2113344.0,71676175104.0,71676175104.0,1.0,0.0,0.0,0.0,0.0,0.0,0.0,2.0,0.0,34.54561168,-105.8871404,34.54561168,-105.8871404,1.0,1.0,1.0,1.0,21.339852695679816,21.339852695679816,4.0
35.0,48.0,94.0,7.7897741647615595,314199000000.0,676681000000.0,2113344.0,30029572.0,71676175104.0,1144817373356.0,0.0,1.0,26.47329238007668,27.240465802355804,23.670266671494115,25.394148854299843,2.0528118690595463,1.0,1.0,34.54561168,-105.8871404,31.65818605,-98.65226965,1.0,0.0,1.0,9.0,21.339852695679816,19.151923784122165,4.0
48.0,35.0,94.0,7.7897741647615595,676681000000.0,314199000000.0,30029572.0,2113344.0,1144817373356.0,71676175104.0,0.0,1.0,26.47329238007668,27.240465802355804,23.670266671494115,25.394148854299843,2.0528118690595463,1.0,1.0,31.65818605,-98.65226965,34.54561168,-105.8871404,0.0,1.0,9.0,1.0,19.151923784122165,21.339852695679816,4.0
36.0,4.0,6.0,37.0720411908605,122050000000.0,294361000000.0,19677151.0,7359197.0,933110177571.0,293035865343.0,0.0,0.0,0.0,0.0,0.0,0.0,0.0,1.0,0.0,42.55441095,-75.47714089,33.67825359,-111.4708913,0.0,1.0,5.0,3.0,20.306235500394656,25.018609812195567,4.0
4.0,36.0,6.0,37.0720411908605,294361000000.0,122050000000.0,7359197.0,19677151.0,293035865343.0,933110177571.0,0.0,0.0,0.0,0.0,0.0,0.0,0.0,1.0,0.0,33.67825359,-111.4708913,42.55441095,-75.47714089,1.0,0.0,3.0,5.0,25.018609812195567,20.306235500394656,4.0
36.0,9.0,125.0,2.985501210686477,122050000000.0,12541688516.0,19677151.0,3626205.0,933110177571.0,187043280105.0,0.0,1.0,25.52769663378538,23.25232401348536,26.47329238007668,23.25232401348536,1.0937676425270106,0.0,0.0,42.55441095,-75.47714089,41.59547524,-72.64983479,0.0,0.0,5.0,3.0,20.306235500394656,22.075904617027604,4.0
9.0,36.0,125.0,2.985501210686477,12541688516.0,122050000000.0,3626205.0,19677151.0,187043280105.0,933110177571.0,0.0,1.0,25.52769663378538,23.25232401348536,26.47329238007668,23.25232401348536,1.0937676425270106,0.0,0.0,41.59547524,-72.64983479,42.55441095,-75.47714089,0.0,0.0,3.0,5.0,22.075904617027604,20.306235500394656,4.0
36.0,12.0,1.0,15.421751530652282,122050000000.0,138958000000.0,19677151.0,22244823.0,933110177571.0,895976980794.0,0.0,0.0,0.0,0.0,0.0,0.0,0.0,0.0,0.0,42.55441095,-75.47714089,28.93181099,-82.70591607,0.0,0.0,5.0,5.0,20.306235500394656,20.207697261419515,4.0
12.0,36.0,1.0,15.421751530652282,138958000000.0,122050000000.0,22244823.0,19677151.0,895976980794.0,933110177571.0,0.0,0.0,0.0,0.0,0.0,0.0,0.0,0.0,0.0,28.93181099,-82.70591607,42.55441095,-75.47714089,0.0,0.0,5.0,5.0,20.207697261419515,20.306235500394656,4.0
36.0,13.0,25.0,12.673347273501612,122050000000.0,149486000000.0,19677151.0,10912876.0,933110177571.0,418814355128.0,0.0,0.0,0.0,0.0,0.0,0.0,0.0,0.0,0.0,42.55441095,-75.47714089,32.8067682,-83.57635023,0.0,0.0,5.0,3.0,20.306235500394656,17.725298242771597,4.0
13.0,36.0,25.0,12.673347273501612,149486000000.0,122050000000.0,10912876.0,19677151.0,418814355128.0,933110177571.0,0.0,0.0,0.0,0.0,0.0,0.0,0.0,0.0,0.0,32.8067682,-83.57635023,42.55441095,-75.47714089,0.0,0.0,3.0,5.0,17.725298242771597,20.306235500394656,4.0
36.0,17.0,2.0,13.963240088055928,122050000000.0,143778000000.0,19677151.0,12582032.0,933110177571.0,545015880144.0,0.0,0.0,0.0,0.0,0.0,0.0,0.0,1.0,0.0,42.55441095,-75.47714089,39.84225886,-89.17445102,0.0,1.0,5.0,3.0,20.306235500394656,15.57382644068607,4.0
17.0,36.0,2.0,13.963240088055928,143778000000.0,122050000000.0,12582032.0,19677151.0,545015880144.0,933110177571.0,0.0,0.0,0.0,0.0,0.0,0.0,0.0,1.0,0.0,39.84225886,-89.17445102,42.55441095,-75.47714089,1.0,0.0,3.0,5.0,15.57382644068607,20.306235500394656,4.0
36.0,19.0,31.0,17.996597794823508,122050000000.0,144660000000.0,19677151.0,3200517.0,933110177571.0,124554520089.0,0.0,0.0,0.0,0.0,0.0,0.0,0.0,1.0,0.0,42.55441095,-75.47714089,42.02990262,-93.4660937,0.0,1.0,5.0,1.0,20.306235500394656,16.209381226558154,4.0
19.0,36.0,31.0,17.996597794823508,144660000000.0,122050000000.0,3200517.0,19677151.0,124554520089.0,933110177571.0,0.0,0.0,0.0,0.0,0.0,0.0,0.0,1.0,0.0,42.02990262,-93.4660937,42.55441095,-75.47714089,1.0,0.0,1.0,5.0,16.209381226558154,20.306235500394656,4.0
36.0,23.0,54.0,6.344101070451654,122050000000.0,79888428972.0,19677151.0,1385340.0,933110177571.0,57059383920.0,0.0,0.0,0.0,0.0,0.0,0.0,0.0,0.0,0.0,42.55441095,-75.47714089,44.67621581,-69.49838161,0.0,0.0,5.0,1.0,20.306235500394656,25.498182378239225,4.0
23.0,36.0,54.0,6.344101070451654,79888428972.0,122050000000.0,1385340.0,19677151.0,57059383920.0,933110177571.0,0.0,0.0,0.0,0.0,0.0,0.0,0.0,0.0,0.0,44.67621581,-69.49838161,42.55441095,-75.47714089,0.0,0.0,1.0,5.0,25.498182378239225,20.306235500394656,4.0
36.0,25.0,3.0,4.051389618880216,122050000000.0,20204396898.0,19677151.0,6981974.0,933110177571.0,377201145350.0,0.0,1.0,25.52769663378538,23.7291660858851,26.47329238007668,23.948199108981374,1.399059938040585,0.0,0.0,42.55441095,-75.47714089,42.10673796,-71.45056086,0.0,0.0,5.0,2.0,20.306235500394656,23.121420198899447,2.0
25.0,36.0,3.0,4.051389618880216,20204396898.0,122050000000.0,6981974.0,19677151.0,377201145350.0,933110177571.0,0.0,1.0,25.52769663378538,23.7291660858851,26.47329238007668,23.948199108981374,1.399059938040585,0.0,0.0,42.10673796,-71.45056086,42.55441095,-75.47714089,0.0,0.0,2.0,5.0,23.121420198899447,20.306235500394656,2.0
36.0,25.0,47.0,4.051389618880216,122050000000.0,20204396898.0,19677151.0,6981974.0,933110177571.0,377201145350.0,0.0,1.0,25.52769663378538,23.7291660858851,26.47329238007668,23.948199108981374,1.399059938040585,0.0,0.0,42.55441095,-75.47714089,42.10673796,-71.45056086,0.0,0.0,5.0,2.0,20.306235500394656,23.121420198899447,3.0
25.0,36.0,47.0,4.051389618880216,20204396898.0,122050000000.0,6981974.0,19677151.0,377201145350.0,933110177571.0,0.0,1.0,25.52769663378538,23.7291660858851,26.47329238007668,23.948199108981374,1.399059938040585,0.0,0.0,42.10673796,-71.45056086,42.55441095,-75.47714089,0.0,0.0,2.0,5.0,23.121420198899447,20.306235500394656,3.0
36.0,25.0,62.0,4.051389618880216,122050000000.0,20204396898.0,19677151.0,6981974.0,933110177571.0,377201145350.0,0.0,1.0,25.52769663378538,23.7291660858851,26.47329238007668,23.948199108981374,1.399059938040585,0.0,0.0,42.55441095,-75.47714089,42.10673796,-71.45056086,0.0,0.0,5.0,2.0,20.306235500394656,23.121420198899447,4.0
25.0,36.0,62.0,4.051389618880216,20204396898.0,122050000000.0,6981974.0,19677151.0,377201145350.0,933110177571.0,0.0,1.0,25.52769663378538,23.7291660858851,26.47329238007668,23.948199108981374,1.399059938040585,0.0,0.0,42.10673796,-71.45056086,42.55441095,-75.47714089,0.0,0.0,2.0,5.0,23.121420198899447,20.306235500394656,4.0
36.0,33.0,35.0,4.00752448551007,122050000000.0,23190113978.0,19677151.0,1395231.0,933110177571.0,68758378911.0,0.0,0.0,0.0,0.0,0.0,0.0,0.0,0.0,0.0,42.55441095,-75.47714089,43.47455644,-71.57668133,0.0,0.0,5.0,2.0,20.306235500394656,23.322033096551305,4.0
33.0,36.0,35.0,4.00752448551007,23190113978.0,122050000000.0,1395231.0,19677151.0,68758378911.0,933110177571.0,0.0,0.0,0.0,0.0,0.0,0.0,0.0,0.0,0.0,43.47455644,-71.57668133,42.55441095,-75.47714089,0.0,0.0,2.0,5.0,23.322033096551305,20.306235500394656,4.0
36.0,34.0,2.0,2.4298277487111877,122050000000.0,19048737655.0,19677151.0,9261699.0,933110177571.0,474865831128.0,0.0,1.0,25.52769663378538,23.670266671494115,26.47329238007668,23.86699190316512,0.8878203695359372,0.0,0.0,42.55441095,-75.47714089,40.2804298,-74.62094429,0.0,0.0,5.0,2.0,20.306235500394656,20.49985798951152,2.0
34.0,36.0,2.0,2.4298277487111877,19048737655.0,122050000000.0,9261699.0,19677151.0,474865831128.0,933110177571.0,0.0,1.0,25.52769663378538,23.670266671494115,26.47329238007668,23.86699190316512,0.8878203695359372,0.0,0.0,40.2804298,-74.62094429,42.55441095,-75.47714089,0.0,0.0,2.0,5.0,20.49985798951152,20.306235500394656,2.0
36.0,34.0,50.0,2.4298277487111877,122050000000.0,19048737655.0,19677151.0,9261699.0,933110177571.0,474865831128.0,0.0,1.0,25.52769663378538,23.670266671494115,26.47329238007668,23.86699190316512,0.8878203695359372,0.0,0.0,42.55441095,-75.47714089,40.2804298,-74.62094429,0.0,0.0,5.0,2.0,20.306235500394656,20.49985798951152,4.0
34.0,36.0,50.0,2.4298277487111877,19048737655.0,122050000000.0,9261699.0,19677151.0,474865831128.0,933110177571.0,0.0,1.0,25.52769663378538,23.670266671494115,26.47329238007668,23.86699190316512,0.8878203695359372,0.0,0.0,40.2804298,-74.62094429,42.55441095,-75.47714089,0.0,0.0,2.0,5.0,20.49985798951152,20.306235500394656,4.0
36.0,36.0,4496.0,1.0,122050000000.0,122050000000.0,19677151.0,19677151.0,933110177571.0,933110177571.0,1.0,0.0,0.0,0.0,0.0,0.0,0.0,0.0,0.0,42.55441095,-75.47714089,42.55441095,-75.47714089,0.0,0.0,5.0,5.0,20.306235500394656,20.306235500394656,3.0
36.0,36.0,4496.0,1.0,122050000000.0,122050000000.0,19677151.0,19677151.0,933110177571.0,933110177571.0,1.0,0.0,0.0,0.0,0.0,0.0,0.0,0.0,0.0,42.55441095,-75.47714089,42.55441095,-75.47714089,0.0,0.0,5.0,5.0,20.306235500394656,20.306235500394656,3.0
36.0,37.0,19.0,8.015464778333413,122050000000.0,125933000000.0,19677151.0,10698973.0,933110177571.0,414060954073.0,0.0,0.0,0.0,0.0,0.0,0.0,0.0,0.0,0.0,42.55441095,-75.47714089,35.62288795,-79.50227002,0.0,0.0,5.0,4.0,20.306235500394656,18.22812437748468,4.0
37.0,36.0,19.0,8.015464778333413,125933000000.0,122050000000.0,10698973.0,19677151.0,414060954073.0,933110177571.0,0.0,0.0,0.0,0.0,0.0,0.0,0.0,0.0,0.0,35.62288795,-79.50227002,42.55441095,-75.47714089,0.0,0.0,4.0,5.0,18.22812437748468,20.306235500394656,4.0
36.0,39.0,35.0,7.686853136935625,122050000000.0,105824000000.0,19677151.0,11756058.0,933110177571.0,445930792056.0,0.0,0.0,0.0,0.0,0.0,0.0,0.0,1.0,0.0,42.55441095,-75.47714089,40.31742129,-82.83129539,0.0,1.0,5.0,5.0,20.306235500394656,16.574187523725264,4.0
39.0,36.0,35.0,7.686853136935625,105824000000.0,122050000000.0,11756058.0,19677151.0,445930792056.0,933110177571.0,0.0,0.0,0.0,0.0,0.0,0.0,0.0,1.0,0.0,40.31742129,-82.83129539,42.55441095,-75.47714089,1.0,0.0,5.0,5.0,16.574187523725264,20.306235500394656,4.0
36.0,42.0,412.0,2.7548073378956053,122050000000.0,115882000000.0,19677151.0,12972008.0,933110177571.0,538195639912.0,0.0,1.0,25.52769663378538,25.47583826893231,26.47329238007668,26.239223640412757,1.0133475083612071,1.0,1.0,42.55441095,-75.47714089,40.82029613,-77.61765701,0.0,1.0,5.0,4.0,20.306235500394656,18.7216652918346,4.0
42.0,36.0,412.0,2.7548073378956053,115882000000.0,122050000000.0,12972008.0,19677151.0,538195639912.0,933110177571.0,0.0,1.0,25.52769663378538,25.47583826893231,26.47329238007668,26.239223640412757,1.0133475083612071,1.0,1.0,40.82029613,-77.61765701,42.55441095,-75.47714089,1.0,0.0,4.0,5.0,18.7216652918346,20.306235500394656,4.0
36.0,44.0,7.0,4.112611945033903,122050000000.0,2677759219.0,19677151.0,1093734.0,933110177571.0,48712724892.0,0.0,0.0,0.0,0.0,0.0,0.0,0.0,0.0,0.0,42.55441095,-75.47714089,41.62991248,-71.4697877,0.0,0.0,5.0,1.0,20.306235500394656,23.04610439644116,4.0
44.0,36.0,7.0,4.112611945033903,2677759219.0,122050000000.0,1093734.0,19677151.0,48712724892.0,933110177571.0,0.0,0.0,0.0,0.0,0.0,0.0,0.0,0.0,0.0,41.62991248,-71.4697877,42.55441095,-75.47714089,0.0,0.0,1.0,5.0,23.04610439644116,20.306235500394656,4.0
36.0,50.0,140.0,3.2207591090504906,122050000000.0,23873081385.0,19677151.0,647064.0,933110177571.0,27339101064.0,0.0,1.0,25.52769663378538,23.896017359246404,26.47329238007668,26.0862232819749,1.169617079924414,1.0,1.0,42.55441095,-75.47714089,44.16028666,-72.68528623,0.0,1.0,5.0,1.0,20.306235500394656,22.684033503618167,4.0
50.0,36.0,140.0,3.2207591090504906,23873081385.0,122050000000.0,647064.0,19677151.0,27339101064.0,933110177571.0,0.0,1.0,25.52769663378538,23.896017359246404,26.47329238007668,26.0862232819749,1.169617079924414,1.0,1.0,44.16028666,-72.68528623,42.55441095,-75.47714089,1.0,0.0,1.0,5.0,22.684033503618167,20.306235500394656,4.0
36.0,51.0,31.0,5.839905046033169,122050000000.0,102258000000.0,19677151.0,8683619.0,933110177571.0,409858133181.0,0.0,0.0,0.0,0.0,0.0,0.0,0.0,0.0,0.0,42.55441095,-75.47714089,37.56542632,-78.51268422,0.0,0.0,5.0,4.0,20.306235500394656,18.272475748303947,4.0
51.0,36.0,31.0,5.839905046033169,102258000000.0,122050000000.0,8683619.0,19677151.0,409858133181.0,933110177571.0,0.0,0.0,0.0,0.0,0.0,0.0,0.0,0.0,0.0,37.56542632,-78.51268422,42.55441095,-75.47714089,0.0,0.0,4.0,5.0,18.272475748303947,20.306235500394656,4.0
37.0,4.0,3.0,32.027712208931845,125933000000.0,294361000000.0,10698973.0,7359197.0,414060954073.0,293035865343.0,0.0,0.0,0.0,0.0,0.0,0.0,0.0,1.0,0.0,35.62288795,-79.50227002,33.67825359,-111.4708913,0.0,1.0,4.0,3.0,18.22812437748468,25.018609812195567,3.0
4.0,37.0,3.0,32.027712208931845,294361000000.0,125933000000.0,7359197.0,10698973.0,293035865343.0,414060954073.0,0.0,0.0,0.0,0.0,0.0,0.0,0.0,1.0,0.0,33.67825359,-111.4708913,35.62288795,-79.50227002,1.0,0.0,3.0,4.0,25.018609812195567,18.22812437748468,3.0
37.0,10.0,27.0,5.315846947358593,125933000000.0,5046731558.0,10698973.0,1018396.0,414060954073.0,43354136116.0,0.0,0.0,0.0,0.0,0.0,0.0,0.0,0.0,0.0,35.62288795,-79.50227002,39.11541037,-75.49471267,0.0,0.0,4.0,2.0,18.22812437748468,19.894362036037933,3.0
10.0,37.0,27.0,5.315846947358593,5046731558.0,125933000000.0,1018396.0,10698973.0,43354136116.0,414060954073.0,0.0,0.0,0.0,0.0,0.0,0.0,0.0,0.0,0.0,39.11541037,-75.49471267,35.62288795,-79.50227002,0.0,0.0,2.0,4.0,19.894362036037933,18.22812437748468,3.0
37.0,12.0,21.0,7.4184809023359675,125933000000.0,138958000000.0,10698973.0,22244823.0,414060954073.0,895976980794.0,0.0,0.0,0.0,0.0,0.0,0.0,0.0,0.0,0.0,35.62288795,-79.50227002,28.93181099,-82.70591607,0.0,0.0,4.0,5.0,18.22812437748468,20.207697261419515,4.0
12.0,37.0,21.0,7.4184809023359675,138958000000.0,125933000000.0,22244823.0,10698973.0,895976980794.0,414060954073.0,0.0,0.0,0.0,0.0,0.0,0.0,0.0,0.0,0.0,28.93181099,-82.70591607,35.62288795,-79.50227002,0.0,0.0,5.0,4.0,20.207697261419515,18.22812437748468,4.0
37.0,13.0,20.0,4.952641719714212,125933000000.0,149486000000.0,10698973.0,10912876.0,414060954073.0,418814355128.0,0.0,1.0,25.559015856439085,25.73046857990719,25.52769663378538,25.65743756614471,1.5999211149740196,0.0,0.0,35.62288795,-79.50227002,32.8067682,-83.57635023,0.0,0.0,4.0,3.0,18.22812437748468,17.725298242771597,3.0
13.0,37.0,20.0,4.952641719714212,149486000000.0,125933000000.0,10912876.0,10698973.0,418814355128.0,414060954073.0,0.0,1.0,25.559015856439085,25.73046857990719,25.52769663378538,25.65743756614471,1.5999211149740196,0.0,0.0,32.8067682,-83.57635023,35.62288795,-79.50227002,0.0,0.0,3.0,4.0,17.725298242771597,18.22812437748468,3.0
37.0,17.0,16.0,10.552448823515583,125933000000.0,143778000000.0,10698973.0,12582032.0,414060954073.0,545015880144.0,0.0,0.0,0.0,0.0,0.0,0.0,0.0,1.0,0.0,35.62288795,-79.50227002,39.84225886,-89.17445102,0.0,1.0,4.0,3.0,18.22812437748468,15.57382644068607,4.0
17.0,37.0,16.0,10.552448823515583,143778000000.0,125933000000.0,12582032.0,10698973.0,545015880144.0,414060954073.0,0.0,0.0,0.0,0.0,0.0,0.0,0.0,1.0,0.0,39.84225886,-89.17445102,35.62288795,-79.50227002,1.0,0.0,3.0,4.0,15.57382644068607,18.22812437748468,4.0
37.0,18.0,16.0,7.930157160977675,125933000000.0,92788998225.0,10698973.0,6833037.0,414060954073.0,245880003408.0,0.0,0.0,0.0,0.0,0.0,0.0,0.0,1.0,0.0,35.62288795,-79.50227002,39.83861922,-86.21904026,0.0,1.0,4.0,4.0,18.22812437748468,15.783365211857229,4.0
18.0,37.0,16.0,7.930157160977675,92788998225.0,125933000000.0,6833037.0,10698973.0,245880003408.0,414060954073.0,0.0,0.0,0.0,0.0,0.0,0.0,0.0,1.0,0.0,39.83861922,-86.21904026,35.62288795,-79.50227002,1.0,0.0,4.0,4.0,15.783365211857229,18.22812437748468,4.0
37.0,19.0,4.0,15.363535034220611,125933000000.0,144660000000.0,10698973.0,3200517.0,414060954073.0,124554520089.0,0.0,0.0,0.0,0.0,0.0,0.0,0.0,1.0,0.0,35.62288795,-79.50227002,42.02990262,-93.4660937,0.0,1.0,4.0,1.0,18.22812437748468,16.209381226558154,3.0
19.0,37.0,4.0,15.363535034220611,144660000000.0,125933000000.0,3200517.0,10698973.0,124554520089.0,414060954073.0,0.0,0.0,0.0,0.0,0.0,0.0,0.0,1.0,0.0,42.02990262,-93.4660937,35.62288795,-79.50227002,1.0,0.0,1.0,4.0,16.209381226558154,18.22812437748468,3.0
37.0,24.0,36.0,4.402354535901545,125933000000.0,25151895765.0,10698973.0,6164660.0,414060954073.0,303523199760.0,0.0,0.0,0.0,0.0,0.0,0.0,0.0,0.0,0.0,35.62288795,-79.50227002,39.0026629,-76.68130445,0.0,0.0,4.0,3.0,18.22812437748468,19.12502906003085,3.0
24.0,37.0,36.0,4.402354535901545,25151895765.0,125933000000.0,6164660.0,10698973.0,303523199760.0,414060954073.0,0.0,0.0,0.0,0.0,0.0,0.0,0.0,0.0,0.0,39.0026629,-76.68130445,35.62288795,-79.50227002,0.0,0.0,3.0,4.0,19.12502906003085,18.22812437748468,3.0
37.0,24.0,2.0,4.402354535901545,125933000000.0,25151895765.0,10698973.0,6164660.0,414060954073.0,303523199760.0,0.0,0.0,0.0,0.0,0.0,0.0,0.0,0.0,0.0,35.62288795,-79.50227002,39.0026629,-76.68130445,0.0,0.0,4.0,3.0,18.22812437748468,19.12502906003085,4.0
24.0,37.0,2.0,4.402354535901545,25151895765.0,125933000000.0,6164660.0,10698973.0,303523199760.0,414060954073.0,0.0,0.0,0.0,0.0,0.0,0.0,0.0,0.0,0.0,39.0026629,-76.68130445,35.62288795,-79.50227002,0.0,0.0,3.0,4.0,19.12502906003085,18.22812437748468,4.0
37.0,26.0,5.0,10.170644308183638,125933000000.0,146615000000.0,10698973.0,10034118.0,414060954073.0,382811635818.0,0.0,0.0,0.0,0.0,0.0,0.0,0.0,1.0,0.0,35.62288795,-79.50227002,44.04901725,-85.19808872,0.0,1.0,4.0,3.0,18.22812437748468,17.01071464423954,4.0
26.0,37.0,5.0,10.170644308183638,146615000000.0,125933000000.0,10034118.0,10698973.0,382811635818.0,414060954073.0,0.0,0.0,0.0,0.0,0.0,0.0,0.0,1.0,0.0,44.04901725,-85.19808872,35.62288795,-79.50227002,1.0,0.0,3.0,4.0,17.01071464423954,18.22812437748468,4.0
37.0,29.0,2.0,13.282824976327547,125933000000.0,178053000000.0,10698973.0,6177957.0,414060954073.0,226360344480.0,0.0,0.0,0.0,0.0,0.0,0.0,0.0,1.0,0.0,35.62288795,-79.50227002,38.45001591,-92.480744,0.0,1.0,4.0,3.0,18.22812437748468,15.754454007112106,4.0
29.0,37.0,2.0,13.282824976327547,178053000000.0,125933000000.0,6177957.0,10698973.0,226360344480.0,414060954073.0,0.0,0.0,0.0,0.0,0.0,0.0,0.0,1.0,0.0,38.45001591,-92.480744,35.62288795,-79.50227002,1.0,0.0,3.0,4.0,15.754454007112106,18.22812437748468,4.0
37.0,34.0,15.0,6.7468538569366885,125933000000.0,19048737655.0,10698973.0,9261699.0,414060954073.0,474865831128.0,0.0,0.0,0.0,0.0,0.0,0.0,0.0,0.0,0.0,35.62288795,-79.50227002,40.2804298,-74.62094429,0.0,0.0,4.0,2.0,18.22812437748468,20.49985798951152,4.0
34.0,37.0,15.0,6.7468538569366885,19048737655.0,125933000000.0,9261699.0,10698973.0,474865831128.0,414060954073.0,0.0,0.0,0.0,0.0,0.0,0.0,0.0,0.0,0.0,40.2804298,-74.62094429,35.62288795,-79.50227002,0.0,0.0,2.0,4.0,20.49985798951152,18.22812437748468,4.0
37.0,37.0,3084.0,1.0,125933000000.0,125933000000.0,10698973.0,10698973.0,414060954073.0,414060954073.0,1.0,0.0,0.0,0.0,0.0,0.0,0.0,0.0,0.0,35.62288795,-79.50227002,35.62288795,-79.50227002,0.0,0.0,4.0,4.0,18.22812437748468,18.22812437748468,2.0
37.0,37.0,3084.0,1.0,125933000000.0,125933000000.0,10698973.0,10698973.0,414060954073.0,414060954073.0,1.0,0.0,0.0,0.0,0.0,0.0,0.0,0.0,0.0,35.62288795,-79.50227002,35.62288795,-79.50227002,0.0,0.0,4.0,4.0,18.22812437748468,18.22812437748468,2.0
37.0,37.0,1912.0,1.0,125933000000.0,125933000000.0,10698973.0,10698973.0,414060954073.0,414060954073.0,1.0,0.0,0.0,0.0,0.0,0.0,0.0,0.0,0.0,35.62288795,-79.50227002,35.62288795,-79.50227002,0.0,0.0,4.0,4.0,18.22812437748468,18.22812437748468,3.0
37.0,37.0,1912.0,1.0,125933000000.0,125933000000.0,10698973.0,10698973.0,414060954073.0,414060954073.0,1.0,0.0,0.0,0.0,0.0,0.0,0.0,0.0,0.0,35.62288795,-79.50227002,35.62288795,-79.50227002,0.0,0.0,4.0,4.0,18.22812437748468,18.22812437748468,3.0
37.0,39.0,10.0,5.7550893298432095,125933000000.0,105824000000.0,10698973.0,11756058.0,414060954073.0,445930792056.0,0.0,0.0,0.0,0.0,0.0,0.0,0.0,1.0,0.0,35.62288795,-79.50227002,40.31742129,-82.83129539,0.0,1.0,4.0,5.0,18.22812437748468,16.574187523725264,3.0
39.0,37.0,10.0,5.7550893298432095,105824000000.0,125933000000.0,11756058.0,10698973.0,445930792056.0,414060954073.0,0.0,0.0,0.0,0.0,0.0,0.0,0.0,1.0,0.0,40.31742129,-82.83129539,35.62288795,-79.50227002,1.0,0.0,5.0,4.0,16.574187523725264,18.22812437748468,3.0
37.0,39.0,130.0,5.7550893298432095,125933000000.0,105824000000.0,10698973.0,11756058.0,414060954073.0,445930792056.0,0.0,0.0,0.0,0.0,0.0,0.0,0.0,1.0,0.0,35.62288795,-79.50227002,40.31742129,-82.83129539,0.0,1.0,4.0,5.0,18.22812437748468,16.574187523725264,4.0
39.0,37.0,130.0,5.7550893298432095,105824000000.0,125933000000.0,11756058.0,10698973.0,445930792056.0,414060954073.0,0.0,0.0,0.0,0.0,0.0,0.0,0.0,1.0,0.0,40.31742129,-82.83129539,35.62288795,-79.50227002,1.0,0.0,5.0,4.0,16.574187523725264,18.22812437748468,4.0
37.0,42.0,175.0,5.528545738889404,125933000000.0,115882000000.0,10698973.0,12972008.0,414060954073.0,538195639912.0,0.0,0.0,0.0,0.0,0.0,0.0,0.0,1.0,0.0,35.62288795,-79.50227002,40.82029613,-77.61765701,0.0,1.0,4.0,4.0,18.22812437748468,18.7216652918346,4.0
42.0,37.0,175.0,5.528545738889404,115882000000.0,125933000000.0,12972008.0,10698973.0,538195639912.0,414060954073.0,0.0,0.0,0.0,0.0,0.0,0.0,0.0,1.0,0.0,40.82029613,-77.61765701,35.62288795,-79.50227002,1.0,0.0,4.0,4.0,18.7216652918346,18.22812437748468,4.0
37.0,45.0,60.0,2.22863608071205,125933000000.0,77866132568.0,10698973.0,5282634.0,414060954073.0,193740601950.0,0.0,1.0,25.559015856439085,25.078256940065014,25.52769663378538,21.708246169418885,0.8013897753552994,0.0,0.0,35.62288795,-79.50227002,33.95498444,-80.98041638,0.0,0.0,4.0,3.0,18.22812437748468,18.14651779597172,4.0
45.0,37.0,60.0,2.22863608071205,77866132568.0,125933000000.0,5282634.0,10698973.0,193740601950.0,414060954073.0,0.0,1.0,25.559015856439085,25.078256940065014,25.52769663378538,21.708246169418885,0.8013897753552994,0.0,0.0,33.95498444,-80.98041638,35.62288795,-79.50227002,0.0,0.0,3.0,4.0,18.14651779597172,18.22812437748468,4.0
37.0,47.0,8.0,6.6115402809870885,125933000000.0,106792000000.0,10698973.0,7051339.0,414060954073.0,258812346656.0,0.0,1.0,25.559015856439085,25.394148854299843,25.52769663378538,25.975141280048376,1.8888166495602114,1.0,1.0,35.62288795,-79.50227002,35.88471808,-86.10862377,0.0,1.0,4.0,4.0,18.22812437748468,16.086867263002663,3.0
47.0,37.0,8.0,6.6115402809870885,106792000000.0,125933000000.0,7051339.0,10698973.0,258812346656.0,414060954073.0,0.0,1.0,25.559015856439085,25.394148854299843,25.52769663378538,25.975141280048376,1.8888166495602114,1.0,1.0,35.88471808,-86.10862377,35.62288795,-79.50227002,1.0,0.0,4.0,4.0,16.086867263002663,18.22812437748468,3.0
38.0,5.0,4.0,14.727278158051172,178698000000.0,134661000000.0,779261.0,3045637.0,32573109800.0,95572089060.0,0.0,0.0,0.0,0.0,0.0,0.0,0.0,2.0,0.0,47.39323862,-100.2508894,34.91154416,-92.43423888,1.0,1.0,1.0,1.0,19.833784382087305,16.34192872200948,3.0
5.0,38.0,4.0,14.727278158051172,134661000000.0,178698000000.0,3045637.0,779261.0,95572089060.0,32573109800.0,0.0,0.0,0.0,0.0,0.0,0.0,0.0,2.0,0.0,34.91154416,-92.43423888,47.39323862,-100.2508894,1.0,1.0,1.0,1.0,16.34192872200948,19.833784382087305,3.0
38.0,6.0,14.0,22.61583419157992,178698000000.0,403671000000.0,779261.0,39029342.0,32573109800.0,1821148127062.0,0.0,0.0,0.0,0.0,0.0,0.0,0.0,1.0,0.0,47.39323862,-100.2508894,37.83798795,-120.7490147,1.0,0.0,1.0,6.0,19.833784382087305,31.30033897737643,3.0
6.0,38.0,14.0,22.61583419157992,403671000000.0,178698000000.0,39029342.0,779261.0,1821148127062.0,32573109800.0,0.0,0.0,0.0,0.0,0.0,0.0,0.0,1.0,0.0,37.83798795,-120.7490147,47.39323862,-100.2508894,0.0,1.0,6.0,1.0,31.30033897737643,19.833784382087305,3.0
38.0,6.0,128.0,22.61583419157992,178698000000.0,403671000000.0,779261.0,39029342.0,32573109800.0,1821148127062.0,0.0,0.0,0.0,0.0,0.0,0.0,0.0,1.0,0.0,47.39323862,-100.2508894,37.83798795,-120.7490147,1.0,0.0,1.0,6.0,19.833784382087305,31.30033897737643,4.0
6.0,38.0,128.0,22.61583419157992,403671000000.0,178698000000.0,39029342.0,779261.0,1821148127062.0,32573109800.0,0.0,0.0,0.0,0.0,0.0,0.0,0.0,1.0,0.0,37.83798795,-120.7490147,47.39323862,-100.2508894,0.0,1.0,6.0,1.0,31.30033897737643,19.833784382087305,4.0
38.0,9.0,22.0,28.203408939251858,178698000000.0,12541688516.0,779261.0,3626205.0,32573109800.0,187043280105.0,0.0,0.0,0.0,0.0,0.0,0.0,0.0,1.0,0.0,47.39323862,-100.2508894,41.59547524,-72.64983479,1.0,0.0,1.0,3.0,19.833784382087305,22.075904617027604,3.0
9.0,38.0,22.0,28.203408939251858,12541688516.0,178698000000.0,3626205.0,779261.0,187043280105.0,32573109800.0,0.0,0.0,0.0,0.0,0.0,0.0,0.0,1.0,0.0,41.59547524,-72.64983479,47.39323862,-100.2508894,0.0,1.0,3.0,1.0,22.075904617027604,19.833784382087305,3.0
38.0,13.0,3.0,22.154127738310965,178698000000.0,149486000000.0,779261.0,10912876.0,32573109800.0,418814355128.0,0.0,0.0,0.0,0.0,0.0,0.0,0.0,1.0,0.0,47.39323862,-100.2508894,32.8067682,-83.57635023,1.0,0.0,1.0,3.0,19.833784382087305,17.725298242771597,4.0
13.0,38.0,3.0,22.154127738310965,149486000000.0,178698000000.0,10912876.0,779261.0,418814355128.0,32573109800.0,0.0,0.0,0.0,0.0,0.0,0.0,0.0,1.0,0.0,32.8067682,-83.57635023,47.39323862,-100.2508894,0.0,1.0,3.0,1.0,17.725298242771597,19.833784382087305,4.0
38.0,17.0,19.0,13.405401244344258,178698000000.0,143778000000.0,779261.0,12582032.0,32573109800.0,545015880144.0,0.0,0.0,0.0,0.0,0.0,0.0,0.0,2.0,0.0,47.39323862,-100.2508894,39.84225886,-89.17445102,1.0,1.0,1.0,3.0,19.833784382087305,15.57382644068607,3.0
17.0,38.0,19.0,13.405401244344258,143778000000.0,178698000000.0,12582032.0,779261.0,545015880144.0,32573109800.0,0.0,0.0,0.0,0.0,0.0,0.0,0.0,2.0,0.0,39.84225886,-89.17445102,47.39323862,-100.2508894,1.0,1.0,3.0,1.0,15.57382644068607,19.833784382087305,3.0
38.0,19.0,28.0,8.64863143737982,178698000000.0,144660000000.0,779261.0,3200517.0,32573109800.0,124554520089.0,0.0,0.0,0.0,0.0,0.0,0.0,0.0,2.0,0.0,47.39323862,-100.2508894,42.02990262,-93.4660937,1.0,1.0,1.0,1.0,19.833784382087305,16.209381226558154,3.0
19.0,38.0,28.0,8.64863143737982,144660000000.0,178698000000.0,3200517.0,779261.0,124554520089.0,32573109800.0,0.0,0.0,0.0,0.0,0.0,0.0,0.0,2.0,0.0,42.02990262,-93.4660937,47.39323862,-100.2508894,1.0,1.0,1.0,1.0,16.209381226558154,19.833784382087305,3.0
38.0,19.0,52.0,8.64863143737982,178698000000.0,144660000000.0,779261.0,3200517.0,32573109800.0,124554520089.0,0.0,0.0,0.0,0.0,0.0,0.0,0.0,2.0,0.0,47.39323862,-100.2508894,42.02990262,-93.4660937,1.0,1.0,1.0,1.0,19.833784382087305,16.209381226558154,4.0
19.0,38.0,52.0,8.64863143737982,144660000000.0,178698000000.0,3200517.0,779261.0,124554520089.0,32573109800.0,0.0,0.0,0.0,0.0,0.0,0.0,0.0,2.0,0.0,42.02990262,-93.4660937,47.39323862,-100.2508894,1.0,1.0,1.0,1.0,16.209381226558154,19.833784382087305,4.0
38.0,20.0,686.0,9.167326221624856,178698000000.0,211754000000.0,779261.0,2937150.0,32573109800.0,111373790850.0,0.0,0.0,0.0,0.0,0.0,0.0,0.0,2.0,0.0,47.39323862,-100.2508894,38.48536567,-98.08532491,1.0,1.0,1.0,3.0,19.833784382087305,17.082248338214743,2.0
20.0,38.0,686.0,9.167326221624856,211754000000.0,178698000000.0,2937150.0,779261.0,111373790850.0,32573109800.0,0.0,0.0,0.0,0.0,0.0,0.0,0.0,2.0,0.0,38.48536567,-98.08532491,47.39323862,-100.2508894,1.0,1.0,3.0,1.0,17.082248338214743,19.833784382087305,2.0
38.0,20.0,244.0,9.167326221624856,178698000000.0,211754000000.0,779261.0,2937150.0,32573109800.0,111373790850.0,0.0,0.0,0.0,0.0,0.0,0.0,0.0,2.0,0.0,47.39323862,-100.2508894,38.48536567,-98.08532491,1.0,1.0,1.0,3.0,19.833784382087305,17.082248338214743,3.0
20.0,38.0,244.0,9.167326221624856,211754000000.0,178698000000.0,2937150.0,779261.0,111373790850.0,32573109800.0,0.0,0.0,0.0,0.0,0.0,0.0,0.0,2.0,0.0,38.48536567,-98.08532491,47.39323862,-100.2508894,1.0,1.0,3.0,1.0,17.082248338214743,19.833784382087305,3.0
38.0,20.0,27.0,9.167326221624856,178698000000.0,211754000000.0,779261.0,2937150.0,32573109800.0,111373790850.0,0.0,0.0,0.0,0.0,0.0,0.0,0.0,2.0,0.0,47.39323862,-100.2508894,38.48536567,-98.08532491,1.0,1.0,1.0,3.0,19.833784382087305,17.082248338214743,4.0
20.0,38.0,27.0,9.167326221624856,211754000000.0,178698000000.0,2937150.0,779261.0,111373790850.0,32573109800.0,0.0,0.0,0.0,0.0,0.0,0.0,0.0,2.0,0.0,38.48536567,-98.08532491,47.39323862,-100.2508894,1.0,1.0,3.0,1.0,17.082248338214743,19.833784382087305,4.0
38.0,21.0,53.0,17.943253305920546,178698000000.0,102283000000.0,779261.0,4512310.0,32573109800.0,153328293800.0,0.0,0.0,0.0,0.0,0.0,0.0,0.0,2.0,0.0,47.39323862,-100.2508894,37.62171898,-85.20171191,1.0,1.0,1.0,3.0,19.833784382087305,15.95009217326982,3.0
21.0,38.0,53.0,17.943253305920546,102283000000.0,178698000000.0,4512310.0,779261.0,153328293800.0,32573109800.0,0.0,0.0,0.0,0.0,0.0,0.0,0.0,2.0,0.0,37.62171898,-85.20171191,47.39323862,-100.2508894,1.0,1.0,3.0,1.0,15.95009217326982,19.833784382087305,3.0
38.0,25.0,26.0,29.28149608951222,178698000000.0,20204396898.0,779261.0,6981974.0,32573109800.0,377201145350.0,0.0,0.0,0.0,0.0,0.0,0.0,0.0,1.0,0.0,47.39323862,-100.2508894,42.10673796,-71.45056086,1.0,0.0,1.0,2.0,19.833784382087305,23.121420198899447,3.0
25.0,38.0,26.0,29.28149608951222,20204396898.0,178698000000.0,6981974.0,779261.0,377201145350.0,32573109800.0,0.0,0.0,0.0,0.0,0.0,0.0,0.0,1.0,0.0,42.10673796,-71.45056086,47.39323862,-100.2508894,0.0,1.0,2.0,1.0,23.121420198899447,19.833784382087305,3.0
38.0,27.0,808.0,6.105011955428785,178698000000.0,206232000000.0,779261.0,5717184.0,32573109800.0,257393340864.0,0.0,1.0,25.90896306710736,26.052267585625444,25.559015856439085,25.711075940400722,1.809110065861944,2.0,2.0,47.39323862,-100.2508894,45.54670036,-94.4318287,1.0,1.0,1.0,2.0,19.833784382087305,17.499573988722897,3.0
27.0,38.0,808.0,6.105011955428785,206232000000.0,178698000000.0,5717184.0,779261.0,257393340864.0,32573109800.0,0.0,1.0,25.90896306710736,26.052267585625444,25.559015856439085,25.711075940400722,1.809110065861944,2.0,2.0,45.54670036,-94.4318287,47.39323862,-100.2508894,1.0,1.0,2.0,1.0,17.499573988722897,19.833784382087305,3.0
38.0,27.0,833.0,6.105011955428785,178698000000.0,206232000000.0,779261.0,5717184.0,32573109800.0,257393340864.0,0.0,1.0,25.90896306710736,26.052267585625444,25.559015856439085,25.711075940400722,1.809110065861944,2.0,2.0,47.39323862,-100.2508894,45.54670036,-94.4318287,1.0,1.0,1.0,2.0,19.833784382087305,17.499573988722897,4.0
27.0,38.0,833.0,6.105011955428785,206232000000.0,178698000000.0,5717184.0,779261.0,257393340864.0,32573109800.0,0.0,1.0,25.90896306710736,26.052267585625444,25.559015856439085,25.711075940400722,1.809110065861944,2.0,2.0,45.54670036,-94.4318287,47.39323862,-100.2508894,1.0,1.0,2.0,1.0,17.499573988722897,19.833784382087305,4.0
38.0,29.0,226.0,11.847210303603164,178698000000.0,178053000000.0,779261.0,6177957.0,32573109800.0,226360344480.0,0.0,0.0,0.0,0.0,0.0,0.0,0.0,2.0,0.0,47.39323862,-100.2508894,38.45001591,-92.480744,1.0,1.0,1.0,3.0,19.833784382087305,15.754454007112106,3.0
29.0,38.0,226.0,11.847210303603164,178053000000.0,178698000000.0,6177957.0,779261.0,226360344480.0,32573109800.0,0.0,0.0,0.0,0.0,0.0,0.0,0.0,2.0,0.0,38.45001591,-92.480744,47.39323862,-100.2508894,1.0,1.0,3.0,1.0,15.754454007112106,19.833784382087305,3.0
38.0,29.0,28.0,11.847210303603164,178698000000.0,178053000000.0,779261.0,6177957.0,32573109800.0,226360344480.0,0.0,0.0,0.0,0.0,0.0,0.0,0.0,2.0,0.0,47.39323862,-100.2508894,38.45001591,-92.480744,1.0,1.0,1.0,3.0,19.833784382087305,15.754454007112106,4.0
29.0,38.0,28.0,11.847210303603164,178053000000.0,178698000000.0,6177957.0,779261.0,226360344480.0,32573109800.0,0.0,0.0,0.0,0.0,0.0,0.0,0.0,2.0,0.0,38.45001591,-92.480744,47.39323862,-100.2508894,1.0,1.0,3.0,1.0,15.754454007112106,19.833784382087305,4.0
38.0,30.0,19.0,9.464503648614915,178698000000.0,376974000000.0,779261.0,1122867.0,32573109800.0,43038369243.0,0.0,1.0,25.90896306710736,26.65544205649895,25.559015856439085,25.905347095727915,2.247548342569363,2.0,2.0,47.39323862,-100.2508894,46.97106673,-109.7059727,1.0,1.0,1.0,1.0,19.833784382087305,24.20858400830915,3.0
30.0,38.0,19.0,9.464503648614915,376974000000.0,178698000000.0,1122867.0,779261.0,43038369243.0,32573109800.0,0.0,1.0,25.90896306710736,26.65544205649895,25.559015856439085,25.905347095727915,2.247548342569363,2.0,2.0,46.97106673,-109.7059727,47.39323862,-100.2508894,1.0,1.0,1.0,1.0,24.20858400830915,19.833784382087305,3.0
38.0,34.0,1.0,26.59861153615886,178698000000.0,19048737655.0,779261.0,9261699.0,32573109800.0,474865831128.0,0.0,0.0,0.0,0.0,0.0,0.0,0.0,1.0,0.0,47.39323862,-100.2508894,40.2804298,-74.62094429,1.0,0.0,1.0,2.0,19.833784382087305,20.49985798951152,3.0
34.0,38.0,1.0,26.59861153615886,19048737655.0,178698000000.0,9261699.0,779261.0,474865831128.0,32573109800.0,0.0,0.0,0.0,0.0,0.0,0.0,0.0,1.0,0.0,40.2804298,-74.62094429,47.39323862,-100.2508894,0.0,1.0,2.0,1.0,20.49985798951152,19.833784382087305,3.0
38.0,38.0,13509.0,1.0,178698000000.0,178698000000.0,779261.0,779261.0,32573109800.0,32573109800.0,1.0,0.0,0.0,0.0,0.0,0.0,0.0,2.0,0.0,47.39323862,-100.2508894,47.39323862,-100.2508894,1.0,1.0,1.0,1.0,19.833784382087305,19.833784382087305,2.0
38.0,38.0,13509.0,1.0,178698000000.0,178698000000.0,779261.0,779261.0,32573109800.0,32573109800.0,1.0,0.0,0.0,0.0,0.0,0.0,0.0,2.0,0.0,47.39323862,-100.2508894,47.39323862,-100.2508894,1.0,1.0,1.0,1.0,19.833784382087305,19.833784382087305,2.0
38.0,38.0,2566.0,1.0,178698000000.0,178698000000.0,779261.0,779261.0,32573109800.0,32573109800.0,1.0,0.0,0.0,0.0,0.0,0.0,0.0,2.0,0.0,47.39323862,-100.2508894,47.39323862,-100.2508894,1.0,1.0,1.0,1.0,19.833784382087305,19.833784382087305,3.0
38.0,38.0,2566.0,1.0,178698000000.0,178698000000.0,779261.0,779261.0,32573109800.0,32573109800.0,1.0,0.0,0.0,0.0,0.0,0.0,0.0,2.0,0.0,47.39323862,-100.2508894,47.39323862,-100.2508894,1.0,1.0,1.0,1.0,19.833784382087305,19.833784382087305,3.0
38.0,38.0,3406.0,1.0,178698000000.0,178698000000.0,779261.0,779261.0,32573109800.0,32573109800.0,1.0,0.0,0.0,0.0,0.0,0.0,0.0,2.0,0.0,47.39323862,-100.2508894,47.39323862,-100.2508894,1.0,1.0,1.0,1.0,19.833784382087305,19.833784382087305,4.0
38.0,38.0,3406.0,1.0,178698000000.0,178698000000.0,779261.0,779261.0,32573109800.0,32573109800.0,1.0,0.0,0.0,0.0,0.0,0.0,0.0,2.0,0.0,47.39323862,-100.2508894,47.39323862,-100.2508894,1.0,1.0,1.0,1.0,19.833784382087305,19.833784382087305,4.0
38.0,40.0,78.0,12.263376385341854,178698000000.0,177664000000.0,779261.0,4019800.0,32573109800.0,132372014000.0,0.0,0.0,0.0,0.0,0.0,0.0,0.0,2.0,0.0,47.39323862,-100.2508894,35.50185248,-97.25333439,1.0,1.0,1.0,3.0,19.833784382087305,17.275428672333067,4.0
40.0,38.0,78.0,12.263376385341854,177664000000.0,178698000000.0,4019800.0,779261.0,132372014000.0,32573109800.0,0.0,0.0,0.0,0.0,0.0,0.0,0.0,2.0,0.0,35.50185248,-97.25333439,47.39323862,-100.2508894,1.0,1.0,3.0,1.0,17.275428672333067,19.833784382087305,4.0
38.0,47.0,255.0,18.233203837205394,178698000000.0,106792000000.0,779261.0,7051339.0,32573109800.0,258812346656.0,0.0,0.0,0.0,0.0,0.0,0.0,0.0,2.0,0.0,47.39323862,-100.2508894,35.88471808,-86.10862377,1.0,1.0,1.0,4.0,19.833784382087305,16.086867263002663,3.0
47.0,38.0,255.0,18.233203837205394,106792000000.0,178698000000.0,7051339.0,779261.0,258812346656.0,32573109800.0,0.0,0.0,0.0,0.0,0.0,0.0,0.0,2.0,0.0,35.88471808,-86.10862377,47.39323862,-100.2508894,1.0,1.0,4.0,1.0,16.086867263002663,19.833784382087305,3.0
38.0,53.0,710.0,20.482111443233705,178698000000.0,172118000000.0,779261.0,7785786.0,32573109800.0,395237640504.0,0.0,0.0,0.0,0.0,0.0,0.0,0.0,1.0,0.0,47.39323862,-100.2508894,47.23708702,-120.7324056,1.0,0.0,1.0,3.0,19.833784382087305,32.15883372214054,2.0
53.0,38.0,710.0,20.482111443233705,172118000000.0,178698000000.0,7785786.0,779261.0,395237640504.0,32573109800.0,0.0,0.0,0.0,0.0,0.0,0.0,0.0,1.0,0.0,47.23708702,-120.7324056,47.39323862,-100.2508894,0.0,1.0,3.0,1.0,32.15883372214054,19.833784382087305,2.0
39.0,1.0,246.0,8.39004087159417,105824000000.0,131175000000.0,11756058.0,5074296.0,445930792056.0,171394495992.0,0.0,0.0,0.0,0.0,0.0,0.0,0.0,1.0,0.0,40.31742129,-82.83129539,32.87856631,-86.71153023,1.0,0.0,5.0,3.0,16.574187523725264,17.04356957796615,4.0
1.0,39.0,246.0,8.39004087159417,131175000000.0,105824000000.0,5074296.0,11756058.0,171394495992.0,445930792056.0,0.0,0.0,0.0,0.0,0.0,0.0,0.0,1.0,0.0,32.87856631,-86.71153023,40.31742129,-82.83129539,0.0,1.0,3.0,5.0,17.04356957796615,16.574187523725264,4.0
39.0,6.0,44.0,37.99869770609844,105824000000.0,403671000000.0,11756058.0,39029342.0,445930792056.0,1821148127062.0,0.0,0.0,0.0,0.0,0.0,0.0,0.0,1.0,0.0,40.31742129,-82.83129539,37.83798795,-120.7490147,1.0,0.0,5.0,6.0,16.574187523725264,31.30033897737643,3.0
6.0,39.0,44.0,37.99869770609844,403671000000.0,105824000000.0,39029342.0,11756058.0,1821148127062.0,445930792056.0,0.0,0.0,0.0,0.0,0.0,0.0,0.0,1.0,0.0,37.83798795,-120.7490147,40.31742129,-82.83129539,0.0,1.0,6.0,5.0,31.30033897737643,16.574187523725264,3.0
39.0,9.0,4.0,10.261362572702655,105824000000.0,12541688516.0,11756058.0,3626205.0,445930792056.0,187043280105.0,0.0,0.0,0.0,0.0,0.0,0.0,0.0,1.0,0.0,40.31742129,-82.83129539,41.59547524,-72.64983479,1.0,0.0,5.0,3.0,16.574187523725264,22.075904617027604,3.0
9.0,39.0,4.0,10.261362572702655,12541688516.0,105824000000.0,3626205.0,11756058.0,187043280105.0,445930792056.0,0.0,0.0,0.0,0.0,0.0,0.0,0.0,1.0,0.0,41.59547524,-72.64983479,40.31742129,-82.83129539,0.0,1.0,3.0,5.0,22.075904617027604,16.574187523725264,3.0
39.0,10.0,390.0,7.434398177337678,105824000000.0,5046731558.0,11756058.0,1018396.0,445930792056.0,43354136116.0,0.0,0.0,0.0,0.0,0.0,0.0,0.0,1.0,0.0,40.31742129,-82.83129539,39.11541037,-75.49471267,1.0,0.0,5.0,2.0,16.574187523725264,19.894362036037933,4.0
10.0,39.0,390.0,7.434398177337678,5046731558.0,105824000000.0,1018396.0,11756058.0,43354136116.0,445930792056.0,0.0,0.0,0.0,0.0,0.0,0.0,0.0,1.0,0.0,39.11541037,-75.49471267,40.31742129,-82.83129539,0.0,1.0,2.0,5.0,19.894362036037933,16.574187523725264,4.0
39.0,12.0,33.0,11.386300623000858,105824000000.0,138958000000.0,11756058.0,22244823.0,445930792056.0,895976980794.0,0.0,0.0,0.0,0.0,0.0,0.0,0.0,1.0,0.0,40.31742129,-82.83129539,28.93181099,-82.70591607,1.0,0.0,5.0,5.0,16.574187523725264,20.207697261419515,2.0
12.0,39.0,33.0,11.386300623000858,138958000000.0,105824000000.0,22244823.0,11756058.0,895976980794.0,445930792056.0,0.0,0.0,0.0,0.0,0.0,0.0,0.0,1.0,0.0,28.93181099,-82.70591607,40.31742129,-82.83129539,0.0,1.0,5.0,5.0,20.207697261419515,16.574187523725264,2.0
39.0,12.0,21.0,11.386300623000858,105824000000.0,138958000000.0,11756058.0,22244823.0,445930792056.0,895976980794.0,0.0,0.0,0.0,0.0,0.0,0.0,0.0,1.0,0.0,40.31742129,-82.83129539,28.93181099,-82.70591607,1.0,0.0,5.0,5.0,16.574187523725264,20.207697261419515,3.0
12.0,39.0,21.0,11.386300623000858,138958000000.0,105824000000.0,22244823.0,11756058.0,895976980794.0,445930792056.0,0.0,0.0,0.0,0.0,0.0,0.0,0.0,1.0,0.0,28.93181099,-82.70591607,40.31742129,-82.83129539,0.0,1.0,5.0,5.0,20.207697261419515,16.574187523725264,3.0
39.0,13.0,1241.0,7.5475172442952365,105824000000.0,149486000000.0,11756058.0,10912876.0,445930792056.0,418814355128.0,0.0,0.0,0.0,0.0,0.0,0.0,0.0,1.0,0.0,40.31742129,-82.83129539,32.8067682,-83.57635023,1.0,0.0,5.0,3.0,16.574187523725264,17.725298242771597,3.0
13.0,39.0,1241.0,7.5475172442952365,149486000000.0,105824000000.0,10912876.0,11756058.0,418814355128.0,445930792056.0,0.0,0.0,0.0,0.0,0.0,0.0,0.0,1.0,0.0,32.8067682,-83.57635023,40.31742129,-82.83129539,0.0,1.0,3.0,5.0,17.725298242771597,16.574187523725264,3.0
39.0,13.0,819.0,7.5475172442952365,105824000000.0,149486000000.0,11756058.0,10912876.0,445930792056.0,418814355128.0,0.0,0.0,0.0,0.0,0.0,0.0,0.0,1.0,0.0,40.31742129,-82.83129539,32.8067682,-83.57635023,1.0,0.0,5.0,3.0,16.574187523725264,17.725298242771597,4.0
13.0,39.0,819.0,7.5475172442952365,149486000000.0,105824000000.0,10912876.0,11756058.0,418814355128.0,445930792056.0,0.0,0.0,0.0,0.0,0.0,0.0,0.0,1.0,0.0,32.8067682,-83.57635023,40.31742129,-82.83129539,0.0,1.0,3.0,5.0,17.725298242771597,16.574187523725264,4.0
39.0,17.0,74.0,6.3609278160724605,105824000000.0,143778000000.0,11756058.0,12582032.0,445930792056.0,545015880144.0,0.0,0.0,0.0,0.0,0.0,0.0,0.0,2.0,0.0,40.31742129,-82.83129539,39.84225886,-89.17445102,1.0,1.0,5.0,3.0,16.574187523725264,15.57382644068607,2.0
17.0,39.0,74.0,6.3609278160724605,143778000000.0,105824000000.0,12582032.0,11756058.0,545015880144.0,445930792056.0,0.0,0.0,0.0,0.0,0.0,0.0,0.0,2.0,0.0,39.84225886,-89.17445102,40.31742129,-82.83129539,1.0,1.0,3.0,5.0,15.57382644068607,16.574187523725264,2.0
39.0,17.0,9.0,6.3609278160724605,105824000000.0,143778000000.0,11756058.0,12582032.0,445930792056.0,545015880144.0,0.0,0.0,0.0,0.0,0.0,0.0,0.0,2.0,0.0,40.31742129,-82.83129539,39.84225886,-89.17445102,1.0,1.0,5.0,3.0,16.574187523725264,15.57382644068607,3.0
17.0,39.0,9.0,6.3609278160724605,143778000000.0,105824000000.0,12582032.0,11756058.0,545015880144.0,445930792056.0,0.0,0.0,0.0,0.0,0.0,0.0,0.0,2.0,0.0,39.84225886,-89.17445102,40.31742129,-82.83129539,1.0,1.0,3.0,5.0,15.57382644068607,16.574187523725264,3.0
39.0,18.0,189.0,3.421412972215959,105824000000.0,92788998225.0,11756058.0,6833037.0,445930792056.0,245880003408.0,0.0,1.0,25.385043173745792,25.253593916100616,25.90896306710736,25.6915362802649,1.2300536155223953,2.0,2.0,40.31742129,-82.83129539,39.83861922,-86.21904026,1.0,1.0,5.0,4.0,16.574187523725264,15.783365211857229,3.0
18.0,39.0,189.0,3.421412972215959,92788998225.0,105824000000.0,6833037.0,11756058.0,245880003408.0,445930792056.0,0.0,1.0,25.385043173745792,25.253593916100616,25.90896306710736,25.6915362802649,1.2300536155223953,2.0,2.0,39.83861922,-86.21904026,40.31742129,-82.83129539,1.0,1.0,4.0,5.0,15.783365211857229,16.574187523725264,3.0
39.0,18.0,815.0,3.421412972215959,105824000000.0,92788998225.0,11756058.0,6833037.0,445930792056.0,245880003408.0,0.0,1.0,25.385043173745792,25.253593916100616,25.90896306710736,25.6915362802649,1.2300536155223953,2.0,2.0,40.31742129,-82.83129539,39.83861922,-86.21904026,1.0,1.0,5.0,4.0,16.574187523725264,15.783365211857229,4.0
18.0,39.0,815.0,3.421412972215959,92788998225.0,105824000000.0,6833037.0,11756058.0,245880003408.0,445930792056.0,0.0,1.0,25.385043173745792,25.253593916100616,25.90896306710736,25.6915362802649,1.2300536155223953,2.0,2.0,39.83861922,-86.21904026,40.31742129,-82.83129539,1.0,1.0,4.0,5.0,15.783365211857229,16.574187523725264,4.0
39.0,19.0,456.0,10.771793137633939,105824000000.0,144660000000.0,11756058.0,3200517.0,445930792056.0,124554520089.0,0.0,0.0,0.0,0.0,0.0,0.0,0.0,2.0,0.0,40.31742129,-82.83129539,42.02990262,-93.4660937,1.0,1.0,5.0,1.0,16.574187523725264,16.209381226558154,2.0
19.0,39.0,456.0,10.771793137633939,144660000000.0,105824000000.0,3200517.0,11756058.0,124554520089.0,445930792056.0,0.0,0.0,0.0,0.0,0.0,0.0,0.0,2.0,0.0,42.02990262,-93.4660937,40.31742129,-82.83129539,1.0,1.0,1.0,5.0,16.209381226558154,16.574187523725264,2.0
39.0,20.0,64.0,15.363653354323153,105824000000.0,211754000000.0,11756058.0,2937150.0,445930792056.0,111373790850.0,0.0,0.0,0.0,0.0,0.0,0.0,0.0,2.0,0.0,40.31742129,-82.83129539,38.48536567,-98.08532491,1.0,1.0,5.0,3.0,16.574187523725264,17.082248338214743,2.0
20.0,39.0,64.0,15.363653354323153,211754000000.0,105824000000.0,2937150.0,11756058.0,111373790850.0,445930792056.0,0.0,0.0,0.0,0.0,0.0,0.0,0.0,2.0,0.0,38.48536567,-98.08532491,40.31742129,-82.83129539,1.0,1.0,3.0,5.0,17.082248338214743,16.574187523725264,2.0
39.0,20.0,8.0,15.363653354323153,105824000000.0,211754000000.0,11756058.0,2937150.0,445930792056.0,111373790850.0,0.0,0.0,0.0,0.0,0.0,0.0,0.0,2.0,0.0,40.31742129,-82.83129539,38.48536567,-98.08532491,1.0,1.0,5.0,3.0,16.574187523725264,17.082248338214743,4.0
20.0,39.0,8.0,15.363653354323153,211754000000.0,105824000000.0,2937150.0,11756058.0,111373790850.0,445930792056.0,0.0,0.0,0.0,0.0,0.0,0.0,0.0,2.0,0.0,38.48536567,-98.08532491,40.31742129,-82.83129539,1.0,1.0,3.0,5.0,17.082248338214743,16.574187523725264,4.0
39.0,21.0,114.0,3.5896636921065856,105824000000.0,102283000000.0,11756058.0,4512310.0,445930792056.0,153328293800.0,0.0,1.0,25.385043173745792,25.3510093181868,25.90896306710736,26.078691060500866,1.278058519033083,2.0,2.0,40.31742129,-82.83129539,37.62171898,-85.20171191,1.0,1.0,5.0,3.0,16.574187523725264,15.95009217326982,4.0
21.0,39.0,114.0,3.5896636921065856,102283000000.0,105824000000.0,4512310.0,11756058.0,153328293800.0,445930792056.0,0.0,1.0,25.385043173745792,25.3510093181868,25.90896306710736,26.078691060500866,1.278058519033083,2.0,2.0,37.62171898,-85.20171191,40.31742129,-82.83129539,1.0,1.0,3.0,5.0,15.95009217326982,16.574187523725264,4.0
39.0,22.0,695.0,12.887996630570951,105824000000.0,111914000000.0,11756058.0,4590241.0,445930792056.0,147672643211.0,0.0,0.0,0.0,0.0,0.0,0.0,0.0,1.0,0.0,40.31742129,-82.83129539,31.0806972,-91.81925318,1.0,0.0,5.0,4.0,16.574187523725264,17.88009549830889,2.0
22.0,39.0,695.0,12.887996630570951,111914000000.0,105824000000.0,4590241.0,11756058.0,147672643211.0,445930792056.0,0.0,0.0,0.0,0.0,0.0,0.0,0.0,1.0,0.0,31.0806972,-91.81925318,40.31742129,-82.83129539,0.0,1.0,4.0,5.0,17.88009549830889,16.574187523725264,2.0
39.0,24.0,31.0,6.288956844036809,105824000000.0,25151895765.0,11756058.0,6164660.0,445930792056.0,303523199760.0,0.0,0.0,0.0,0.0,0.0,0.0,0.0,1.0,0.0,40.31742129,-82.83129539,39.0026629,-76.68130445,1.0,0.0,5.0,3.0,16.574187523725264,19.12502906003085,3.0
24.0,39.0,31.0,6.288956844036809,25151895765.0,105824000000.0,6164660.0,11756058.0,303523199760.0,445930792056.0,0.0,0.0,0.0,0.0,0.0,0.0,0.0,1.0,0.0,39.0026629,-76.68130445,40.31742129,-82.83129539,0.0,1.0,3.0,5.0,19.12502906003085,16.574187523725264,3.0
39.0,24.0,85.0,6.288956844036809,105824000000.0,25151895765.0,11756058.0,6164660.0,445930792056.0,303523199760.0,0.0,0.0,0.0,0.0,0.0,0.0,0.0,1.0,0.0,40.31742129,-82.83129539,39.0026629,-76.68130445,1.0,0.0,5.0,3.0,16.574187523725264,19.12502906003085,4.0
24.0,39.0,85.0,6.288956844036809,25151895765.0,105824000000.0,6164660.0,11756058.0,303523199760.0,445930792056.0,0.0,0.0,0.0,0.0,0.0,0.0,0.0,1.0,0.0,39.0026629,-76.68130445,40.31742129,-82.83129539,0.0,1.0,3.0,5.0,19.12502906003085,16.574187523725264,4.0
39.0,26.0,28.0,4.418882107006346,105824000000.0,146615000000.0,11756058.0,10034118.0,445930792056.0,382811635818.0,0.0,1.0,25.385043173745792,25.711075940400722,25.90896306710736,23.7291660858851,1.4858867471338268,2.0,2.0,40.31742129,-82.83129539,44.04901725,-85.19808872,1.0,1.0,5.0,3.0,16.574187523725264,17.01071464423954,3.0
26.0,39.0,28.0,4.418882107006346,146615000000.0,105824000000.0,10034118.0,11756058.0,382811635818.0,445930792056.0,0.0,1.0,25.385043173745792,25.711075940400722,25.90896306710736,23.7291660858851,1.4858867471338268,2.0,2.0,44.04901725,-85.19808872,40.31742129,-82.83129539,1.0,1.0,3.0,5.0,17.01071464423954,16.574187523725264,3.0
39.0,26.0,138.0,4.418882107006346,105824000000.0,146615000000.0,11756058.0,10034118.0,445930792056.0,382811635818.0,0.0,1.0,25.385043173745792,25.711075940400722,25.90896306710736,23.7291660858851,1.4858867471338268,2.0,2.0,40.31742129,-82.83129539,44.04901725,-85.19808872,1.0,1.0,5.0,3.0,16.574187523725264,17.01071464423954,4.0
26.0,39.0,138.0,4.418882107006346,146615000000.0,105824000000.0,10034118.0,11756058.0,382811635818.0,445930792056.0,0.0,1.0,25.385043173745792,25.711075940400722,25.90896306710736,23.7291660858851,1.4858867471338268,2.0,2.0,44.04901725,-85.19808872,40.31742129,-82.83129539,1.0,1.0,3.0,5.0,17.01071464423954,16.574187523725264,4.0
39.0,27.0,6.0,12.724689884958288,105824000000.0,206232000000.0,11756058.0,5717184.0,445930792056.0,257393340864.0,0.0,0.0,0.0,0.0,0.0,0.0,0.0,2.0,0.0,40.31742129,-82.83129539,45.54670036,-94.4318287,1.0,1.0,5.0,2.0,16.574187523725264,17.499573988722897,4.0
27.0,39.0,6.0,12.724689884958288,206232000000.0,105824000000.0,5717184.0,11756058.0,257393340864.0,445930792056.0,0.0,0.0,0.0,0.0,0.0,0.0,0.0,2.0,0.0,45.54670036,-94.4318287,40.31742129,-82.83129539,1.0,1.0,2.0,5.0,17.499573988722897,16.574187523725264,4.0
39.0,28.0,1.0,10.153329458560151,105824000000.0,121532000000.0,11756058.0,2940057.0,445930792056.0,85393955565.0,0.0,0.0,0.0,0.0,0.0,0.0,0.0,1.0,0.0,40.31742129,-82.83129539,32.79092429,-89.64612789,1.0,0.0,5.0,1.0,16.574187523725264,16.911601448146733,3.0
28.0,39.0,1.0,10.153329458560151,121532000000.0,105824000000.0,2940057.0,11756058.0,85393955565.0,445930792056.0,0.0,0.0,0.0,0.0,0.0,0.0,0.0,1.0,0.0,32.79092429,-89.64612789,40.31742129,-82.83129539,0.0,1.0,1.0,5.0,16.911601448146733,16.574187523725264,3.0
39.0,28.0,47.0,10.153329458560151,105824000000.0,121532000000.0,11756058.0,2940057.0,445930792056.0,85393955565.0,0.0,0.0,0.0,0.0,0.0,0.0,0.0,1.0,0.0,40.31742129,-82.83129539,32.79092429,-89.64612789,1.0,0.0,5.0,1.0,16.574187523725264,16.911601448146733,4.0
28.0,39.0,47.0,10.153329458560151,121532000000.0,105824000000.0,2940057.0,11756058.0,85393955565.0,445930792056.0,0.0,0.0,0.0,0.0,0.0,0.0,0.0,1.0,0.0,32.79092429,-89.64612789,40.31742129,-82.83129539,0.0,1.0,1.0,5.0,16.911601448146733,16.574187523725264,4.0
39.0,34.0,10.0,8.210434431600046,105824000000.0,19048737655.0,11756058.0,9261699.0,445930792056.0,474865831128.0,0.0,0.0,0.0,0.0,0.0,0.0,0.0,1.0,0.0,40.31742129,-82.83129539,40.2804298,-74.62094429,1.0,0.0,5.0,2.0,16.574187523725264,20.49985798951152,3.0
34.0,39.0,10.0,8.210434431600046,19048737655.0,105824000000.0,9261699.0,11756058.0,474865831128.0,445930792056.0,0.0,0.0,0.0,0.0,0.0,0.0,0.0,1.0,0.0,40.2804298,-74.62094429,40.31742129,-82.83129539,0.0,1.0,2.0,5.0,20.49985798951152,16.574187523725264,3.0
39.0,36.0,41.0,7.686853136935625,105824000000.0,122050000000.0,11756058.0,19677151.0,445930792056.0,933110177571.0,0.0,0.0,0.0,0.0,0.0,0.0,0.0,1.0,0.0,40.31742129,-82.83129539,42.55441095,-75.47714089,1.0,0.0,5.0,5.0,16.574187523725264,20.306235500394656,3.0
36.0,39.0,41.0,7.686853136935625,122050000000.0,105824000000.0,19677151.0,11756058.0,933110177571.0,445930792056.0,0.0,0.0,0.0,0.0,0.0,0.0,0.0,1.0,0.0,42.55441095,-75.47714089,40.31742129,-82.83129539,0.0,1.0,5.0,5.0,20.306235500394656,16.574187523725264,3.0
39.0,36.0,350.0,7.686853136935625,105824000000.0,122050000000.0,11756058.0,19677151.0,445930792056.0,933110177571.0,0.0,0.0,0.0,0.0,0.0,0.0,0.0,1.0,0.0,40.31742129,-82.83129539,42.55441095,-75.47714089,1.0,0.0,5.0,5.0,16.574187523725264,20.306235500394656,4.0
36.0,39.0,350.0,7.686853136935625,122050000000.0,105824000000.0,19677151.0,11756058.0,933110177571.0,445930792056.0,0.0,0.0,0.0,0.0,0.0,0.0,0.0,1.0,0.0,42.55441095,-75.47714089,40.31742129,-82.83129539,0.0,1.0,5.0,5.0,20.306235500394656,16.574187523725264,4.0
39.0,39.0,9257.0,1.0,105824000000.0,105824000000.0,11756058.0,11756058.0,445930792056.0,445930792056.0,1.0,0.0,0.0,0.0,0.0,0.0,0.0,2.0,0.0,40.31742129,-82.83129539,40.31742129,-82.83129539,1.0,1.0,5.0,5.0,16.574187523725264,16.574187523725264,2.0
39.0,39.0,9257.0,1.0,105824000000.0,105824000000.0,11756058.0,11756058.0,445930792056.0,445930792056.0,1.0,0.0,0.0,0.0,0.0,0.0,0.0,2.0,0.0,40.31742129,-82.83129539,40.31742129,-82.83129539,1.0,1.0,5.0,5.0,16.574187523725264,16.574187523725264,2.0
39.0,39.0,6052.0,1.0,105824000000.0,105824000000.0,11756058.0,11756058.0,445930792056.0,445930792056.0,1.0,0.0,0.0,0.0,0.0,0.0,0.0,2.0,0.0,40.31742129,-82.83129539,40.31742129,-82.83129539,1.0,1.0,5.0,5.0,16.574187523725264,16.574187523725264,3.0
39.0,39.0,6052.0,1.0,105824000000.0,105824000000.0,11756058.0,11756058.0,445930792056.0,445930792056.0,1.0,0.0,0.0,0.0,0.0,0.0,0.0,2.0,0.0,40.31742129,-82.83129539,40.31742129,-82.83129539,1.0,1.0,5.0,5.0,16.574187523725264,16.574187523725264,3.0
39.0,39.0,5533.0,1.0,105824000000.0,105824000000.0,11756058.0,11756058.0,445930792056.0,445930792056.0,1.0,0.0,0.0,0.0,0.0,0.0,0.0,2.0,0.0,40.31742129,-82.83129539,40.31742129,-82.83129539,1.0,1.0,5.0,5.0,16.574187523725264,16.574187523725264,4.0
39.0,39.0,5533.0,1.0,105824000000.0,105824000000.0,11756058.0,11756058.0,445930792056.0,445930792056.0,1.0,0.0,0.0,0.0,0.0,0.0,0.0,2.0,0.0,40.31742129,-82.83129539,40.31742129,-82.83129539,1.0,1.0,5.0,5.0,16.574187523725264,16.574187523725264,4.0
39.0,42.0,45.0,5.237834310296,105824000000.0,115882000000.0,11756058.0,12972008.0,445930792056.0,538195639912.0,0.0,1.0,25.385043173745792,25.47583826893231,25.90896306710736,26.239223640412757,1.6559081133393148,2.0,2.0,40.31742129,-82.83129539,40.82029613,-77.61765701,1.0,1.0,5.0,4.0,16.574187523725264,18.7216652918346,3.0
42.0,39.0,45.0,5.237834310296,115882000000.0,105824000000.0,12972008.0,11756058.0,538195639912.0,445930792056.0,0.0,1.0,25.385043173745792,25.47583826893231,25.90896306710736,26.239223640412757,1.6559081133393148,2.0,2.0,40.82029613,-77.61765701,40.31742129,-82.83129539,1.0,1.0,4.0,5.0,18.7216652918346,16.574187523725264,3.0
39.0,42.0,1320.0,5.237834310296,105824000000.0,115882000000.0,11756058.0,12972008.0,445930792056.0,538195639912.0,0.0,1.0,25.385043173745792,25.47583826893231,25.90896306710736,26.239223640412757,1.6559081133393148,2.0,2.0,40.31742129,-82.83129539,40.82029613,-77.61765701,1.0,1.0,5.0,4.0,16.574187523725264,18.7216652918346,4.0
42.0,39.0,1320.0,5.237834310296,115882000000.0,105824000000.0,12972008.0,11756058.0,538195639912.0,445930792056.0,0.0,1.0,25.385043173745792,25.47583826893231,25.90896306710736,26.239223640412757,1.6559081133393148,2.0,2.0,40.82029613,-77.61765701,40.31742129,-82.83129539,1.0,1.0,4.0,5.0,18.7216652918346,16.574187523725264,4.0
39.0,45.0,298.0,6.626187122312237,105824000000.0,77866132568.0,11756058.0,5282634.0,445930792056.0,193740601950.0,0.0,0.0,0.0,0.0,0.0,0.0,0.0,1.0,0.0,40.31742129,-82.83129539,33.95498444,-80.98041638,1.0,0.0,5.0,3.0,16.574187523725264,18.14651779597172,4.0
45.0,39.0,298.0,6.626187122312237,77866132568.0,105824000000.0,5282634.0,11756058.0,193740601950.0,445930792056.0,0.0,0.0,0.0,0.0,0.0,0.0,0.0,1.0,0.0,33.95498444,-80.98041638,40.31742129,-82.83129539,0.0,1.0,3.0,5.0,18.14651779597172,16.574187523725264,4.0
39.0,51.0,567.0,5.120925575767923,105824000000.0,102258000000.0,11756058.0,8683619.0,445930792056.0,409858133181.0,0.0,0.0,0.0,0.0,0.0,0.0,0.0,1.0,0.0,40.31742129,-82.83129539,37.56542632,-78.51268422,1.0,0.0,5.0,4.0,16.574187523725264,18.272475748303947,4.0
51.0,39.0,567.0,5.120925575767923,102258000000.0,105824000000.0,8683619.0,11756058.0,409858133181.0,445930792056.0,0.0,0.0,0.0,0.0,0.0,0.0,0.0,1.0,0.0,37.56542632,-78.51268422,40.31742129,-82.83129539,0.0,1.0,4.0,5.0,18.272475748303947,16.574187523725264,4.0
39.0,54.0,4.0,2.675808243170752,105824000000.0,62266296765.0,11756058.0,1775156.0,445930792056.0,56666529832.0,0.0,1.0,25.385043173745792,24.854686133450475,25.90896306710736,25.87144612504916,0.984251481690484,2.0,2.0,40.31742129,-82.83129539,38.81190905,-80.61919624,1.0,1.0,5.0,1.0,16.574187523725264,17.229635728845473,3.0
54.0,39.0,4.0,2.675808243170752,62266296765.0,105824000000.0,1775156.0,11756058.0,56666529832.0,445930792056.0,0.0,1.0,25.385043173745792,24.854686133450475,25.90896306710736,25.87144612504916,0.984251481690484,2.0,2.0,38.81190905,-80.61919624,40.31742129,-82.83129539,1.0,1.0,1.0,5.0,17.229635728845473,16.574187523725264,3.0
39.0,55.0,23.0,8.055507266271924,105824000000.0,140292000000.0,11756058.0,5892539.0,445930792056.0,236809357332.0,0.0,0.0,0.0,0.0,0.0,0.0,0.0,2.0,0.0,40.31742129,-82.83129539,44.40708334,-89.77145833,1.0,1.0,5.0,2.0,16.574187523725264,16.679272144208667,3.0
55.0,39.0,23.0,8.055507266271924,140292000000.0,105824000000.0,5892539.0,11756058.0,236809357332.0,445930792056.0,0.0,0.0,0.0,0.0,0.0,0.0,0.0,2.0,0.0,44.40708334,-89.77145833,40.31742129,-82.83129539,1.0,1.0,2.0,5.0,16.679272144208667,16.574187523725264,3.0
40.0,5.0,9.0,4.855115389685758,177664000000.0,134661000000.0,4019800.0,3045637.0,132372014000.0,95572089060.0,0.0,1.0,25.903159962950642,25.626026346146176,25.385043173745792,25.626026346146176,1.5800328686463851,2.0,2.0,35.50185248,-97.25333439,34.91154416,-92.43423888,1.0,1.0,3.0,1.0,17.275428672333067,16.34192872200948,3.0
5.0,40.0,9.0,4.855115389685758,134661000000.0,177664000000.0,3045637.0,4019800.0,95572089060.0,132372014000.0,0.0,1.0,25.903159962950642,25.626026346146176,25.385043173745792,25.626026346146176,1.5800328686463851,2.0,2.0,34.91154416,-92.43423888,35.50185248,-97.25333439,1.0,1.0,1.0,3.0,16.34192872200948,17.275428672333067,3.0
40.0,6.0,560.0,23.61153366818669,177664000000.0,403671000000.0,4019800.0,39029342.0,132372014000.0,1821148127062.0,0.0,0.0,0.0,0.0,0.0,0.0,0.0,1.0,0.0,35.50185248,-97.25333439,37.83798795,-120.7490147,1.0,0.0,3.0,6.0,17.275428672333067,31.30033897737643,2.0
6.0,40.0,560.0,23.61153366818669,403671000000.0,177664000000.0,39029342.0,4019800.0,1821148127062.0,132372014000.0,0.0,0.0,0.0,0.0,0.0,0.0,0.0,1.0,0.0,37.83798795,-120.7490147,35.50185248,-97.25333439,0.0,1.0,6.0,3.0,31.30033897737643,17.275428672333067,2.0
40.0,8.0,1.0,8.922152914473472,177664000000.0,268419000000.0,4019800.0,5839926.0,132372014000.0,286571008746.0,0.0,1.0,25.903159962950642,26.315815029404327,25.385043173745792,26.315815029404327,2.1885372755945602,2.0,2.0,35.50185248,-97.25333439,38.92883319,-105.4910899,1.0,1.0,3.0,2.0,17.275428672333067,20.380646878843788,4.0
8.0,40.0,1.0,8.922152914473472,268419000000.0,177664000000.0,5839926.0,4019800.0,286571008746.0,132372014000.0,0.0,1.0,25.903159962950642,26.315815029404327,25.385043173745792,26.315815029404327,2.1885372755945602,2.0,2.0,38.92883319,-105.4910899,35.50185248,-97.25333439,1.0,1.0,2.0,3.0,20.380646878843788,17.275428672333067,4.0
40.0,9.0,4.0,25.346882074692942,177664000000.0,12541688516.0,4019800.0,3626205.0,132372014000.0,187043280105.0,0.0,0.0,0.0,0.0,0.0,0.0,0.0,1.0,0.0,35.50185248,-97.25333439,41.59547524,-72.64983479,1.0,0.0,3.0,3.0,17.275428672333067,22.075904617027604,4.0
9.0,40.0,4.0,25.346882074692942,12541688516.0,177664000000.0,3626205.0,4019800.0,187043280105.0,132372014000.0,0.0,0.0,0.0,0.0,0.0,0.0,0.0,1.0,0.0,41.59547524,-72.64983479,35.50185248,-97.25333439,0.0,1.0,3.0,3.0,22.075904617027604,17.275428672333067,4.0
40.0,13.0,6.0,13.939991929308786,177664000000.0,149486000000.0,4019800.0,10912876.0,132372014000.0,418814355128.0,0.0,0.0,0.0,0.0,0.0,0.0,0.0,1.0,0.0,35.50185248,-97.25333439,32.8067682,-83.57635023,1.0,0.0,3.0,3.0,17.275428672333067,17.725298242771597,4.0
13.0,40.0,6.0,13.939991929308786,149486000000.0,177664000000.0,10912876.0,4019800.0,418814355128.0,132372014000.0,0.0,0.0,0.0,0.0,0.0,0.0,0.0,1.0,0.0,32.8067682,-83.57635023,35.50185248,-97.25333439,0.0,1.0,3.0,3.0,17.725298242771597,17.275428672333067,4.0
40.0,18.0,1.0,11.855934914823159,177664000000.0,92788998225.0,4019800.0,6833037.0,132372014000.0,245880003408.0,0.0,0.0,0.0,0.0,0.0,0.0,0.0,2.0,0.0,35.50185248,-97.25333439,39.83861922,-86.21904026,1.0,1.0,3.0,4.0,17.275428672333067,15.783365211857229,4.0
18.0,40.0,1.0,11.855934914823159,92788998225.0,177664000000.0,6833037.0,4019800.0,245880003408.0,132372014000.0,0.0,0.0,0.0,0.0,0.0,0.0,0.0,2.0,0.0,39.83861922,-86.21904026,35.50185248,-97.25333439,1.0,1.0,4.0,3.0,15.783365211857229,17.275428672333067,4.0
40.0,19.0,17.0,7.547094187456905,177664000000.0,144660000000.0,4019800.0,3200517.0,132372014000.0,124554520089.0,0.0,0.0,0.0,0.0,0.0,0.0,0.0,2.0,0.0,35.50185248,-97.25333439,42.02990262,-93.4660937,1.0,1.0,3.0,1.0,17.275428672333067,16.209381226558154,4.0
19.0,40.0,17.0,7.547094187456905,144660000000.0,177664000000.0,3200517.0,4019800.0,124554520089.0,132372014000.0,0.0,0.0,0.0,0.0,0.0,0.0,0.0,2.0,0.0,42.02990262,-93.4660937,35.50185248,-97.25333439,1.0,1.0,1.0,3.0,16.209381226558154,17.275428672333067,4.0
40.0,21.0,7.0,12.23664326432146,177664000000.0,102283000000.0,4019800.0,4512310.0,132372014000.0,153328293800.0,0.0,0.0,0.0,0.0,0.0,0.0,0.0,2.0,0.0,35.50185248,-97.25333439,37.62171898,-85.20171191,1.0,1.0,3.0,3.0,17.275428672333067,15.95009217326982,4.0
21.0,40.0,7.0,12.23664326432146,102283000000.0,177664000000.0,4512310.0,4019800.0,153328293800.0,132372014000.0,0.0,0.0,0.0,0.0,0.0,0.0,0.0,2.0,0.0,37.62171898,-85.20171191,35.50185248,-97.25333439,1.0,1.0,3.0,3.0,15.95009217326982,17.275428672333067,4.0
40.0,23.0,1.0,29.231940515998577,177664000000.0,79888428972.0,4019800.0,1385340.0,132372014000.0,57059383920.0,0.0,0.0,0.0,0.0,0.0,0.0,0.0,1.0,0.0,35.50185248,-97.25333439,44.67621581,-69.49838161,1.0,0.0,3.0,1.0,17.275428672333067,25.498182378239225,4.0
23.0,40.0,1.0,29.231940515998577,79888428972.0,177664000000.0,1385340.0,4019800.0,57059383920.0,132372014000.0,0.0,0.0,0.0,0.0,0.0,0.0,0.0,1.0,0.0,44.67621581,-69.49838161,35.50185248,-97.25333439,0.0,1.0,1.0,3.0,25.498182378239225,17.275428672333067,4.0
40.0,24.0,1.0,20.86777634174368,177664000000.0,25151895765.0,4019800.0,6164660.0,132372014000.0,303523199760.0,0.0,0.0,0.0,0.0,0.0,0.0,0.0,1.0,0.0,35.50185248,-97.25333439,39.0026629,-76.68130445,1.0,0.0,3.0,3.0,17.275428672333067,19.12502906003085,4.0
24.0,40.0,1.0,20.86777634174368,25151895765.0,177664000000.0,6164660.0,4019800.0,303523199760.0,132372014000.0,0.0,0.0,0.0,0.0,0.0,0.0,0.0,1.0,0.0,39.0026629,-76.68130445,35.50185248,-97.25333439,0.0,1.0,3.0,3.0,19.12502906003085,17.275428672333067,4.0
40.0,26.0,1.0,14.77778649763161,177664000000.0,146615000000.0,4019800.0,10034118.0,132372014000.0,382811635818.0,0.0,0.0,0.0,0.0,0.0,0.0,0.0,2.0,0.0,35.50185248,-97.25333439,44.04901725,-85.19808872,1.0,1.0,3.0,3.0,17.275428672333067,17.01071464423954,4.0
26.0,40.0,1.0,14.77778649763161,146615000000.0,177664000000.0,10034118.0,4019800.0,382811635818.0,132372014000.0,0.0,0.0,0.0,0.0,0.0,0.0,0.0,2.0,0.0,44.04901725,-85.19808872,35.50185248,-97.25333439,1.0,1.0,3.0,3.0,17.01071464423954,17.275428672333067,4.0
40.0,29.0,4.0,5.609749249361309,177664000000.0,178053000000.0,4019800.0,6177957.0,132372014000.0,226360344480.0,0.0,1.0,25.903159962950642,25.905347095727915,25.385043173745792,25.52344343953564,1.7245060214521148,2.0,2.0,35.50185248,-97.25333439,38.45001591,-92.480744,1.0,1.0,3.0,3.0,17.275428672333067,15.754454007112106,3.0
29.0,40.0,4.0,5.609749249361309,178053000000.0,177664000000.0,6177957.0,4019800.0,226360344480.0,132372014000.0,0.0,1.0,25.903159962950642,25.905347095727915,25.385043173745792,25.52344343953564,1.7245060214521148,2.0,2.0,38.45001591,-92.480744,35.50185248,-97.25333439,1.0,1.0,3.0,3.0,15.754454007112106,17.275428672333067,3.0
40.0,31.0,7.0,6.0863199177695995,177664000000.0,198957000000.0,4019800.0,1967923.0,132372014000.0,76743093231.0,0.0,0.0,0.0,0.0,0.0,0.0,0.0,2.0,0.0,35.50185248,-97.25333439,41.32123795,-99.03604101,1.0,1.0,3.0,2.0,17.275428672333067,17.515895874182647,4.0
31.0,40.0,7.0,6.0863199177695995,198957000000.0,177664000000.0,1967923.0,4019800.0,76743093231.0,132372014000.0,0.0,0.0,0.0,0.0,0.0,0.0,0.0,2.0,0.0,41.32123795,-99.03604101,35.50185248,-97.25333439,1.0,1.0,2.0,3.0,17.515895874182647,17.275428672333067,4.0
40.0,32.0,9.0,20.647778025408375,177664000000.0,284537000000.0,4019800.0,3177772.0,132372014000.0,121336868276.0,0.0,0.0,0.0,0.0,0.0,0.0,0.0,2.0,0.0,35.50185248,-97.25333439,39.24605215,-117.5587944,1.0,1.0,3.0,2.0,17.275428672333067,28.534917328530877,4.0
32.0,40.0,9.0,20.647778025408375,284537000000.0,177664000000.0,3177772.0,4019800.0,121336868276.0,132372014000.0,0.0,0.0,0.0,0.0,0.0,0.0,0.0,2.0,0.0,39.24605215,-117.5587944,35.50185248,-97.25333439,1.0,1.0,2.0,3.0,28.534917328530877,17.275428672333067,4.0
40.0,36.0,1.0,22.889761561060684,177664000000.0,122050000000.0,4019800.0,19677151.0,132372014000.0,933110177571.0,0.0,0.0,0.0,0.0,0.0,0.0,0.0,1.0,0.0,35.50185248,-97.25333439,42.55441095,-75.47714089,1.0,0.0,3.0,5.0,17.275428672333067,20.306235500394656,4.0
36.0,40.0,1.0,22.889761561060684,122050000000.0,177664000000.0,19677151.0,4019800.0,933110177571.0,132372014000.0,0.0,0.0,0.0,0.0,0.0,0.0,0.0,1.0,0.0,42.55441095,-75.47714089,35.50185248,-97.25333439,0.0,1.0,5.0,3.0,20.306235500394656,17.275428672333067,4.0
40.0,39.0,6.0,15.204766090978387,177664000000.0,105824000000.0,4019800.0,11756058.0,132372014000.0,445930792056.0,0.0,0.0,0.0,0.0,0.0,0.0,0.0,2.0,0.0,35.50185248,-97.25333439,40.31742129,-82.83129539,1.0,1.0,3.0,5.0,17.275428672333067,16.574187523725264,4.0
39.0,40.0,6.0,15.204766090978387,105824000000.0,177664000000.0,11756058.0,4019800.0,445930792056.0,132372014000.0,0.0,0.0,0.0,0.0,0.0,0.0,0.0,2.0,0.0,40.31742129,-82.83129539,35.50185248,-97.25333439,1.0,1.0,5.0,3.0,16.574187523725264,17.275428672333067,4.0
40.0,40.0,3506.0,1.0,177664000000.0,177664000000.0,4019800.0,4019800.0,132372014000.0,132372014000.0,1.0,0.0,0.0,0.0,0.0,0.0,0.0,2.0,0.0,35.50185248,-97.25333439,35.50185248,-97.25333439,1.0,1.0,3.0,3.0,17.275428672333067,17.275428672333067,2.0
40.0,40.0,3506.0,1.0,177664000000.0,177664000000.0,4019800.0,4019800.0,132372014000.0,132372014000.0,1.0,0.0,0.0,0.0,0.0,0.0,0.0,2.0,0.0,35.50185248,-97.25333439,35.50185248,-97.25333439,1.0,1.0,3.0,3.0,17.275428672333067,17.275428672333067,2.0
40.0,47.0,2.0,11.151285166795997,177664000000.0,106792000000.0,4019800.0,7051339.0,132372014000.0,258812346656.0,0.0,0.0,0.0,0.0,0.0,0.0,0.0,2.0,0.0,35.50185248,-97.25333439,35.88471808,-86.10862377,1.0,1.0,3.0,4.0,17.275428672333067,16.086867263002663,4.0
47.0,40.0,2.0,11.151285166795997,106792000000.0,177664000000.0,7051339.0,4019800.0,258812346656.0,132372014000.0,0.0,0.0,0.0,0.0,0.0,0.0,0.0,2.0,0.0,35.88471808,-86.10862377,35.50185248,-97.25333439,1.0,1.0,4.0,3.0,16.086867263002663,17.275428672333067,4.0
40.0,48.0,5961.0,4.090329019379754,177664000000.0,676681000000.0,4019800.0,30029572.0,132372014000.0,1144817373356.0,0.0,1.0,25.903159962950642,27.240465802355804,25.385043173745792,25.394148854299843,1.4086254116553238,1.0,1.0,35.50185248,-97.25333439,31.65818605,-98.65226965,1.0,0.0,3.0,9.0,17.275428672333067,19.151923784122165,2.0
48.0,40.0,5961.0,4.090329019379754,676681000000.0,177664000000.0,30029572.0,4019800.0,1144817373356.0,132372014000.0,0.0,1.0,25.903159962950642,27.240465802355804,25.385043173745792,25.394148854299843,1.4086254116553238,1.0,1.0,31.65818605,-98.65226965,35.50185248,-97.25333439,0.0,1.0,9.0,3.0,19.151923784122165,17.275428672333067,2.0
40.0,48.0,1513.0,4.090329019379754,177664000000.0,676681000000.0,4019800.0,30029572.0,132372014000.0,1144817373356.0,0.0,1.0,25.903159962950642,27.240465802355804,25.385043173745792,25.394148854299843,1.4086254116553238,1.0,1.0,35.50185248,-97.25333439,31.65818605,-98.65226965,1.0,0.0,3.0,9.0,17.275428672333067,19.151923784122165,4.0
48.0,40.0,1513.0,4.090329019379754,676681000000.0,177664000000.0,30029572.0,4019800.0,1144817373356.0,132372014000.0,0.0,1.0,25.903159962950642,27.240465802355804,25.385043173745792,25.394148854299843,1.4086254116553238,1.0,1.0,31.65818605,-98.65226965,35.50185248,-97.25333439,0.0,1.0,9.0,3.0,19.151923784122165,17.275428672333067,4.0
41.0,2.0,6.0,20.390870352666415,248628000000.0,1346080000000.0,4240137.0,733583.0,180095578938.0,31583682482.0,0.0,0.0,0.0,0.0,0.0,0.0,0.0,0.0,0.0,44.49389908,-121.4848871,60.0718779,-134.6421729,0.0,0.0,2.0,1.0,32.15540936730309,48.848668515079495,3.0
2.0,41.0,6.0,20.390870352666415,1346080000000.0,248628000000.0,733583.0,4240137.0,31583682482.0,180095578938.0,0.0,0.0,0.0,0.0,0.0,0.0,0.0,0.0,0.0,60.0718779,-134.6421729,44.49389908,-121.4848871,0.0,0.0,1.0,2.0,48.848668515079495,32.15540936730309,3.0
41.0,4.0,29.0,14.739684502993095,248628000000.0,294361000000.0,4240137.0,7359197.0,180095578938.0,293035865343.0,0.0,0.0,0.0,0.0,0.0,0.0,0.0,1.0,0.0,44.49389908,-121.4848871,33.67825359,-111.4708913,0.0,1.0,2.0,3.0,32.15540936730309,25.018609812195567,3.0
4.0,41.0,29.0,14.739684502993095,294361000000.0,248628000000.0,7359197.0,4240137.0,293035865343.0,180095578938.0,0.0,0.0,0.0,0.0,0.0,0.0,0.0,1.0,0.0,33.67825359,-111.4708913,44.49389908,-121.4848871,1.0,0.0,3.0,2.0,25.018609812195567,32.15540936730309,3.0
41.0,6.0,149.0,6.6964663188535205,248628000000.0,403671000000.0,4240137.0,39029342.0,180095578938.0,1821148127062.0,0.0,1.0,26.239223640412757,26.723866026703586,25.903159962950642,26.723866026703586,1.9015799721681665,0.0,0.0,44.49389908,-121.4848871,37.83798795,-120.7490147,0.0,0.0,2.0,6.0,32.15540936730309,31.30033897737643,3.0
6.0,41.0,149.0,6.6964663188535205,403671000000.0,248628000000.0,39029342.0,4240137.0,1821148127062.0,180095578938.0,0.0,1.0,26.239223640412757,26.723866026703586,25.903159962950642,26.723866026703586,1.9015799721681665,0.0,0.0,37.83798795,-120.7490147,44.49389908,-121.4848871,0.0,0.0,6.0,2.0,31.30033897737643,32.15540936730309,3.0
41.0,13.0,21.0,39.669209669848456,248628000000.0,149486000000.0,4240137.0,10912876.0,180095578938.0,418814355128.0,0.0,0.0,0.0,0.0,0.0,0.0,0.0,0.0,0.0,44.49389908,-121.4848871,32.8067682,-83.57635023,0.0,0.0,2.0,3.0,32.15540936730309,17.725298242771597,3.0
13.0,41.0,21.0,39.669209669848456,149486000000.0,248628000000.0,10912876.0,4240137.0,418814355128.0,180095578938.0,0.0,0.0,0.0,0.0,0.0,0.0,0.0,0.0,0.0,32.8067682,-83.57635023,44.49389908,-121.4848871,0.0,0.0,3.0,2.0,17.725298242771597,32.15540936730309,3.0
41.0,26.0,17.0,36.289525437974994,248628000000.0,146615000000.0,4240137.0,10034118.0,180095578938.0,382811635818.0,0.0,0.0,0.0,0.0,0.0,0.0,0.0,1.0,0.0,44.49389908,-121.4848871,44.04901725,-85.19808872,0.0,1.0,2.0,3.0,32.15540936730309,17.01071464423954,3.0
26.0,41.0,17.0,36.289525437974994,146615000000.0,248628000000.0,10034118.0,4240137.0,382811635818.0,180095578938.0,0.0,0.0,0.0,0.0,0.0,0.0,0.0,1.0,0.0,44.04901725,-85.19808872,44.49389908,-121.4848871,1.0,0.0,3.0,2.0,17.01071464423954,32.15540936730309,3.0
41.0,29.0,31.0,29.627163899669615,248628000000.0,178053000000.0,4240137.0,6177957.0,180095578938.0,226360344480.0,0.0,0.0,0.0,0.0,0.0,0.0,0.0,1.0,0.0,44.49389908,-121.4848871,38.45001591,-92.480744,0.0,1.0,2.0,3.0,32.15540936730309,15.754454007112106,3.0
29.0,41.0,31.0,29.627163899669615,178053000000.0,248628000000.0,6177957.0,4240137.0,226360344480.0,180095578938.0,0.0,0.0,0.0,0.0,0.0,0.0,0.0,1.0,0.0,38.45001591,-92.480744,44.49389908,-121.4848871,1.0,0.0,3.0,2.0,15.754454007112106,32.15540936730309,3.0
41.0,34.0,21.0,47.05297502892303,248628000000.0,19048737655.0,4240137.0,9261699.0,180095578938.0,474865831128.0,0.0,0.0,0.0,0.0,0.0,0.0,0.0,0.0,0.0,44.49389908,-121.4848871,40.2804298,-74.62094429,0.0,0.0,2.0,2.0,32.15540936730309,20.49985798951152,3.0
34.0,41.0,21.0,47.05297502892303,19048737655.0,248628000000.0,9261699.0,4240137.0,474865831128.0,180095578938.0,0.0,0.0,0.0,0.0,0.0,0.0,0.0,0.0,0.0,40.2804298,-74.62094429,44.49389908,-121.4848871,0.0,0.0,2.0,2.0,20.49985798951152,32.15540936730309,3.0
41.0,37.0,14.0,42.90961402010616,248628000000.0,125933000000.0,4240137.0,10698973.0,180095578938.0,414060954073.0,0.0,0.0,0.0,0.0,0.0,0.0,0.0,0.0,0.0,44.49389908,-121.4848871,35.62288795,-79.50227002,0.0,0.0,2.0,4.0,32.15540936730309,18.22812437748468,3.0
37.0,41.0,14.0,42.90961402010616,125933000000.0,248628000000.0,10698973.0,4240137.0,414060954073.0,180095578938.0,0.0,0.0,0.0,0.0,0.0,0.0,0.0,0.0,0.0,35.62288795,-79.50227002,44.49389908,-121.4848871,0.0,0.0,4.0,2.0,18.22812437748468,32.15540936730309,3.0
41.0,41.0,560.0,1.0,248628000000.0,248628000000.0,4240137.0,4240137.0,180095578938.0,180095578938.0,1.0,0.0,0.0,0.0,0.0,0.0,0.0,0.0,0.0,44.49389908,-121.4848871,44.49389908,-121.4848871,0.0,0.0,2.0,2.0,32.15540936730309,32.15540936730309,3.0
41.0,41.0,560.0,1.0,248628000000.0,248628000000.0,4240137.0,4240137.0,180095578938.0,180095578938.0,1.0,0.0,0.0,0.0,0.0,0.0,0.0,0.0,0.0,44.49389908,-121.4848871,44.49389908,-121.4848871,0.0,0.0,2.0,2.0,32.15540936730309,32.15540936730309,3.0
41.0,42.0,22.0,44.02078184679652,248628000000.0,115882000000.0,4240137.0,12972008.0,180095578938.0,538195639912.0,0.0,0.0,0.0,0.0,0.0,0.0,0.0,1.0,0.0,44.49389908,-121.4848871,40.82029613,-77.61765701,0.0,1.0,2.0,4.0,32.15540936730309,18.7216652918346,3.0
42.0,41.0,22.0,44.02078184679652,115882000000.0,248628000000.0,12972008.0,4240137.0,538195639912.0,180095578938.0,0.0,0.0,0.0,0.0,0.0,0.0,0.0,1.0,0.0,40.82029613,-77.61765701,44.49389908,-121.4848871,1.0,0.0,4.0,2.0,18.7216652918346,32.15540936730309,3.0
41.0,47.0,8.0,36.408762745859185,248628000000.0,106792000000.0,4240137.0,7051339.0,180095578938.0,258812346656.0,0.0,0.0,0.0,0.0,0.0,0.0,0.0,1.0,0.0,44.49389908,-121.4848871,35.88471808,-86.10862377,0.0,1.0,2.0,4.0,32.15540936730309,16.086867263002663,3.0
47.0,41.0,8.0,36.408762745859185,106792000000.0,248628000000.0,7051339.0,4240137.0,258812346656.0,180095578938.0,0.0,0.0,0.0,0.0,0.0,0.0,0.0,1.0,0.0,35.88471808,-86.10862377,44.49389908,-121.4848871,1.0,0.0,4.0,2.0,16.086867263002663,32.15540936730309,3.0
41.0,48.0,18.0,26.193204244737913,248628000000.0,676681000000.0,4240137.0,30029572.0,180095578938.0,1144817373356.0,0.0,0.0,0.0,0.0,0.0,0.0,0.0,0.0,0.0,44.49389908,-121.4848871,31.65818605,-98.65226965,0.0,0.0,2.0,9.0,32.15540936730309,19.151923784122165,3.0
48.0,41.0,18.0,26.193204244737913,676681000000.0,248628000000.0,30029572.0,4240137.0,1144817373356.0,180095578938.0,0.0,0.0,0.0,0.0,0.0,0.0,0.0,0.0,0.0,31.65818605,-98.65226965,44.49389908,-121.4848871,0.0,0.0,9.0,2.0,19.151923784122165,32.15540936730309,3.0
41.0,51.0,20.0,43.52716341718057,248628000000.0,102258000000.0,4240137.0,8683619.0,180095578938.0,409858133181.0,0.0,0.0,0.0,0.0,0.0,0.0,0.0,0.0,0.0,44.49389908,-121.4848871,37.56542632,-78.51268422,0.0,0.0,2.0,4.0,32.15540936730309,18.272475748303947,3.0
51.0,41.0,20.0,43.52716341718057,102258000000.0,248628000000.0,8683619.0,4240137.0,409858133181.0,180095578938.0,0.0,0.0,0.0,0.0,0.0,0.0,0.0,0.0,0.0,37.56542632,-78.51268422,44.49389908,-121.4848871,0.0,0.0,4.0,2.0,18.272475748303947,32.15540936730309,3.0
41.0,53.0,404.0,2.8445225402523473,248628000000.0,172118000000.0,4240137.0,7785786.0,180095578938.0,395237640504.0,0.0,1.0,26.239223640412757,25.87144612504916,25.903159962950642,25.350764868417567,1.0453952293298663,0.0,0.0,44.49389908,-121.4848871,47.23708702,-120.7324056,0.0,0.0,2.0,3.0,32.15540936730309,32.15883372214054,3.0
53.0,41.0,404.0,2.8445225402523473,172118000000.0,248628000000.0,7785786.0,4240137.0,395237640504.0,180095578938.0,0.0,1.0,26.239223640412757,25.87144612504916,25.903159962950642,25.350764868417567,1.0453952293298663,0.0,0.0,47.23708702,-120.7324056,44.49389908,-121.4848871,0.0,0.0,3.0,2.0,32.15883372214054,32.15540936730309,3.0
42.0,5.0,1.0,15.951314934932212,115882000000.0,134661000000.0,12972008.0,3045637.0,538195639912.0,95572089060.0,0.0,0.0,0.0,0.0,0.0,0.0,0.0,2.0,0.0,40.82029613,-77.61765701,34.91154416,-92.43423888,1.0,1.0,4.0,1.0,18.7216652918346,16.34192872200948,3.0
5.0,42.0,1.0,15.951314934932212,134661000000.0,115882000000.0,3045637.0,12972008.0,95572089060.0,538195639912.0,0.0,0.0,0.0,0.0,0.0,0.0,0.0,2.0,0.0,34.91154416,-92.43423888,40.82029613,-77.61765701,1.0,1.0,1.0,4.0,16.34192872200948,18.7216652918346,3.0
42.0,9.0,141.0,5.027937973176095,115882000000.0,12541688516.0,12972008.0,3626205.0,538195639912.0,187043280105.0,0.0,0.0,0.0,0.0,0.0,0.0,0.0,1.0,0.0,40.82029613,-77.61765701,41.59547524,-72.64983479,1.0,0.0,4.0,3.0,18.7216652918346,22.075904617027604,3.0
9.0,42.0,141.0,5.027937973176095,12541688516.0,115882000000.0,3626205.0,12972008.0,187043280105.0,538195639912.0,0.0,0.0,0.0,0.0,0.0,0.0,0.0,1.0,0.0,41.59547524,-72.64983479,40.82029613,-77.61765701,0.0,1.0,3.0,4.0,22.075904617027604,18.7216652918346,3.0
42.0,10.0,7.0,2.7227794852666345,115882000000.0,5046731558.0,12972008.0,1018396.0,538195639912.0,43354136116.0,0.0,1.0,25.47583826893231,22.342006654461212,26.239223640412757,22.342006654461212,1.0016532281379171,1.0,1.0,40.82029613,-77.61765701,39.11541037,-75.49471267,1.0,0.0,4.0,2.0,18.7216652918346,19.894362036037933,3.0
10.0,42.0,7.0,2.7227794852666345,5046731558.0,115882000000.0,1018396.0,12972008.0,43354136116.0,538195639912.0,0.0,1.0,25.47583826893231,22.342006654461212,26.239223640412757,22.342006654461212,1.0016532281379171,1.0,1.0,39.11541037,-75.49471267,40.82029613,-77.61765701,0.0,1.0,2.0,4.0,19.894362036037933,18.7216652918346,3.0
42.0,10.0,67.0,2.7227794852666345,115882000000.0,5046731558.0,12972008.0,1018396.0,538195639912.0,43354136116.0,0.0,1.0,25.47583826893231,22.342006654461212,26.239223640412757,22.342006654461212,1.0016532281379171,1.0,1.0,40.82029613,-77.61765701,39.11541037,-75.49471267,1.0,0.0,4.0,2.0,18.7216652918346,19.894362036037933,4.0
10.0,42.0,67.0,2.7227794852666345,5046731558.0,115882000000.0,1018396.0,12972008.0,43354136116.0,538195639912.0,0.0,1.0,25.47583826893231,22.342006654461212,26.239223640412757,22.342006654461212,1.0016532281379171,1.0,1.0,39.11541037,-75.49471267,40.82029613,-77.61765701,0.0,1.0,2.0,4.0,19.894362036037933,18.7216652918346,4.0
42.0,12.0,30.0,12.931606983885374,115882000000.0,138958000000.0,12972008.0,22244823.0,538195639912.0,895976980794.0,0.0,0.0,0.0,0.0,0.0,0.0,0.0,1.0,0.0,40.82029613,-77.61765701,28.93181099,-82.70591607,1.0,0.0,4.0,5.0,18.7216652918346,20.207697261419515,4.0
12.0,42.0,30.0,12.931606983885374,138958000000.0,115882000000.0,22244823.0,12972008.0,895976980794.0,538195639912.0,0.0,0.0,0.0,0.0,0.0,0.0,0.0,1.0,0.0,28.93181099,-82.70591607,40.82029613,-77.61765701,0.0,1.0,5.0,4.0,20.207697261419515,18.7216652918346,4.0
42.0,13.0,50.0,9.986123110344879,115882000000.0,149486000000.0,12972008.0,10912876.0,538195639912.0,418814355128.0,0.0,0.0,0.0,0.0,0.0,0.0,0.0,1.0,0.0,40.82029613,-77.61765701,32.8067682,-83.57635023,1.0,0.0,4.0,3.0,18.7216652918346,17.725298242771597,4.0
13.0,42.0,50.0,9.986123110344879,149486000000.0,115882000000.0,10912876.0,12972008.0,418814355128.0,538195639912.0,0.0,0.0,0.0,0.0,0.0,0.0,0.0,1.0,0.0,32.8067682,-83.57635023,40.82029613,-77.61765701,0.0,1.0,3.0,4.0,17.725298242771597,18.7216652918346,4.0
42.0,18.0,19.0,8.65722145777776,115882000000.0,92788998225.0,12972008.0,6833037.0,538195639912.0,245880003408.0,0.0,0.0,0.0,0.0,0.0,0.0,0.0,2.0,0.0,40.82029613,-77.61765701,39.83861922,-86.21904026,1.0,1.0,4.0,4.0,18.7216652918346,15.783365211857229,4.0
18.0,42.0,19.0,8.65722145777776,92788998225.0,115882000000.0,6833037.0,12972008.0,245880003408.0,538195639912.0,0.0,0.0,0.0,0.0,0.0,0.0,0.0,2.0,0.0,39.83861922,-86.21904026,40.82029613,-77.61765701,1.0,1.0,4.0,4.0,15.783365211857229,18.7216652918346,4.0
42.0,19.0,16.0,15.894530297482472,115882000000.0,144660000000.0,12972008.0,3200517.0,538195639912.0,124554520089.0,0.0,0.0,0.0,0.0,0.0,0.0,0.0,2.0,0.0,40.82029613,-77.61765701,42.02990262,-93.4660937,1.0,1.0,4.0,1.0,18.7216652918346,16.209381226558154,4.0
19.0,42.0,16.0,15.894530297482472,144660000000.0,115882000000.0,3200517.0,12972008.0,124554520089.0,538195639912.0,0.0,0.0,0.0,0.0,0.0,0.0,0.0,2.0,0.0,42.02990262,-93.4660937,40.82029613,-77.61765701,1.0,1.0,1.0,4.0,16.209381226558154,18.7216652918346,4.0
42.0,20.0,60.0,20.60042061506818,115882000000.0,211754000000.0,12972008.0,2937150.0,538195639912.0,111373790850.0,0.0,0.0,0.0,0.0,0.0,0.0,0.0,2.0,0.0,40.82029613,-77.61765701,38.48536567,-98.08532491,1.0,1.0,4.0,3.0,18.7216652918346,17.082248338214743,4.0
20.0,42.0,60.0,20.60042061506818,211754000000.0,115882000000.0,2937150.0,12972008.0,111373790850.0,538195639912.0,0.0,0.0,0.0,0.0,0.0,0.0,0.0,2.0,0.0,38.48536567,-98.08532491,40.82029613,-77.61765701,1.0,1.0,3.0,4.0,17.082248338214743,18.7216652918346,4.0
42.0,21.0,35.0,8.230964980530299,115882000000.0,102283000000.0,12972008.0,4512310.0,538195639912.0,153328293800.0,0.0,0.0,0.0,0.0,0.0,0.0,0.0,2.0,0.0,40.82029613,-77.61765701,37.62171898,-85.20171191,1.0,1.0,4.0,3.0,18.7216652918346,15.95009217326982,4.0
21.0,42.0,35.0,8.230964980530299,102283000000.0,115882000000.0,4512310.0,12972008.0,153328293800.0,538195639912.0,0.0,0.0,0.0,0.0,0.0,0.0,0.0,2.0,0.0,37.62171898,-85.20171191,40.82029613,-77.61765701,1.0,1.0,3.0,4.0,15.95009217326982,18.7216652918346,4.0
42.0,23.0,10.0,8.988367460204136,115882000000.0,79888428972.0,12972008.0,1385340.0,538195639912.0,57059383920.0,0.0,0.0,0.0,0.0,0.0,0.0,0.0,1.0,0.0,40.82029613,-77.61765701,44.67621581,-69.49838161,1.0,0.0,4.0,1.0,18.7216652918346,25.498182378239225,3.0
23.0,42.0,10.0,8.988367460204136,79888428972.0,115882000000.0,1385340.0,12972008.0,57059383920.0,538195639912.0,0.0,0.0,0.0,0.0,0.0,0.0,0.0,1.0,0.0,44.67621581,-69.49838161,40.82029613,-77.61765701,0.0,1.0,1.0,4.0,25.498182378239225,18.7216652918346,3.0
42.0,23.0,24.0,8.988367460204136,115882000000.0,79888428972.0,12972008.0,1385340.0,538195639912.0,57059383920.0,0.0,0.0,0.0,0.0,0.0,0.0,0.0,1.0,0.0,40.82029613,-77.61765701,44.67621581,-69.49838161,1.0,0.0,4.0,1.0,18.7216652918346,25.498182378239225,4.0
23.0,42.0,24.0,8.988367460204136,79888428972.0,115882000000.0,1385340.0,12972008.0,57059383920.0,538195639912.0,0.0,0.0,0.0,0.0,0.0,0.0,0.0,1.0,0.0,44.67621581,-69.49838161,40.82029613,-77.61765701,0.0,1.0,1.0,4.0,25.498182378239225,18.7216652918346,4.0
42.0,24.0,340.0,2.044638519498939,115882000000.0,25151895765.0,12972008.0,6164660.0,538195639912.0,303523199760.0,0.0,1.0,25.47583826893231,23.948199108981374,26.239223640412757,25.103896860357782,0.7152210107891269,1.0,1.0,40.82029613,-77.61765701,39.0026629,-76.68130445,1.0,0.0,4.0,3.0,18.7216652918346,19.12502906003085,4.0
24.0,42.0,340.0,2.044638519498939,25151895765.0,115882000000.0,6164660.0,12972008.0,303523199760.0,538195639912.0,0.0,1.0,25.47583826893231,23.948199108981374,26.239223640412757,25.103896860357782,0.7152210107891269,1.0,1.0,39.0026629,-76.68130445,40.82029613,-77.61765701,0.0,1.0,3.0,4.0,19.12502906003085,18.7216652918346,4.0
42.0,25.0,28.0,6.299841863516784,115882000000.0,20204396898.0,12972008.0,6981974.0,538195639912.0,377201145350.0,0.0,0.0,0.0,0.0,0.0,0.0,0.0,1.0,0.0,40.82029613,-77.61765701,42.10673796,-71.45056086,1.0,0.0,4.0,2.0,18.7216652918346,23.121420198899447,4.0
25.0,42.0,28.0,6.299841863516784,20204396898.0,115882000000.0,6981974.0,12972008.0,377201145350.0,538195639912.0,0.0,0.0,0.0,0.0,0.0,0.0,0.0,1.0,0.0,42.10673796,-71.45056086,40.82029613,-77.61765701,0.0,1.0,2.0,4.0,23.121420198899447,18.7216652918346,4.0
42.0,26.0,22.0,8.239392270107519,115882000000.0,146615000000.0,12972008.0,10034118.0,538195639912.0,382811635818.0,0.0,0.0,0.0,0.0,0.0,0.0,0.0,2.0,0.0,40.82029613,-77.61765701,44.04901725,-85.19808872,1.0,1.0,4.0,3.0,18.7216652918346,17.01071464423954,4.0
26.0,42.0,22.0,8.239392270107519,146615000000.0,115882000000.0,10034118.0,12972008.0,382811635818.0,538195639912.0,0.0,0.0,0.0,0.0,0.0,0.0,0.0,2.0,0.0,44.04901725,-85.19808872,40.82029613,-77.61765701,1.0,1.0,3.0,4.0,17.01071464423954,18.7216652918346,4.0
42.0,27.0,121.0,17.465831402087883,115882000000.0,206232000000.0,12972008.0,5717184.0,538195639912.0,257393340864.0,0.0,0.0,0.0,0.0,0.0,0.0,0.0,2.0,0.0,40.82029613,-77.61765701,45.54670036,-94.4318287,1.0,1.0,4.0,2.0,18.7216652918346,17.499573988722897,4.0
27.0,42.0,121.0,17.465831402087883,206232000000.0,115882000000.0,5717184.0,12972008.0,257393340864.0,538195639912.0,0.0,0.0,0.0,0.0,0.0,0.0,0.0,2.0,0.0,45.54670036,-94.4318287,40.82029613,-77.61765701,1.0,1.0,2.0,4.0,17.499573988722897,18.7216652918346,4.0
42.0,33.0,9.0,6.598369871384354,115882000000.0,23190113978.0,12972008.0,1395231.0,538195639912.0,68758378911.0,0.0,0.0,0.0,0.0,0.0,0.0,0.0,1.0,0.0,40.82029613,-77.61765701,43.47455644,-71.57668133,1.0,0.0,4.0,2.0,18.7216652918346,23.322033096551305,4.0
33.0,42.0,9.0,6.598369871384354,23190113978.0,115882000000.0,1395231.0,12972008.0,68758378911.0,538195639912.0,0.0,0.0,0.0,0.0,0.0,0.0,0.0,1.0,0.0,43.47455644,-71.57668133,40.82029613,-77.61765701,0.0,1.0,2.0,4.0,23.322033096551305,18.7216652918346,4.0
42.0,34.0,435.0,3.044953658182256,115882000000.0,19048737655.0,12972008.0,9261699.0,538195639912.0,474865831128.0,0.0,1.0,25.47583826893231,23.670266671494115,26.239223640412757,23.86699190316512,1.1134856820582855,1.0,1.0,40.82029613,-77.61765701,40.2804298,-74.62094429,1.0,0.0,4.0,2.0,18.7216652918346,20.49985798951152,3.0
34.0,42.0,435.0,3.044953658182256,19048737655.0,115882000000.0,9261699.0,12972008.0,474865831128.0,538195639912.0,0.0,1.0,25.47583826893231,23.670266671494115,26.239223640412757,23.86699190316512,1.1134856820582855,1.0,1.0,40.2804298,-74.62094429,40.82029613,-77.61765701,0.0,1.0,2.0,4.0,20.49985798951152,18.7216652918346,3.0
42.0,34.0,185.0,3.044953658182256,115882000000.0,19048737655.0,12972008.0,9261699.0,538195639912.0,474865831128.0,0.0,1.0,25.47583826893231,23.670266671494115,26.239223640412757,23.86699190316512,1.1134856820582855,1.0,1.0,40.82029613,-77.61765701,40.2804298,-74.62094429,1.0,0.0,4.0,2.0,18.7216652918346,20.49985798951152,4.0
34.0,42.0,185.0,3.044953658182256,19048737655.0,115882000000.0,9261699.0,12972008.0,474865831128.0,538195639912.0,0.0,1.0,25.47583826893231,23.670266671494115,26.239223640412757,23.86699190316512,1.1134856820582855,1.0,1.0,40.2804298,-74.62094429,40.82029613,-77.61765701,0.0,1.0,2.0,4.0,20.49985798951152,18.7216652918346,4.0
42.0,36.0,667.0,2.7548073378956053,115882000000.0,122050000000.0,12972008.0,19677151.0,538195639912.0,933110177571.0,0.0,1.0,25.47583826893231,25.52769663378538,26.239223640412757,26.47329238007668,1.0133475083612071,1.0,1.0,40.82029613,-77.61765701,42.55441095,-75.47714089,1.0,0.0,4.0,5.0,18.7216652918346,20.306235500394656,3.0
36.0,42.0,667.0,2.7548073378956053,122050000000.0,115882000000.0,19677151.0,12972008.0,933110177571.0,538195639912.0,0.0,1.0,25.47583826893231,25.52769663378538,26.239223640412757,26.47329238007668,1.0133475083612071,1.0,1.0,42.55441095,-75.47714089,40.82029613,-77.61765701,0.0,1.0,5.0,4.0,20.306235500394656,18.7216652918346,3.0
42.0,36.0,785.0,2.7548073378956053,115882000000.0,122050000000.0,12972008.0,19677151.0,538195639912.0,933110177571.0,0.0,1.0,25.47583826893231,25.52769663378538,26.239223640412757,26.47329238007668,1.0133475083612071,1.0,1.0,40.82029613,-77.61765701,42.55441095,-75.47714089,1.0,0.0,4.0,5.0,18.7216652918346,20.306235500394656,4.0
36.0,42.0,785.0,2.7548073378956053,122050000000.0,115882000000.0,19677151.0,12972008.0,933110177571.0,538195639912.0,0.0,1.0,25.47583826893231,25.52769663378538,26.239223640412757,26.47329238007668,1.0133475083612071,1.0,1.0,42.55441095,-75.47714089,40.82029613,-77.61765701,0.0,1.0,5.0,4.0,20.306235500394656,18.7216652918346,4.0
42.0,37.0,137.0,5.528545738889404,115882000000.0,125933000000.0,12972008.0,10698973.0,538195639912.0,414060954073.0,0.0,0.0,0.0,0.0,0.0,0.0,0.0,1.0,0.0,40.82029613,-77.61765701,35.62288795,-79.50227002,1.0,0.0,4.0,4.0,18.7216652918346,18.22812437748468,4.0
37.0,42.0,137.0,5.528545738889404,125933000000.0,115882000000.0,10698973.0,12972008.0,414060954073.0,538195639912.0,0.0,0.0,0.0,0.0,0.0,0.0,0.0,1.0,0.0,35.62288795,-79.50227002,40.82029613,-77.61765701,0.0,1.0,4.0,4.0,18.22812437748468,18.7216652918346,4.0
42.0,39.0,52.0,5.237834310296,115882000000.0,105824000000.0,12972008.0,11756058.0,538195639912.0,445930792056.0,0.0,1.0,25.47583826893231,25.385043173745792,26.239223640412757,25.90896306710736,1.6559081133393148,2.0,2.0,40.82029613,-77.61765701,40.31742129,-82.83129539,1.0,1.0,4.0,5.0,18.7216652918346,16.574187523725264,2.0
39.0,42.0,52.0,5.237834310296,105824000000.0,115882000000.0,11756058.0,12972008.0,445930792056.0,538195639912.0,0.0,1.0,25.47583826893231,25.385043173745792,26.239223640412757,25.90896306710736,1.6559081133393148,2.0,2.0,40.31742129,-82.83129539,40.82029613,-77.61765701,1.0,1.0,5.0,4.0,16.574187523725264,18.7216652918346,2.0
42.0,39.0,46.0,5.237834310296,115882000000.0,105824000000.0,12972008.0,11756058.0,538195639912.0,445930792056.0,0.0,1.0,25.47583826893231,25.385043173745792,26.239223640412757,25.90896306710736,1.6559081133393148,2.0,2.0,40.82029613,-77.61765701,40.31742129,-82.83129539,1.0,1.0,4.0,5.0,18.7216652918346,16.574187523725264,3.0
39.0,42.0,46.0,5.237834310296,105824000000.0,115882000000.0,11756058.0,12972008.0,445930792056.0,538195639912.0,0.0,1.0,25.47583826893231,25.385043173745792,26.239223640412757,25.90896306710736,1.6559081133393148,2.0,2.0,40.31742129,-82.83129539,40.82029613,-77.61765701,1.0,1.0,5.0,4.0,16.574187523725264,18.7216652918346,3.0
42.0,39.0,130.0,5.237834310296,115882000000.0,105824000000.0,12972008.0,11756058.0,538195639912.0,445930792056.0,0.0,1.0,25.47583826893231,25.385043173745792,26.239223640412757,25.90896306710736,1.6559081133393148,2.0,2.0,40.82029613,-77.61765701,40.31742129,-82.83129539,1.0,1.0,4.0,5.0,18.7216652918346,16.574187523725264,4.0
39.0,42.0,130.0,5.237834310296,105824000000.0,115882000000.0,11756058.0,12972008.0,445930792056.0,538195639912.0,0.0,1.0,25.47583826893231,25.385043173745792,26.239223640412757,25.90896306710736,1.6559081133393148,2.0,2.0,40.31742129,-82.83129539,40.82029613,-77.61765701,1.0,1.0,5.0,4.0,16.574187523725264,18.7216652918346,4.0
42.0,42.0,1586.0,1.0,115882000000.0,115882000000.0,12972008.0,12972008.0,538195639912.0,538195639912.0,1.0,0.0,0.0,0.0,0.0,0.0,0.0,2.0,0.0,40.82029613,-77.61765701,40.82029613,-77.61765701,1.0,1.0,4.0,4.0,18.7216652918346,18.7216652918346,2.0
42.0,42.0,1586.0,1.0,115882000000.0,115882000000.0,12972008.0,12972008.0,538195639912.0,538195639912.0,1.0,0.0,0.0,0.0,0.0,0.0,0.0,2.0,0.0,40.82029613,-77.61765701,40.82029613,-77.61765701,1.0,1.0,4.0,4.0,18.7216652918346,18.7216652918346,2.0
42.0,42.0,1381.0,1.0,115882000000.0,115882000000.0,12972008.0,12972008.0,538195639912.0,538195639912.0,1.0,0.0,0.0,0.0,0.0,0.0,0.0,2.0,0.0,40.82029613,-77.61765701,40.82029613,-77.61765701,1.0,1.0,4.0,4.0,18.7216652918346,18.7216652918346,3.0
42.0,42.0,1381.0,1.0,115882000000.0,115882000000.0,12972008.0,12972008.0,538195639912.0,538195639912.0,1.0,0.0,0.0,0.0,0.0,0.0,0.0,2.0,0.0,40.82029613,-77.61765701,40.82029613,-77.61765701,1.0,1.0,4.0,4.0,18.7216652918346,18.7216652918346,3.0
42.0,42.0,8611.0,1.0,115882000000.0,115882000000.0,12972008.0,12972008.0,538195639912.0,538195639912.0,1.0,0.0,0.0,0.0,0.0,0.0,0.0,2.0,0.0,40.82029613,-77.61765701,40.82029613,-77.61765701,1.0,1.0,4.0,4.0,18.7216652918346,18.7216652918346,4.0
42.0,42.0,8611.0,1.0,115882000000.0,115882000000.0,12972008.0,12972008.0,538195639912.0,538195639912.0,1.0,0.0,0.0,0.0,0.0,0.0,0.0,2.0,0.0,40.82029613,-77.61765701,40.82029613,-77.61765701,1.0,1.0,4.0,4.0,18.7216652918346,18.7216652918346,4.0
42.0,44.0,5.0,6.200949579461782,115882000000.0,2677759219.0,12972008.0,1093734.0,538195639912.0,48712724892.0,0.0,0.0,0.0,0.0,0.0,0.0,0.0,1.0,0.0,40.82029613,-77.61765701,41.62991248,-71.4697877,1.0,0.0,4.0,1.0,18.7216652918346,23.04610439644116,3.0
44.0,42.0,5.0,6.200949579461782,2677759219.0,115882000000.0,1093734.0,12972008.0,48712724892.0,538195639912.0,0.0,0.0,0.0,0.0,0.0,0.0,0.0,1.0,0.0,41.62991248,-71.4697877,40.82029613,-77.61765701,0.0,1.0,1.0,4.0,23.04610439644116,18.7216652918346,3.0
42.0,45.0,31.0,7.644648793854004,115882000000.0,77866132568.0,12972008.0,5282634.0,538195639912.0,193740601950.0,0.0,0.0,0.0,0.0,0.0,0.0,0.0,1.0,0.0,40.82029613,-77.61765701,33.95498444,-80.98041638,1.0,0.0,4.0,3.0,18.7216652918346,18.14651779597172,2.0
45.0,42.0,31.0,7.644648793854004,77866132568.0,115882000000.0,5282634.0,12972008.0,193740601950.0,538195639912.0,0.0,0.0,0.0,0.0,0.0,0.0,0.0,1.0,0.0,33.95498444,-80.98041638,40.82029613,-77.61765701,0.0,1.0,3.0,4.0,18.14651779597172,18.7216652918346,2.0
42.0,45.0,21.0,7.644648793854004,115882000000.0,77866132568.0,12972008.0,5282634.0,538195639912.0,193740601950.0,0.0,0.0,0.0,0.0,0.0,0.0,0.0,1.0,0.0,40.82029613,-77.61765701,33.95498444,-80.98041638,1.0,0.0,4.0,3.0,18.7216652918346,18.14651779597172,4.0
45.0,42.0,21.0,7.644648793854004,77866132568.0,115882000000.0,5282634.0,12972008.0,193740601950.0,538195639912.0,0.0,0.0,0.0,0.0,0.0,0.0,0.0,1.0,0.0,33.95498444,-80.98041638,40.82029613,-77.61765701,0.0,1.0,3.0,4.0,18.14651779597172,18.7216652918346,4.0
42.0,50.0,110.0,5.956829546989526,115882000000.0,23873081385.0,12972008.0,647064.0,538195639912.0,27339101064.0,0.0,0.0,0.0,0.0,0.0,0.0,0.0,2.0,0.0,40.82029613,-77.61765701,44.16028666,-72.68528623,1.0,1.0,4.0,1.0,18.7216652918346,22.684033503618167,4.0
50.0,42.0,110.0,5.956829546989526,23873081385.0,115882000000.0,647064.0,12972008.0,27339101064.0,538195639912.0,0.0,0.0,0.0,0.0,0.0,0.0,0.0,2.0,0.0,44.16028666,-72.68528623,40.82029613,-77.61765701,1.0,1.0,1.0,4.0,22.684033503618167,18.7216652918346,4.0
42.0,51.0,134.0,3.375685291417111,115882000000.0,102258000000.0,12972008.0,8683619.0,538195639912.0,409858133181.0,0.0,0.0,0.0,0.0,0.0,0.0,0.0,1.0,0.0,40.82029613,-77.61765701,37.56542632,-78.51268422,1.0,0.0,4.0,4.0,18.7216652918346,18.272475748303947,3.0
51.0,42.0,134.0,3.375685291417111,102258000000.0,115882000000.0,8683619.0,12972008.0,409858133181.0,538195639912.0,0.0,0.0,0.0,0.0,0.0,0.0,0.0,1.0,0.0,37.56542632,-78.51268422,40.82029613,-77.61765701,0.0,1.0,4.0,4.0,18.272475748303947,18.7216652918346,3.0
42.0,51.0,258.0,3.375685291417111,115882000000.0,102258000000.0,12972008.0,8683619.0,538195639912.0,409858133181.0,0.0,0.0,0.0,0.0,0.0,0.0,0.0,1.0,0.0,40.82029613,-77.61765701,37.56542632,-78.51268422,1.0,0.0,4.0,4.0,18.7216652918346,18.272475748303947,4.0
51.0,42.0,258.0,3.375685291417111,102258000000.0,115882000000.0,8683619.0,12972008.0,409858133181.0,538195639912.0,0.0,0.0,0.0,0.0,0.0,0.0,0.0,1.0,0.0,37.56542632,-78.51268422,40.82029613,-77.61765701,0.0,1.0,4.0,4.0,18.272475748303947,18.7216652918346,4.0
44.0,9.0,97.0,1.180549472964302,2677759219.0,12541688516.0,1093734.0,3626205.0,48712724892.0,187043280105.0,0.0,1.0,21.708246169418885,23.25232401348536,25.47583826893231,23.25232401348536,0.1659799851483967,0.0,0.0,41.62991248,-71.4697877,41.59547524,-72.64983479,0.0,0.0,1.0,3.0,23.04610439644116,22.075904617027604,4.0
9.0,44.0,97.0,1.180549472964302,12541688516.0,2677759219.0,3626205.0,1093734.0,187043280105.0,48712724892.0,0.0,1.0,21.708246169418885,23.25232401348536,25.47583826893231,23.25232401348536,0.1659799851483967,0.0,0.0,41.59547524,-72.64983479,41.62991248,-71.4697877,0.0,0.0,3.0,1.0,22.075904617027604,23.04610439644116,4.0
44.0,23.0,82.0,3.6285542506703945,2677759219.0,79888428972.0,1093734.0,1385340.0,48712724892.0,57059383920.0,0.0,0.0,0.0,0.0,0.0,0.0,0.0,0.0,0.0,41.62991248,-71.4697877,44.67621581,-69.49838161,0.0,0.0,1.0,1.0,23.04610439644116,25.498182378239225,4.0
23.0,44.0,82.0,3.6285542506703945,79888428972.0,2677759219.0,1385340.0,1093734.0,57059383920.0,48712724892.0,0.0,0.0,0.0,0.0,0.0,0.0,0.0,0.0,0.0,44.67621581,-69.49838161,41.62991248,-71.4697877,0.0,0.0,1.0,1.0,25.498182378239225,23.04610439644116,4.0
44.0,25.0,2.0,0.47721296058846874,2677759219.0,20204396898.0,1093734.0,6981974.0,48712724892.0,377201145350.0,0.0,1.0,21.708246169418885,23.7291660858851,25.47583826893231,23.948199108981374,-0.739792429469882,0.0,0.0,41.62991248,-71.4697877,42.10673796,-71.45056086,0.0,0.0,1.0,2.0,23.04610439644116,23.121420198899447,3.0
25.0,44.0,2.0,0.47721296058846874,20204396898.0,2677759219.0,6981974.0,1093734.0,377201145350.0,48712724892.0,0.0,1.0,21.708246169418885,23.7291660858851,25.47583826893231,23.948199108981374,-0.739792429469882,0.0,0.0,42.10673796,-71.45056086,41.62991248,-71.4697877,0.0,0.0,2.0,1.0,23.121420198899447,23.04610439644116,3.0
44.0,31.0,1.0,27.567981455241824,2677759219.0,198957000000.0,1093734.0,1967923.0,48712724892.0,76743093231.0,0.0,0.0,0.0,0.0,0.0,0.0,0.0,1.0,0.0,41.62991248,-71.4697877,41.32123795,-99.03604101,0.0,1.0,1.0,2.0,23.04610439644116,17.515895874182647,4.0
31.0,44.0,1.0,27.567981455241824,198957000000.0,2677759219.0,1967923.0,1093734.0,76743093231.0,48712724892.0,0.0,0.0,0.0,0.0,0.0,0.0,0.0,1.0,0.0,41.32123795,-99.03604101,41.62991248,-71.4697877,1.0,0.0,2.0,1.0,17.515895874182647,23.04610439644116,4.0
44.0,33.0,101.0,1.847738506201312,2677759219.0,23190113978.0,1093734.0,1395231.0,48712724892.0,68758378911.0,0.0,0.0,0.0,0.0,0.0,0.0,0.0,0.0,0.0,41.62991248,-71.4697877,43.47455644,-71.57668133,0.0,0.0,1.0,2.0,23.04610439644116,23.322033096551305,4.0
33.0,44.0,101.0,1.847738506201312,23190113978.0,2677759219.0,1395231.0,1093734.0,68758378911.0,48712724892.0,0.0,0.0,0.0,0.0,0.0,0.0,0.0,0.0,0.0,43.47455644,-71.57668133,41.62991248,-71.4697877,0.0,0.0,2.0,1.0,23.322033096551305,23.04610439644116,4.0
44.0,36.0,164.0,4.112611945033903,2677759219.0,122050000000.0,1093734.0,19677151.0,48712724892.0,933110177571.0,0.0,0.0,0.0,0.0,0.0,0.0,0.0,0.0,0.0,41.62991248,-71.4697877,42.55441095,-75.47714089,0.0,0.0,1.0,5.0,23.04610439644116,20.306235500394656,4.0
36.0,44.0,164.0,4.112611945033903,122050000000.0,2677759219.0,19677151.0,1093734.0,933110177571.0,48712724892.0,0.0,0.0,0.0,0.0,0.0,0.0,0.0,0.0,0.0,42.55441095,-75.47714089,41.62991248,-71.4697877,0.0,0.0,5.0,1.0,20.306235500394656,23.04610439644116,4.0
44.0,44.0,5.0,1.0,2677759219.0,2677759219.0,1093734.0,1093734.0,48712724892.0,48712724892.0,1.0,0.0,0.0,0.0,0.0,0.0,0.0,0.0,0.0,41.62991248,-71.4697877,41.62991248,-71.4697877,0.0,0.0,1.0,1.0,23.04610439644116,23.04610439644116,3.0
44.0,44.0,5.0,1.0,2677759219.0,2677759219.0,1093734.0,1093734.0,48712724892.0,48712724892.0,1.0,0.0,0.0,0.0,0.0,0.0,0.0,0.0,0.0,41.62991248,-71.4697877,41.62991248,-71.4697877,0.0,0.0,1.0,1.0,23.04610439644116,23.04610439644116,3.0
44.0,50.0,53.0,2.8071747660669124,2677759219.0,23873081385.0,1093734.0,647064.0,48712724892.0,27339101064.0,0.0,0.0,0.0,0.0,0.0,0.0,0.0,1.0,0.0,41.62991248,-71.4697877,44.16028666,-72.68528623,0.0,1.0,1.0,1.0,23.04610439644116,22.684033503618167,4.0
50.0,44.0,53.0,2.8071747660669124,23873081385.0,2677759219.0,647064.0,1093734.0,27339101064.0,48712724892.0,0.0,0.0,0.0,0.0,0.0,0.0,0.0,1.0,0.0,44.16028666,-72.68528623,41.62991248,-71.4697877,1.0,0.0,1.0,1.0,22.684033503618167,23.04610439644116,4.0
45.0,1.0,66.0,5.831324202293551,77866132568.0,131175000000.0,5282634.0,5074296.0,193740601950.0,171394495992.0,0.0,0.0,0.0,0.0,0.0,0.0,0.0,0.0,0.0,33.95498444,-80.98041638,32.87856631,-86.71153023,0.0,0.0,3.0,3.0,18.14651779597172,17.04356957796615,4.0
1.0,45.0,66.0,5.831324202293551,131175000000.0,77866132568.0,5074296.0,5282634.0,171394495992.0,193740601950.0,0.0,0.0,0.0,0.0,0.0,0.0,0.0,0.0,0.0,32.87856631,-86.71153023,33.95498444,-80.98041638,0.0,0.0,3.0,3.0,17.04356957796615,18.14651779597172,4.0
45.0,12.0,7.0,5.311272981967224,77866132568.0,138958000000.0,5282634.0,22244823.0,193740601950.0,895976980794.0,0.0,0.0,0.0,0.0,0.0,0.0,0.0,0.0,0.0,33.95498444,-80.98041638,28.93181099,-82.70591607,0.0,0.0,3.0,5.0,18.14651779597172,20.207697261419515,3.0
12.0,45.0,7.0,5.311272981967224,138958000000.0,77866132568.0,22244823.0,5282634.0,895976980794.0,193740601950.0,0.0,0.0,0.0,0.0,0.0,0.0,0.0,0.0,0.0,28.93181099,-82.70591607,33.95498444,-80.98041638,0.0,0.0,5.0,3.0,20.207697261419515,18.14651779597172,3.0
45.0,17.0,6.0,10.08970781429802,77866132568.0,143778000000.0,5282634.0,12582032.0,193740601950.0,545015880144.0,0.0,0.0,0.0,0.0,0.0,0.0,0.0,1.0,0.0,33.95498444,-80.98041638,39.84225886,-89.17445102,0.0,1.0,3.0,3.0,18.14651779597172,15.57382644068607,3.0
17.0,45.0,6.0,10.08970781429802,143778000000.0,77866132568.0,12582032.0,5282634.0,545015880144.0,193740601950.0,0.0,0.0,0.0,0.0,0.0,0.0,0.0,1.0,0.0,39.84225886,-89.17445102,33.95498444,-80.98041638,1.0,0.0,3.0,3.0,15.57382644068607,18.14651779597172,3.0
45.0,18.0,3.0,7.87783843325896,77866132568.0,92788998225.0,5282634.0,6833037.0,193740601950.0,245880003408.0,0.0,0.0,0.0,0.0,0.0,0.0,0.0,1.0,0.0,33.95498444,-80.98041638,39.83861922,-86.21904026,0.0,1.0,3.0,4.0,18.14651779597172,15.783365211857229,3.0
18.0,45.0,3.0,7.87783843325896,92788998225.0,77866132568.0,6833037.0,5282634.0,245880003408.0,193740601950.0,0.0,0.0,0.0,0.0,0.0,0.0,0.0,1.0,0.0,39.83861922,-86.21904026,33.95498444,-80.98041638,1.0,0.0,4.0,3.0,15.783365211857229,18.14651779597172,3.0
45.0,18.0,7.0,7.87783843325896,77866132568.0,92788998225.0,5282634.0,6833037.0,193740601950.0,245880003408.0,0.0,0.0,0.0,0.0,0.0,0.0,0.0,1.0,0.0,33.95498444,-80.98041638,39.83861922,-86.21904026,0.0,1.0,3.0,4.0,18.14651779597172,15.783365211857229,4.0
18.0,45.0,7.0,7.87783843325896,92788998225.0,77866132568.0,6833037.0,5282634.0,245880003408.0,193740601950.0,0.0,0.0,0.0,0.0,0.0,0.0,0.0,1.0,0.0,39.83861922,-86.21904026,33.95498444,-80.98041638,1.0,0.0,4.0,3.0,15.783365211857229,18.14651779597172,4.0
45.0,21.0,46.0,5.591446873433302,77866132568.0,102283000000.0,5282634.0,4512310.0,193740601950.0,153328293800.0,0.0,0.0,0.0,0.0,0.0,0.0,0.0,1.0,0.0,33.95498444,-80.98041638,37.62171898,-85.20171191,0.0,1.0,3.0,3.0,18.14651779597172,15.95009217326982,4.0
21.0,45.0,46.0,5.591446873433302,102283000000.0,77866132568.0,4512310.0,5282634.0,153328293800.0,193740601950.0,0.0,0.0,0.0,0.0,0.0,0.0,0.0,1.0,0.0,37.62171898,-85.20171191,33.95498444,-80.98041638,1.0,0.0,3.0,3.0,15.95009217326982,18.14651779597172,4.0
45.0,28.0,2.0,8.743545734275349,77866132568.0,121532000000.0,5282634.0,2940057.0,193740601950.0,85393955565.0,0.0,0.0,0.0,0.0,0.0,0.0,0.0,0.0,0.0,33.95498444,-80.98041638,32.79092429,-89.64612789,0.0,0.0,3.0,1.0,18.14651779597172,16.911601448146733,3.0
28.0,45.0,2.0,8.743545734275349,121532000000.0,77866132568.0,2940057.0,5282634.0,85393955565.0,193740601950.0,0.0,0.0,0.0,0.0,0.0,0.0,0.0,0.0,0.0,32.79092429,-89.64612789,33.95498444,-80.98041638,0.0,0.0,1.0,3.0,16.911601448146733,18.14651779597172,3.0
45.0,28.0,46.0,8.743545734275349,77866132568.0,121532000000.0,5282634.0,2940057.0,193740601950.0,85393955565.0,0.0,0.0,0.0,0.0,0.0,0.0,0.0,0.0,0.0,33.95498444,-80.98041638,32.79092429,-89.64612789,0.0,0.0,3.0,1.0,18.14651779597172,16.911601448146733,4.0
28.0,45.0,46.0,8.743545734275349,121532000000.0,77866132568.0,2940057.0,5282634.0,85393955565.0,193740601950.0,0.0,0.0,0.0,0.0,0.0,0.0,0.0,0.0,0.0,32.79092429,-89.64612789,33.95498444,-80.98041638,0.0,0.0,1.0,3.0,16.911601448146733,18.14651779597172,4.0
45.0,36.0,11.0,10.209612011223808,77866132568.0,122050000000.0,5282634.0,19677151.0,193740601950.0,933110177571.0,0.0,0.0,0.0,0.0,0.0,0.0,0.0,0.0,0.0,33.95498444,-80.98041638,42.55441095,-75.47714089,0.0,0.0,3.0,5.0,18.14651779597172,20.306235500394656,4.0
36.0,45.0,11.0,10.209612011223808,122050000000.0,77866132568.0,19677151.0,5282634.0,933110177571.0,193740601950.0,0.0,0.0,0.0,0.0,0.0,0.0,0.0,0.0,0.0,42.55441095,-75.47714089,33.95498444,-80.98041638,0.0,0.0,5.0,3.0,20.306235500394656,18.14651779597172,4.0
45.0,39.0,5.0,6.626187122312237,77866132568.0,105824000000.0,5282634.0,11756058.0,193740601950.0,445930792056.0,0.0,0.0,0.0,0.0,0.0,0.0,0.0,1.0,0.0,33.95498444,-80.98041638,40.31742129,-82.83129539,0.0,1.0,3.0,5.0,18.14651779597172,16.574187523725264,3.0
39.0,45.0,5.0,6.626187122312237,105824000000.0,77866132568.0,11756058.0,5282634.0,445930792056.0,193740601950.0,0.0,0.0,0.0,0.0,0.0,0.0,0.0,1.0,0.0,40.31742129,-82.83129539,33.95498444,-80.98041638,1.0,0.0,5.0,3.0,16.574187523725264,18.14651779597172,3.0
45.0,42.0,12.0,7.644648793854004,77866132568.0,115882000000.0,5282634.0,12972008.0,193740601950.0,538195639912.0,0.0,0.0,0.0,0.0,0.0,0.0,0.0,1.0,0.0,33.95498444,-80.98041638,40.82029613,-77.61765701,0.0,1.0,3.0,4.0,18.14651779597172,18.7216652918346,3.0
42.0,45.0,12.0,7.644648793854004,115882000000.0,77866132568.0,12972008.0,5282634.0,538195639912.0,193740601950.0,0.0,0.0,0.0,0.0,0.0,0.0,0.0,1.0,0.0,40.82029613,-77.61765701,33.95498444,-80.98041638,1.0,0.0,4.0,3.0,18.7216652918346,18.14651779597172,3.0
45.0,45.0,417.0,1.0,77866132568.0,77866132568.0,5282634.0,5282634.0,193740601950.0,193740601950.0,1.0,0.0,0.0,0.0,0.0,0.0,0.0,0.0,0.0,33.95498444,-80.98041638,33.95498444,-80.98041638,0.0,0.0,3.0,3.0,18.14651779597172,18.14651779597172,3.0
45.0,45.0,417.0,1.0,77866132568.0,77866132568.0,5282634.0,5282634.0,193740601950.0,193740601950.0,1.0,0.0,0.0,0.0,0.0,0.0,0.0,0.0,0.0,33.95498444,-80.98041638,33.95498444,-80.98041638,0.0,0.0,3.0,3.0,18.14651779597172,18.14651779597172,3.0
45.0,48.0,13.0,17.8204848654776,77866132568.0,676681000000.0,5282634.0,30029572.0,193740601950.0,1144817373356.0,0.0,0.0,0.0,0.0,0.0,0.0,0.0,0.0,0.0,33.95498444,-80.98041638,31.65818605,-98.65226965,0.0,0.0,3.0,9.0,18.14651779597172,19.151923784122165,3.0
48.0,45.0,13.0,17.8204848654776,676681000000.0,77866132568.0,30029572.0,5282634.0,1144817373356.0,193740601950.0,0.0,0.0,0.0,0.0,0.0,0.0,0.0,0.0,0.0,31.65818605,-98.65226965,33.95498444,-80.98041638,0.0,0.0,9.0,3.0,19.151923784122165,18.14651779597172,3.0
45.0,51.0,10.0,4.37321307305695,77866132568.0,102258000000.0,5282634.0,8683619.0,193740601950.0,409858133181.0,0.0,0.0,0.0,0.0,0.0,0.0,0.0,0.0,0.0,33.95498444,-80.98041638,37.56542632,-78.51268422,0.0,0.0,3.0,4.0,18.14651779597172,18.272475748303947,3.0
51.0,45.0,10.0,4.37321307305695,102258000000.0,77866132568.0,8683619.0,5282634.0,409858133181.0,193740601950.0,0.0,0.0,0.0,0.0,0.0,0.0,0.0,0.0,0.0,37.56542632,-78.51268422,33.95498444,-80.98041638,0.0,0.0,4.0,3.0,18.272475748303947,18.14651779597172,3.0
46.0,4.0,208.0,16.175861980268056,190924000000.0,294361000000.0,909824.0,7359197.0,34225759232.0,293035865343.0,0.0,0.0,0.0,0.0,0.0,0.0,0.0,2.0,0.0,44.28529801,-99.25822904,33.67825359,-111.4708913,1.0,1.0,1.0,3.0,18.25127287589671,25.018609812195567,4.0
4.0,46.0,208.0,16.175861980268056,294361000000.0,190924000000.0,7359197.0,909824.0,293035865343.0,34225759232.0,0.0,0.0,0.0,0.0,0.0,0.0,0.0,2.0,0.0,33.67825359,-111.4708913,44.28529801,-99.25822904,1.0,1.0,3.0,1.0,25.018609812195567,18.25127287589671,4.0
46.0,6.0,394.0,22.43706030864647,190924000000.0,403671000000.0,909824.0,39029342.0,34225759232.0,1821148127062.0,0.0,0.0,0.0,0.0,0.0,0.0,0.0,1.0,0.0,44.28529801,-99.25822904,37.83798795,-120.7490147,1.0,0.0,1.0,6.0,18.25127287589671,31.30033897737643,4.0
6.0,46.0,394.0,22.43706030864647,403671000000.0,190924000000.0,39029342.0,909824.0,1821148127062.0,34225759232.0,0.0,0.0,0.0,0.0,0.0,0.0,0.0,1.0,0.0,37.83798795,-120.7490147,44.28529801,-99.25822904,0.0,1.0,6.0,1.0,31.30033897737643,18.25127287589671,4.0
46.0,8.0,2.0,8.21828874328577,190924000000.0,268419000000.0,909824.0,5839926.0,34225759232.0,286571008746.0,0.0,0.0,0.0,0.0,0.0,0.0,0.0,2.0,0.0,44.28529801,-99.25822904,38.92883319,-105.4910899,1.0,1.0,1.0,2.0,18.25127287589671,20.380646878843788,4.0
8.0,46.0,2.0,8.21828874328577,268419000000.0,190924000000.0,5839926.0,909824.0,286571008746.0,34225759232.0,0.0,0.0,0.0,0.0,0.0,0.0,0.0,2.0,0.0,38.92883319,-105.4910899,44.28529801,-99.25822904,1.0,1.0,2.0,1.0,20.380646878843788,18.25127287589671,4.0
46.0,17.0,28.0,11.019218486129937,190924000000.0,143778000000.0,909824.0,12582032.0,34225759232.0,545015880144.0,0.0,0.0,0.0,0.0,0.0,0.0,0.0,2.0,0.0,44.28529801,-99.25822904,39.84225886,-89.17445102,1.0,1.0,1.0,3.0,18.25127287589671,15.57382644068607,4.0
17.0,46.0,28.0,11.019218486129937,143778000000.0,190924000000.0,12582032.0,909824.0,545015880144.0,34225759232.0,0.0,0.0,0.0,0.0,0.0,0.0,0.0,2.0,0.0,39.84225886,-89.17445102,44.28529801,-99.25822904,1.0,1.0,3.0,1.0,15.57382644068607,18.25127287589671,4.0
46.0,19.0,57.0,6.21575740856335,190924000000.0,144660000000.0,909824.0,3200517.0,34225759232.0,124554520089.0,0.0,1.0,25.975141280048376,25.697651998367547,25.078256940065014,25.253593916100616,1.8270875853673776,2.0,2.0,44.28529801,-99.25822904,42.02990262,-93.4660937,1.0,1.0,1.0,1.0,18.25127287589671,16.209381226558154,4.0
19.0,46.0,57.0,6.21575740856335,144660000000.0,190924000000.0,3200517.0,909824.0,124554520089.0,34225759232.0,0.0,1.0,25.975141280048376,25.697651998367547,25.078256940065014,25.253593916100616,1.8270875853673776,2.0,2.0,42.02990262,-93.4660937,44.28529801,-99.25822904,1.0,1.0,1.0,1.0,16.209381226558154,18.25127287589671,4.0
46.0,27.0,484.0,4.988514421201738,190924000000.0,206232000000.0,909824.0,5717184.0,34225759232.0,257393340864.0,0.0,1.0,25.975141280048376,26.052267585625444,25.078256940065014,25.711075940400722,1.6071381542566394,2.0,2.0,44.28529801,-99.25822904,45.54670036,-94.4318287,1.0,1.0,1.0,2.0,18.25127287589671,17.499573988722897,4.0
27.0,46.0,484.0,4.988514421201738,206232000000.0,190924000000.0,5717184.0,909824.0,257393340864.0,34225759232.0,0.0,1.0,25.975141280048376,26.052267585625444,25.078256940065014,25.711075940400722,1.6071381542566394,2.0,2.0,45.54670036,-94.4318287,44.28529801,-99.25822904,1.0,1.0,2.0,1.0,17.499573988722897,18.25127287589671,4.0
46.0,31.0,162.0,2.9723760798328485,190924000000.0,198957000000.0,909824.0,1967923.0,34225759232.0,76743093231.0,0.0,1.0,25.975141280048376,26.01635455792016,25.078256940065014,26.65544205649895,1.0893616598434326,2.0,2.0,44.28529801,-99.25822904,41.32123795,-99.03604101,1.0,1.0,1.0,2.0,18.25127287589671,17.515895874182647,2.0
31.0,46.0,162.0,2.9723760798328485,198957000000.0,190924000000.0,1967923.0,909824.0,76743093231.0,34225759232.0,0.0,1.0,25.975141280048376,26.01635455792016,25.078256940065014,26.65544205649895,1.0893616598434326,2.0,2.0,41.32123795,-99.03604101,44.28529801,-99.25822904,1.0,1.0,2.0,1.0,17.515895874182647,18.25127287589671,2.0
46.0,31.0,164.0,2.9723760798328485,190924000000.0,198957000000.0,909824.0,1967923.0,34225759232.0,76743093231.0,0.0,1.0,25.975141280048376,26.01635455792016,25.078256940065014,26.65544205649895,1.0893616598434326,2.0,2.0,44.28529801,-99.25822904,41.32123795,-99.03604101,1.0,1.0,1.0,2.0,18.25127287589671,17.515895874182647,4.0
31.0,46.0,164.0,2.9723760798328485,198957000000.0,190924000000.0,1967923.0,909824.0,76743093231.0,34225759232.0,0.0,1.0,25.975141280048376,26.01635455792016,25.078256940065014,26.65544205649895,1.0893616598434326,2.0,2.0,41.32123795,-99.03604101,44.28529801,-99.25822904,1.0,1.0,2.0,1.0,17.515895874182647,18.25127287589671,4.0
46.0,38.0,35.0,3.2626169596816768,190924000000.0,178698000000.0,909824.0,779261.0,34225759232.0,32573109800.0,0.0,1.0,25.975141280048376,25.90896306710736,25.078256940065014,25.559015856439085,1.182529621717085,2.0,2.0,44.28529801,-99.25822904,47.39323862,-100.2508894,1.0,1.0,1.0,1.0,18.25127287589671,19.833784382087305,4.0
38.0,46.0,35.0,3.2626169596816768,178698000000.0,190924000000.0,779261.0,909824.0,32573109800.0,34225759232.0,0.0,1.0,25.975141280048376,25.90896306710736,25.078256940065014,25.559015856439085,1.182529621717085,2.0,2.0,47.39323862,-100.2508894,44.28529801,-99.25822904,1.0,1.0,1.0,1.0,19.833784382087305,18.25127287589671,4.0
46.0,42.0,1.0,21.916217643882394,190924000000.0,115882000000.0,909824.0,12972008.0,34225759232.0,538195639912.0,0.0,0.0,0.0,0.0,0.0,0.0,0.0,2.0,0.0,44.28529801,-99.25822904,40.82029613,-77.61765701,1.0,1.0,1.0,4.0,18.25127287589671,18.7216652918346,4.0
42.0,46.0,1.0,21.916217643882394,115882000000.0,190924000000.0,12972008.0,909824.0,538195639912.0,34225759232.0,0.0,0.0,0.0,0.0,0.0,0.0,0.0,2.0,0.0,40.82029613,-77.61765701,44.28529801,-99.25822904,1.0,1.0,4.0,1.0,18.7216652918346,18.25127287589671,4.0
46.0,46.0,18427.0,1.0,190924000000.0,190924000000.0,909824.0,909824.0,34225759232.0,34225759232.0,1.0,0.0,0.0,0.0,0.0,0.0,0.0,2.0,0.0,44.28529801,-99.25822904,44.28529801,-99.25822904,1.0,1.0,1.0,1.0,18.25127287589671,18.25127287589671,2.0
46.0,46.0,18427.0,1.0,190924000000.0,190924000000.0,909824.0,909824.0,34225759232.0,34225759232.0,1.0,0.0,0.0,0.0,0.0,0.0,0.0,2.0,0.0,44.28529801,-99.25822904,44.28529801,-99.25822904,1.0,1.0,1.0,1.0,18.25127287589671,18.25127287589671,2.0
46.0,46.0,1816.0,1.0,190924000000.0,190924000000.0,909824.0,909824.0,34225759232.0,34225759232.0,1.0,0.0,0.0,0.0,0.0,0.0,0.0,2.0,0.0,44.28529801,-99.25822904,44.28529801,-99.25822904,1.0,1.0,1.0,1.0,18.25127287589671,18.25127287589671,3.0
46.0,46.0,1816.0,1.0,190924000000.0,190924000000.0,909824.0,909824.0,34225759232.0,34225759232.0,1.0,0.0,0.0,0.0,0.0,0.0,0.0,2.0,0.0,44.28529801,-99.25822904,44.28529801,-99.25822904,1.0,1.0,1.0,1.0,18.25127287589671,18.25127287589671,3.0
46.0,46.0,3072.0,1.0,190924000000.0,190924000000.0,909824.0,909824.0,34225759232.0,34225759232.0,1.0,0.0,0.0,0.0,0.0,0.0,0.0,2.0,0.0,44.28529801,-99.25822904,44.28529801,-99.25822904,1.0,1.0,1.0,1.0,18.25127287589671,18.25127287589671,4.0
46.0,46.0,3072.0,1.0,190924000000.0,190924000000.0,909824.0,909824.0,34225759232.0,34225759232.0,1.0,0.0,0.0,0.0,0.0,0.0,0.0,2.0,0.0,44.28529801,-99.25822904,44.28529801,-99.25822904,1.0,1.0,1.0,1.0,18.25127287589671,18.25127287589671,4.0
46.0,48.0,95.0,12.641643217268243,190924000000.0,676681000000.0,909824.0,30029572.0,34225759232.0,1144817373356.0,0.0,0.0,0.0,0.0,0.0,0.0,0.0,1.0,0.0,44.28529801,-99.25822904,31.65818605,-98.65226965,1.0,0.0,1.0,9.0,18.25127287589671,19.151923784122165,2.0
48.0,46.0,95.0,12.641643217268243,676681000000.0,190924000000.0,30029572.0,909824.0,1144817373356.0,34225759232.0,0.0,0.0,0.0,0.0,0.0,0.0,0.0,1.0,0.0,31.65818605,-98.65226965,44.28529801,-99.25822904,0.0,1.0,9.0,1.0,19.151923784122165,18.25127287589671,2.0
47.0,13.0,5.0,3.985747702147753,106792000000.0,149486000000.0,7051339.0,10912876.0,258812346656.0,418814355128.0,0.0,1.0,25.394148854299843,25.73046857990719,25.975141280048376,25.65743756614471,1.3827249237882684,1.0,1.0,35.88471808,-86.10862377,32.8067682,-83.57635023,1.0,0.0,4.0,3.0,16.086867263002663,17.725298242771597,3.0
13.0,47.0,5.0,3.985747702147753,149486000000.0,106792000000.0,10912876.0,7051339.0,418814355128.0,258812346656.0,0.0,1.0,25.394148854299843,25.73046857990719,25.975141280048376,25.65743756614471,1.3827249237882684,1.0,1.0,32.8067682,-83.57635023,35.88471808,-86.10862377,0.0,1.0,3.0,4.0,17.725298242771597,16.086867263002663,3.0
47.0,21.0,176.0,1.9595053580966428,106792000000.0,102283000000.0,7051339.0,4512310.0,258812346656.0,153328293800.0,0.0,1.0,25.394148854299843,25.3510093181868,25.975141280048376,26.078691060500866,0.6726920730741437,2.0,2.0,35.88471808,-86.10862377,37.62171898,-85.20171191,1.0,1.0,4.0,3.0,16.086867263002663,15.95009217326982,2.0
21.0,47.0,176.0,1.9595053580966428,102283000000.0,106792000000.0,4512310.0,7051339.0,153328293800.0,258812346656.0,0.0,1.0,25.394148854299843,25.3510093181868,25.975141280048376,26.078691060500866,0.6726920730741437,2.0,2.0,37.62171898,-85.20171191,35.88471808,-86.10862377,1.0,1.0,3.0,4.0,15.95009217326982,16.086867263002663,2.0
47.0,24.0,1.0,9.92954830099587,106792000000.0,25151895765.0,7051339.0,6164660.0,258812346656.0,303523199760.0,0.0,0.0,0.0,0.0,0.0,0.0,0.0,1.0,0.0,35.88471808,-86.10862377,39.0026629,-76.68130445,1.0,0.0,4.0,3.0,16.086867263002663,19.12502906003085,3.0
24.0,47.0,1.0,9.92954830099587,25151895765.0,106792000000.0,6164660.0,7051339.0,303523199760.0,258812346656.0,0.0,0.0,0.0,0.0,0.0,0.0,0.0,1.0,0.0,39.0026629,-76.68130445,35.88471808,-86.10862377,0.0,1.0,3.0,4.0,19.12502906003085,16.086867263002663,3.0
47.0,28.0,5.0,4.699520764297099,106792000000.0,121532000000.0,7051339.0,2940057.0,258812346656.0,85393955565.0,0.0,1.0,25.394148854299843,25.52344343953564,25.975141280048376,26.052267585625444,1.547460538474054,1.0,1.0,35.88471808,-86.10862377,32.79092429,-89.64612789,1.0,0.0,4.0,1.0,16.086867263002663,16.911601448146733,4.0
28.0,47.0,5.0,4.699520764297099,121532000000.0,106792000000.0,2940057.0,7051339.0,85393955565.0,258812346656.0,0.0,1.0,25.394148854299843,25.52344343953564,25.975141280048376,26.052267585625444,1.547460538474054,1.0,1.0,32.79092429,-89.64612789,35.88471808,-86.10862377,0.0,1.0,1.0,4.0,16.911601448146733,16.086867263002663,4.0
47.0,39.0,3.0,5.512688913615363,106792000000.0,105824000000.0,7051339.0,11756058.0,258812346656.0,445930792056.0,0.0,0.0,0.0,0.0,0.0,0.0,0.0,2.0,0.0,35.88471808,-86.10862377,40.31742129,-82.83129539,1.0,1.0,4.0,5.0,16.086867263002663,16.574187523725264,3.0
39.0,47.0,3.0,5.512688913615363,105824000000.0,106792000000.0,11756058.0,7051339.0,445930792056.0,258812346656.0,0.0,0.0,0.0,0.0,0.0,0.0,0.0,2.0,0.0,40.31742129,-82.83129539,35.88471808,-86.10862377,1.0,1.0,5.0,4.0,16.574187523725264,16.086867263002663,3.0
47.0,47.0,635.0,1.0,106792000000.0,106792000000.0,7051339.0,7051339.0,258812346656.0,258812346656.0,1.0,0.0,0.0,0.0,0.0,0.0,0.0,2.0,0.0,35.88471808,-86.10862377,35.88471808,-86.10862377,1.0,1.0,4.0,4.0,16.086867263002663,16.086867263002663,3.0
47.0,47.0,635.0,1.0,106792000000.0,106792000000.0,7051339.0,7051339.0,258812346656.0,258812346656.0,1.0,0.0,0.0,0.0,0.0,0.0,0.0,2.0,0.0,35.88471808,-86.10862377,35.88471808,-86.10862377,1.0,1.0,4.0,4.0,16.086867263002663,16.086867263002663,3.0
47.0,47.0,2065.0,1.0,106792000000.0,106792000000.0,7051339.0,7051339.0,258812346656.0,258812346656.0,1.0,0.0,0.0,0.0,0.0,0.0,0.0,2.0,0.0,35.88471808,-86.10862377,35.88471808,-86.10862377,1.0,1.0,4.0,4.0,16.086867263002663,16.086867263002663,4.0
47.0,47.0,2065.0,1.0,106792000000.0,106792000000.0,7051339.0,7051339.0,258812346656.0,258812346656.0,1.0,0.0,0.0,0.0,0.0,0.0,0.0,2.0,0.0,35.88471808,-86.10862377,35.88471808,-86.10862377,1.0,1.0,4.0,4.0,16.086867263002663,16.086867263002663,4.0
47.0,51.0,2.0,7.7796579510450234,106792000000.0,102258000000.0,7051339.0,8683619.0,258812346656.0,409858133181.0,0.0,1.0,25.394148854299843,25.350764868417567,25.975141280048376,23.896017359246404,2.051512372062496,1.0,1.0,35.88471808,-86.10862377,37.56542632,-78.51268422,1.0,0.0,4.0,4.0,16.086867263002663,18.272475748303947,3.0
51.0,47.0,2.0,7.7796579510450234,102258000000.0,106792000000.0,8683619.0,7051339.0,409858133181.0,258812346656.0,0.0,1.0,25.394148854299843,25.350764868417567,25.975141280048376,23.896017359246404,2.051512372062496,1.0,1.0,37.56542632,-78.51268422,35.88471808,-86.10862377,0.0,1.0,4.0,4.0,18.272475748303947,16.086867263002663,3.0
47.0,51.0,17.0,7.7796579510450234,106792000000.0,102258000000.0,7051339.0,8683619.0,258812346656.0,409858133181.0,0.0,1.0,25.394148854299843,25.350764868417567,25.975141280048376,23.896017359246404,2.051512372062496,1.0,1.0,35.88471808,-86.10862377,37.56542632,-78.51268422,1.0,0.0,4.0,4.0,16.086867263002663,18.272475748303947,4.0
51.0,47.0,17.0,7.7796579510450234,102258000000.0,106792000000.0,8683619.0,7051339.0,409858133181.0,258812346656.0,0.0,1.0,25.394148854299843,25.350764868417567,25.975141280048376,23.896017359246404,2.051512372062496,1.0,1.0,37.56542632,-78.51268422,35.88471808,-86.10862377,0.0,1.0,4.0,4.0,18.272475748303947,16.086867263002663,4.0
48.0,5.0,4.0,7.017709430331918,676681000000.0,134661000000.0,30029572.0,3045637.0,1144817373356.0,95572089060.0,0.0,1.0,27.240465802355804,25.626026346146176,25.394148854299843,25.626026346146176,1.9484368728174002,1.0,1.0,31.65818605,-98.65226965,34.91154416,-92.43423888,0.0,1.0,9.0,1.0,19.151923784122165,16.34192872200948,3.0
5.0,48.0,4.0,7.017709430331918,134661000000.0,676681000000.0,3045637.0,30029572.0,95572089060.0,1144817373356.0,0.0,1.0,27.240465802355804,25.626026346146176,25.394148854299843,25.626026346146176,1.9484368728174002,1.0,1.0,34.91154416,-92.43423888,31.65818605,-98.65226965,1.0,0.0,1.0,9.0,16.34192872200948,19.151923784122165,3.0
48.0,5.0,117.0,7.017709430331918,676681000000.0,134661000000.0,30029572.0,3045637.0,1144817373356.0,95572089060.0,0.0,1.0,27.240465802355804,25.626026346146176,25.394148854299843,25.626026346146176,1.9484368728174002,1.0,1.0,31.65818605,-98.65226965,34.91154416,-92.43423888,0.0,1.0,9.0,1.0,19.151923784122165,16.34192872200948,4.0
5.0,48.0,117.0,7.017709430331918,134661000000.0,676681000000.0,3045637.0,30029572.0,95572089060.0,1144817373356.0,0.0,1.0,27.240465802355804,25.626026346146176,25.394148854299843,25.626026346146176,1.9484368728174002,1.0,1.0,34.91154416,-92.43423888,31.65818605,-98.65226965,1.0,0.0,1.0,9.0,16.34192872200948,19.151923784122165,4.0
48.0,8.0,516.0,9.981571632072795,676681000000.0,268419000000.0,30029572.0,5839926.0,1144817373356.0,286571008746.0,0.0,0.0,0.0,0.0,0.0,0.0,0.0,1.0,0.0,31.65818605,-98.65226965,38.92883319,-105.4910899,0.0,1.0,9.0,2.0,19.151923784122165,20.380646878843788,2.0
8.0,48.0,516.0,9.981571632072795,268419000000.0,676681000000.0,5839926.0,30029572.0,286571008746.0,1144817373356.0,0.0,0.0,0.0,0.0,0.0,0.0,0.0,1.0,0.0,38.92883319,-105.4910899,31.65818605,-98.65226965,1.0,0.0,2.0,9.0,20.380646878843788,19.151923784122165,2.0
48.0,20.0,51.0,6.85067937521214,676681000000.0,211754000000.0,30029572.0,2937150.0,1144817373356.0,111373790850.0,0.0,0.0,0.0,0.0,0.0,0.0,0.0,1.0,0.0,31.65818605,-98.65226965,38.48536567,-98.08532491,0.0,1.0,9.0,3.0,19.151923784122165,17.082248338214743,4.0
20.0,48.0,51.0,6.85067937521214,211754000000.0,676681000000.0,2937150.0,30029572.0,111373790850.0,1144817373356.0,0.0,0.0,0.0,0.0,0.0,0.0,0.0,1.0,0.0,38.48536567,-98.08532491,31.65818605,-98.65226965,1.0,0.0,3.0,9.0,17.082248338214743,19.151923784122165,4.0
48.0,22.0,101.0,6.857376134584237,676681000000.0,111914000000.0,30029572.0,4590241.0,1144817373356.0,147672643211.0,0.0,1.0,27.240465802355804,25.440996556145354,25.394148854299843,25.3510093181868,1.925324880900791,0.0,0.0,31.65818605,-98.65226965,31.0806972,-91.81925318,0.0,0.0,9.0,4.0,19.151923784122165,17.88009549830889,3.0
22.0,48.0,101.0,6.857376134584237,111914000000.0,676681000000.0,4590241.0,30029572.0,147672643211.0,1144817373356.0,0.0,1.0,27.240465802355804,25.440996556145354,25.394148854299843,25.3510093181868,1.925324880900791,0.0,0.0,31.0806972,-91.81925318,31.65818605,-98.65226965,0.0,0.0,4.0,9.0,17.88009549830889,19.151923784122165,3.0
48.0,27.0,14.0,14.515610615868411,676681000000.0,206232000000.0,30029572.0,5717184.0,1144817373356.0,257393340864.0,0.0,0.0,0.0,0.0,0.0,0.0,0.0,1.0,0.0,31.65818605,-98.65226965,45.54670036,-94.4318287,0.0,1.0,9.0,2.0,19.151923784122165,17.499573988722897,2.0
27.0,48.0,14.0,14.515610615868411,206232000000.0,676681000000.0,5717184.0,30029572.0,257393340864.0,1144817373356.0,0.0,0.0,0.0,0.0,0.0,0.0,0.0,1.0,0.0,45.54670036,-94.4318287,31.65818605,-98.65226965,1.0,0.0,2.0,9.0,17.499573988722897,19.151923784122165,2.0
48.0,28.0,1.0,9.077096745191936,676681000000.0,121532000000.0,30029572.0,2940057.0,1144817373356.0,85393955565.0,0.0,0.0,0.0,0.0,0.0,0.0,0.0,0.0,0.0,31.65818605,-98.65226965,32.79092429,-89.64612789,0.0,0.0,9.0,1.0,19.151923784122165,16.911601448146733,3.0
28.0,48.0,1.0,9.077096745191936,121532000000.0,676681000000.0,2940057.0,30029572.0,85393955565.0,1144817373356.0,0.0,0.0,0.0,0.0,0.0,0.0,0.0,0.0,0.0,32.79092429,-89.64612789,31.65818605,-98.65226965,0.0,0.0,1.0,9.0,16.911601448146733,19.151923784122165,3.0
48.0,35.0,400.0,7.7897741647615595,676681000000.0,314199000000.0,30029572.0,2113344.0,1144817373356.0,71676175104.0,0.0,1.0,27.240465802355804,26.47329238007668,25.394148854299843,23.670266671494115,2.0528118690595463,1.0,1.0,31.65818605,-98.65226965,34.54561168,-105.8871404,0.0,1.0,9.0,1.0,19.151923784122165,21.339852695679816,4.0
35.0,48.0,400.0,7.7897741647615595,314199000000.0,676681000000.0,2113344.0,30029572.0,71676175104.0,1144817373356.0,0.0,1.0,27.240465802355804,26.47329238007668,25.394148854299843,23.670266671494115,2.0528118690595463,1.0,1.0,34.54561168,-105.8871404,31.65818605,-98.65226965,1.0,0.0,1.0,9.0,21.339852695679816,19.151923784122165,4.0
48.0,40.0,994.0,4.090329019379754,676681000000.0,177664000000.0,30029572.0,4019800.0,1144817373356.0,132372014000.0,0.0,1.0,27.240465802355804,25.903159962950642,25.394148854299843,25.385043173745792,1.4086254116553238,1.0,1.0,31.65818605,-98.65226965,35.50185248,-97.25333439,0.0,1.0,9.0,3.0,19.151923784122165,17.275428672333067,4.0
40.0,48.0,994.0,4.090329019379754,177664000000.0,676681000000.0,4019800.0,30029572.0,132372014000.0,1144817373356.0,0.0,1.0,27.240465802355804,25.903159962950642,25.394148854299843,25.385043173745792,1.4086254116553238,1.0,1.0,35.50185248,-97.25333439,31.65818605,-98.65226965,1.0,0.0,3.0,9.0,17.275428672333067,19.151923784122165,4.0
48.0,47.0,4.0,13.23656394097263,676681000000.0,106792000000.0,30029572.0,7051339.0,1144817373356.0,258812346656.0,0.0,0.0,0.0,0.0,0.0,0.0,0.0,1.0,0.0,31.65818605,-98.65226965,35.88471808,-86.10862377,0.0,1.0,9.0,4.0,19.151923784122165,16.086867263002663,3.0
47.0,48.0,4.0,13.23656394097263,106792000000.0,676681000000.0,7051339.0,30029572.0,258812346656.0,1144817373356.0,0.0,0.0,0.0,0.0,0.0,0.0,0.0,1.0,0.0,35.88471808,-86.10862377,31.65818605,-98.65226965,1.0,0.0,4.0,9.0,16.086867263002663,19.151923784122165,3.0
48.0,48.0,24449.0,1.0,676681000000.0,676681000000.0,30029572.0,30029572.0,1144817373356.0,1144817373356.0,1.0,0.0,0.0,0.0,0.0,0.0,0.0,0.0,0.0,31.65818605,-98.65226965,31.65818605,-98.65226965,0.0,0.0,9.0,9.0,19.151923784122165,19.151923784122165,2.0
48.0,48.0,24449.0,1.0,676681000000.0,676681000000.0,30029572.0,30029572.0,1144817373356.0,1144817373356.0,1.0,0.0,0.0,0.0,0.0,0.0,0.0,0.0,0.0,31.65818605,-98.65226965,31.65818605,-98.65226965,0.0,0.0,9.0,9.0,19.151923784122165,19.151923784122165,2.0
48.0,48.0,5628.0,1.0,676681000000.0,676681000000.0,30029572.0,30029572.0,1144817373356.0,1144817373356.0,1.0,0.0,0.0,0.0,0.0,0.0,0.0,0.0,0.0,31.65818605,-98.65226965,31.65818605,-98.65226965,0.0,0.0,9.0,9.0,19.151923784122165,19.151923784122165,3.0
48.0,48.0,5628.0,1.0,676681000000.0,676681000000.0,30029572.0,30029572.0,1144817373356.0,1144817373356.0,1.0,0.0,0.0,0.0,0.0,0.0,0.0,0.0,0.0,31.65818605,-98.65226965,31.65818605,-98.65226965,0.0,0.0,9.0,9.0,19.151923784122165,19.151923784122165,3.0
48.0,48.0,13690.0,1.0,676681000000.0,676681000000.0,30029572.0,30029572.0,1144817373356.0,1144817373356.0,1.0,0.0,0.0,0.0,0.0,0.0,0.0,0.0,0.0,31.65818605,-98.65226965,31.65818605,-98.65226965,0.0,0.0,9.0,9.0,19.151923784122165,19.151923784122165,4.0
48.0,48.0,13690.0,1.0,676681000000.0,676681000000.0,30029572.0,30029572.0,1144817373356.0,1144817373356.0,1.0,0.0,0.0,0.0,0.0,0.0,0.0,0.0,0.0,31.65818605,-98.65226965,31.65818605,-98.65226965,0.0,0.0,9.0,9.0,19.151923784122165,19.151923784122165,4.0
48.0,55.0,6.0,15.537155203331443,676681000000.0,140292000000.0,30029572.0,5892539.0,1144817373356.0,236809357332.0,0.0,0.0,0.0,0.0,0.0,0.0,0.0,1.0,0.0,31.65818605,-98.65226965,44.40708334,-89.77145833,0.0,1.0,9.0,2.0,19.151923784122165,16.679272144208667,3.0
55.0,48.0,6.0,15.537155203331443,140292000000.0,676681000000.0,5892539.0,30029572.0,236809357332.0,1144817373356.0,0.0,0.0,0.0,0.0,0.0,0.0,0.0,1.0,0.0,44.40708334,-89.77145833,31.65818605,-98.65226965,1.0,0.0,2.0,9.0,16.679272144208667,19.151923784122165,3.0
49.0,6.0,86.0,9.323629430542606,213355000000.0,403671000000.0,3380800.0,39029342.0,130208131200.0,1821148127062.0,0.0,0.0,0.0,0.0,0.0,0.0,0.0,1.0,0.0,39.63565035,-111.6003276,37.83798795,-120.7490147,1.0,0.0,2.0,6.0,24.10238778282654,31.30033897737643,4.0
6.0,49.0,86.0,9.323629430542606,403671000000.0,213355000000.0,39029342.0,3380800.0,1821148127062.0,130208131200.0,0.0,0.0,0.0,0.0,0.0,0.0,0.0,1.0,0.0,37.83798795,-120.7490147,39.63565035,-111.6003276,0.0,1.0,6.0,2.0,31.30033897737643,24.10238778282654,4.0
49.0,56.0,4.0,5.638595448141744,213355000000.0,251459000000.0,3380800.0,581381.0,130208131200.0,22158755434.0,0.0,1.0,26.0862232819749,26.25054579132791,27.240465802355804,25.666991801759092,1.7296350004784262,2.0,2.0,39.63565035,-111.6003276,43.08797026,-107.1421614,1.0,1.0,2.0,1.0,24.10238778282654,21.60960275565295,4.0
56.0,49.0,4.0,5.638595448141744,251459000000.0,213355000000.0,581381.0,3380800.0,22158755434.0,130208131200.0,0.0,1.0,26.0862232819749,26.25054579132791,27.240465802355804,25.666991801759092,1.7296350004784262,2.0,2.0,43.08797026,-107.1421614,39.63565035,-111.6003276,1.0,1.0,1.0,2.0,21.60960275565295,24.10238778282654,4.0
50.0,6.0,3.0,48.477762483600216,23873081385.0,403671000000.0,647064.0,39029342.0,27339101064.0,1821148127062.0,0.0,0.0,0.0,0.0,0.0,0.0,0.0,1.0,0.0,44.16028666,-72.68528623,37.83798795,-120.7490147,1.0,0.0,1.0,6.0,22.684033503618167,31.30033897737643,4.0
6.0,50.0,3.0,48.477762483600216,403671000000.0,23873081385.0,39029342.0,647064.0,1821148127062.0,27339101064.0,0.0,0.0,0.0,0.0,0.0,0.0,0.0,1.0,0.0,37.83798795,-120.7490147,44.16028666,-72.68528623,0.0,1.0,6.0,1.0,31.30033897737643,22.684033503618167,4.0
50.0,23.0,35.0,3.228396497457696,23873081385.0,79888428972.0,647064.0,1385340.0,27339101064.0,57059383920.0,0.0,0.0,0.0,0.0,0.0,0.0,0.0,1.0,0.0,44.16028666,-72.68528623,44.67621581,-69.49838161,1.0,0.0,1.0,1.0,22.684033503618167,25.498182378239225,4.0
23.0,50.0,35.0,3.228396497457696,79888428972.0,23873081385.0,1385340.0,647064.0,57059383920.0,27339101064.0,0.0,0.0,0.0,0.0,0.0,0.0,0.0,1.0,0.0,44.67621581,-69.49838161,44.16028666,-72.68528623,0.0,1.0,1.0,1.0,25.498182378239225,22.684033503618167,4.0
50.0,31.0,1.0,26.503254046502395,23873081385.0,198957000000.0,647064.0,1967923.0,27339101064.0,76743093231.0,0.0,0.0,0.0,0.0,0.0,0.0,0.0,2.0,0.0,44.16028666,-72.68528623,41.32123795,-99.03604101,1.0,1.0,1.0,2.0,22.684033503618167,17.515895874182647,4.0
31.0,50.0,1.0,26.503254046502395,198957000000.0,23873081385.0,1967923.0,647064.0,76743093231.0,27339101064.0,0.0,0.0,0.0,0.0,0.0,0.0,0.0,2.0,0.0,41.32123795,-99.03604101,44.16028666,-72.68528623,1.0,1.0,2.0,1.0,17.515895874182647,22.684033503618167,4.0
50.0,33.0,11.0,1.3035454571764118,23873081385.0,23190113978.0,647064.0,1395231.0,27339101064.0,68758378911.0,0.0,1.0,23.896017359246404,23.86699190316512,26.0862232819749,26.374129134780752,0.2650878269528404,1.0,1.0,44.16028666,-72.68528623,43.47455644,-71.57668133,1.0,0.0,1.0,2.0,22.684033503618167,23.322033096551305,4.0
33.0,50.0,11.0,1.3035454571764118,23190113978.0,23873081385.0,1395231.0,647064.0,68758378911.0,27339101064.0,0.0,1.0,23.896017359246404,23.86699190316512,26.0862232819749,26.374129134780752,0.2650878269528404,1.0,1.0,43.47455644,-71.57668133,44.16028666,-72.68528623,0.0,1.0,2.0,1.0,23.322033096551305,22.684033503618167,4.0
50.0,36.0,153.0,3.2207591090504906,23873081385.0,122050000000.0,647064.0,19677151.0,27339101064.0,933110177571.0,0.0,1.0,23.896017359246404,25.52769663378538,26.0862232819749,26.47329238007668,1.169617079924414,1.0,1.0,44.16028666,-72.68528623,42.55441095,-75.47714089,1.0,0.0,1.0,5.0,22.684033503618167,20.306235500394656,4.0
36.0,50.0,153.0,3.2207591090504906,122050000000.0,23873081385.0,19677151.0,647064.0,933110177571.0,27339101064.0,0.0,1.0,23.896017359246404,25.52769663378538,26.0862232819749,26.47329238007668,1.169617079924414,1.0,1.0,42.55441095,-75.47714089,44.16028666,-72.68528623,0.0,1.0,5.0,1.0,20.306235500394656,22.684033503618167,4.0
50.0,50.0,272.0,1.0,23873081385.0,23873081385.0,647064.0,647064.0,27339101064.0,27339101064.0,1.0,0.0,0.0,0.0,0.0,0.0,0.0,2.0,0.0,44.16028666,-72.68528623,44.16028666,-72.68528623,1.0,1.0,1.0,1.0,22.684033503618167,22.684033503618167,4.0
50.0,50.0,272.0,1.0,23873081385.0,23873081385.0,647064.0,647064.0,27339101064.0,27339101064.0,1.0,0.0,0.0,0.0,0.0,0.0,0.0,2.0,0.0,44.16028666,-72.68528623,44.16028666,-72.68528623,1.0,1.0,1.0,1.0,22.684033503618167,22.684033503618167,4.0
51.0,9.0,1.0,7.1143726172055715,102258000000.0,12541688516.0,8683619.0,3626205.0,409858133181.0,187043280105.0,0.0,0.0,0.0,0.0,0.0,0.0,0.0,0.0,0.0,37.56542632,-78.51268422,41.59547524,-72.64983479,0.0,0.0,4.0,3.0,18.272475748303947,22.075904617027604,3.0
9.0,51.0,1.0,7.1143726172055715,12541688516.0,102258000000.0,3626205.0,8683619.0,187043280105.0,409858133181.0,0.0,0.0,0.0,0.0,0.0,0.0,0.0,0.0,0.0,41.59547524,-72.64983479,37.56542632,-78.51268422,0.0,0.0,3.0,4.0,22.075904617027604,18.272475748303947,3.0
51.0,13.0,51.0,6.948779789565309,102258000000.0,149486000000.0,8683619.0,10912876.0,409858133181.0,418814355128.0,0.0,0.0,0.0,0.0,0.0,0.0,0.0,0.0,0.0,37.56542632,-78.51268422,32.8067682,-83.57635023,0.0,0.0,4.0,3.0,18.272475748303947,17.725298242771597,3.0
13.0,51.0,51.0,6.948779789565309,149486000000.0,102258000000.0,10912876.0,8683619.0,418814355128.0,409858133181.0,0.0,0.0,0.0,0.0,0.0,0.0,0.0,0.0,0.0,32.8067682,-83.57635023,37.56542632,-78.51268422,0.0,0.0,3.0,4.0,17.725298242771597,18.272475748303947,3.0
51.0,18.0,5.0,8.034633120177606,102258000000.0,92788998225.0,8683619.0,6833037.0,409858133181.0,245880003408.0,0.0,0.0,0.0,0.0,0.0,0.0,0.0,1.0,0.0,37.56542632,-78.51268422,39.83861922,-86.21904026,0.0,1.0,4.0,4.0,18.272475748303947,15.783365211857229,3.0
18.0,51.0,5.0,8.034633120177606,92788998225.0,102258000000.0,6833037.0,8683619.0,245880003408.0,409858133181.0,0.0,0.0,0.0,0.0,0.0,0.0,0.0,1.0,0.0,39.83861922,-86.21904026,37.56542632,-78.51268422,1.0,0.0,4.0,4.0,15.783365211857229,18.272475748303947,3.0
51.0,21.0,4.0,6.689264556074655,102258000000.0,102283000000.0,8683619.0,4512310.0,409858133181.0,153328293800.0,0.0,1.0,25.350764868417567,25.3510093181868,23.896017359246404,26.078691060500866,1.900503936269785,1.0,1.0,37.56542632,-78.51268422,37.62171898,-85.20171191,0.0,1.0,4.0,3.0,18.272475748303947,15.95009217326982,3.0
21.0,51.0,4.0,6.689264556074655,102283000000.0,102258000000.0,4512310.0,8683619.0,153328293800.0,409858133181.0,0.0,1.0,25.350764868417567,25.3510093181868,23.896017359246404,26.078691060500866,1.900503936269785,1.0,1.0,37.62171898,-85.20171191,37.56542632,-78.51268422,1.0,0.0,3.0,4.0,15.95009217326982,18.272475748303947,3.0
51.0,24.0,49.0,2.3280036187375943,102258000000.0,25151895765.0,8683619.0,6164660.0,409858133181.0,303523199760.0,0.0,1.0,25.350764868417567,23.948199108981374,23.896017359246404,25.103896860357782,0.8450110843085307,0.0,0.0,37.56542632,-78.51268422,39.0026629,-76.68130445,0.0,0.0,4.0,3.0,18.272475748303947,19.12502906003085,3.0
24.0,51.0,49.0,2.3280036187375943,25151895765.0,102258000000.0,6164660.0,8683619.0,303523199760.0,409858133181.0,0.0,1.0,25.350764868417567,23.948199108981374,23.896017359246404,25.103896860357782,0.8450110843085307,0.0,0.0,39.0026629,-76.68130445,37.56542632,-78.51268422,0.0,0.0,3.0,4.0,19.12502906003085,18.272475748303947,3.0
51.0,24.0,5.0,2.3280036187375943,102258000000.0,25151895765.0,8683619.0,6164660.0,409858133181.0,303523199760.0,0.0,1.0,25.350764868417567,23.948199108981374,23.896017359246404,25.103896860357782,0.8450110843085307,0.0,0.0,37.56542632,-78.51268422,39.0026629,-76.68130445,0.0,0.0,4.0,3.0,18.272475748303947,19.12502906003085,4.0
24.0,51.0,5.0,2.3280036187375943,25151895765.0,102258000000.0,6164660.0,8683619.0,303523199760.0,409858133181.0,0.0,1.0,25.350764868417567,23.948199108981374,23.896017359246404,25.103896860357782,0.8450110843085307,0.0,0.0,39.0026629,-76.68130445,37.56542632,-78.51268422,0.0,0.0,3.0,4.0,19.12502906003085,18.272475748303947,4.0
51.0,25.0,54.0,8.39625498442354,102258000000.0,20204396898.0,8683619.0,6981974.0,409858133181.0,377201145350.0,0.0,0.0,0.0,0.0,0.0,0.0,0.0,0.0,0.0,37.56542632,-78.51268422,42.10673796,-71.45056086,0.0,0.0,4.0,2.0,18.272475748303947,23.121420198899447,3.0
25.0,51.0,54.0,8.39625498442354,20204396898.0,102258000000.0,6981974.0,8683619.0,377201145350.0,409858133181.0,0.0,0.0,0.0,0.0,0.0,0.0,0.0,0.0,0.0,42.10673796,-71.45056086,37.56542632,-78.51268422,0.0,0.0,2.0,4.0,23.121420198899447,18.272475748303947,3.0
51.0,27.0,12.0,17.80786051935191,102258000000.0,206232000000.0,8683619.0,5717184.0,409858133181.0,257393340864.0,0.0,0.0,0.0,0.0,0.0,0.0,0.0,1.0,0.0,37.56542632,-78.51268422,45.54670036,-94.4318287,0.0,1.0,4.0,2.0,18.272475748303947,17.499573988722897,3.0
27.0,51.0,12.0,17.80786051935191,206232000000.0,102258000000.0,5717184.0,8683619.0,257393340864.0,409858133181.0,0.0,0.0,0.0,0.0,0.0,0.0,0.0,1.0,0.0,45.54670036,-94.4318287,37.56542632,-78.51268422,1.0,0.0,2.0,4.0,17.499573988722897,18.272475748303947,3.0
51.0,29.0,50.0,13.996042039104847,102258000000.0,178053000000.0,8683619.0,6177957.0,409858133181.0,226360344480.0,0.0,0.0,0.0,0.0,0.0,0.0,0.0,1.0,0.0,37.56542632,-78.51268422,38.45001591,-92.480744,0.0,1.0,4.0,3.0,18.272475748303947,15.754454007112106,3.0
29.0,51.0,50.0,13.996042039104847,178053000000.0,102258000000.0,6177957.0,8683619.0,226360344480.0,409858133181.0,0.0,0.0,0.0,0.0,0.0,0.0,0.0,1.0,0.0,38.45001591,-92.480744,37.56542632,-78.51268422,1.0,0.0,3.0,4.0,15.754454007112106,18.272475748303947,3.0
51.0,34.0,34.0,4.745195842024701,102258000000.0,19048737655.0,8683619.0,9261699.0,409858133181.0,474865831128.0,0.0,0.0,0.0,0.0,0.0,0.0,0.0,0.0,0.0,37.56542632,-78.51268422,40.2804298,-74.62094429,0.0,0.0,4.0,2.0,18.272475748303947,20.49985798951152,3.0
34.0,51.0,34.0,4.745195842024701,19048737655.0,102258000000.0,9261699.0,8683619.0,474865831128.0,409858133181.0,0.0,0.0,0.0,0.0,0.0,0.0,0.0,0.0,0.0,40.2804298,-74.62094429,37.56542632,-78.51268422,0.0,0.0,2.0,4.0,20.49985798951152,18.272475748303947,3.0
51.0,36.0,62.0,5.839905046033169,102258000000.0,122050000000.0,8683619.0,19677151.0,409858133181.0,933110177571.0,0.0,0.0,0.0,0.0,0.0,0.0,0.0,0.0,0.0,37.56542632,-78.51268422,42.55441095,-75.47714089,0.0,0.0,4.0,5.0,18.272475748303947,20.306235500394656,3.0
36.0,51.0,62.0,5.839905046033169,122050000000.0,102258000000.0,19677151.0,8683619.0,933110177571.0,409858133181.0,0.0,0.0,0.0,0.0,0.0,0.0,0.0,0.0,0.0,42.55441095,-75.47714089,37.56542632,-78.51268422,0.0,0.0,5.0,4.0,20.306235500394656,18.272475748303947,3.0
51.0,37.0,221.0,2.1800769193961718,102258000000.0,125933000000.0,8683619.0,10698973.0,409858133181.0,414060954073.0,0.0,1.0,25.350764868417567,25.559015856439085,23.896017359246404,25.52769663378538,0.7793601603052118,0.0,0.0,37.56542632,-78.51268422,35.62288795,-79.50227002,0.0,0.0,4.0,4.0,18.272475748303947,18.22812437748468,3.0
37.0,51.0,221.0,2.1800769193961718,125933000000.0,102258000000.0,10698973.0,8683619.0,414060954073.0,409858133181.0,0.0,1.0,25.350764868417567,25.559015856439085,23.896017359246404,25.52769663378538,0.7793601603052118,0.0,0.0,35.62288795,-79.50227002,37.56542632,-78.51268422,0.0,0.0,4.0,4.0,18.22812437748468,18.272475748303947,3.0
51.0,37.0,64.0,2.1800769193961718,102258000000.0,125933000000.0,8683619.0,10698973.0,409858133181.0,414060954073.0,0.0,1.0,25.350764868417567,25.559015856439085,23.896017359246404,25.52769663378538,0.7793601603052118,0.0,0.0,37.56542632,-78.51268422,35.62288795,-79.50227002,0.0,0.0,4.0,4.0,18.272475748303947,18.22812437748468,4.0
37.0,51.0,64.0,2.1800769193961718,125933000000.0,102258000000.0,10698973.0,8683619.0,414060954073.0,409858133181.0,0.0,1.0,25.350764868417567,25.559015856439085,23.896017359246404,25.52769663378538,0.7793601603052118,0.0,0.0,35.62288795,-79.50227002,37.56542632,-78.51268422,0.0,0.0,4.0,4.0,18.22812437748468,18.272475748303947,4.0
51.0,39.0,4.0,5.120925575767923,102258000000.0,105824000000.0,8683619.0,11756058.0,409858133181.0,445930792056.0,0.0,0.0,0.0,0.0,0.0,0.0,0.0,1.0,0.0,37.56542632,-78.51268422,40.31742129,-82.83129539,0.0,1.0,4.0,5.0,18.272475748303947,16.574187523725264,3.0
39.0,51.0,4.0,5.120925575767923,105824000000.0,102258000000.0,11756058.0,8683619.0,445930792056.0,409858133181.0,0.0,0.0,0.0,0.0,0.0,0.0,0.0,1.0,0.0,40.31742129,-82.83129539,37.56542632,-78.51268422,1.0,0.0,5.0,4.0,16.574187523725264,18.272475748303947,3.0
51.0,42.0,13.0,3.375685291417111,102258000000.0,115882000000.0,8683619.0,12972008.0,409858133181.0,538195639912.0,0.0,0.0,0.0,0.0,0.0,0.0,0.0,1.0,0.0,37.56542632,-78.51268422,40.82029613,-77.61765701,0.0,1.0,4.0,4.0,18.272475748303947,18.7216652918346,4.0
42.0,51.0,13.0,3.375685291417111,115882000000.0,102258000000.0,12972008.0,8683619.0,538195639912.0,409858133181.0,0.0,0.0,0.0,0.0,0.0,0.0,0.0,1.0,0.0,40.82029613,-77.61765701,37.56542632,-78.51268422,1.0,0.0,4.0,4.0,18.7216652918346,18.272475748303947,4.0
51.0,51.0,910.0,1.0,102258000000.0,102258000000.0,8683619.0,8683619.0,409858133181.0,409858133181.0,1.0,0.0,0.0,0.0,0.0,0.0,0.0,0.0,0.0,37.56542632,-78.51268422,37.56542632,-78.51268422,0.0,0.0,4.0,4.0,18.272475748303947,18.272475748303947,2.0
51.0,51.0,910.0,1.0,102258000000.0,102258000000.0,8683619.0,8683619.0,409858133181.0,409858133181.0,1.0,0.0,0.0,0.0,0.0,0.0,0.0,0.0,0.0,37.56542632,-78.51268422,37.56542632,-78.51268422,0.0,0.0,4.0,4.0,18.272475748303947,18.272475748303947,2.0
51.0,51.0,2596.0,1.0,102258000000.0,102258000000.0,8683619.0,8683619.0,409858133181.0,409858133181.0,1.0,0.0,0.0,0.0,0.0,0.0,0.0,0.0,0.0,37.56542632,-78.51268422,37.56542632,-78.51268422,0.0,0.0,4.0,4.0,18.272475748303947,18.272475748303947,3.0
51.0,51.0,2596.0,1.0,102258000000.0,102258000000.0,8683619.0,8683619.0,409858133181.0,409858133181.0,1.0,0.0,0.0,0.0,0.0,0.0,0.0,0.0,0.0,37.56542632,-78.51268422,37.56542632,-78.51268422,0.0,0.0,4.0,4.0,18.272475748303947,18.272475748303947,3.0
51.0,51.0,134.0,1.0,102258000000.0,102258000000.0,8683619.0,8683619.0,409858133181.0,409858133181.0,1.0,0.0,0.0,0.0,0.0,0.0,0.0,0.0,0.0,37.56542632,-78.51268422,37.56542632,-78.51268422,0.0,0.0,4.0,4.0,18.272475748303947,18.272475748303947,4.0
51.0,51.0,134.0,1.0,102258000000.0,102258000000.0,8683619.0,8683619.0,409858133181.0,409858133181.0,1.0,0.0,0.0,0.0,0.0,0.0,0.0,0.0,0.0,37.56542632,-78.51268422,37.56542632,-78.51268422,0.0,0.0,4.0,4.0,18.272475748303947,18.272475748303947,4.0
51.0,54.0,20.0,2.4476748326917757,102258000000.0,62266296765.0,8683619.0,1775156.0,409858133181.0,56666529832.0,0.0,1.0,25.350764868417567,24.854686133450475,23.896017359246404,25.87144612504916,0.8951385260446514,1.0,1.0,37.56542632,-78.51268422,38.81190905,-80.61919624,0.0,1.0,4.0,1.0,18.272475748303947,17.229635728845473,3.0
54.0,51.0,20.0,2.4476748326917757,62266296765.0,102258000000.0,1775156.0,8683619.0,56666529832.0,409858133181.0,0.0,1.0,25.350764868417567,24.854686133450475,23.896017359246404,25.87144612504916,0.8951385260446514,1.0,1.0,38.81190905,-80.61919624,37.56542632,-78.51268422,1.0,0.0,1.0,4.0,17.229635728845473,18.272475748303947,3.0
53.0,2.0,3.0,18.92652855844093,172118000000.0,1346080000000.0,7785786.0,733583.0,395237640504.0,31583682482.0,0.0,0.0,0.0,0.0,0.0,0.0,0.0,0.0,0.0,47.23708702,-120.7324056,60.0718779,-134.6421729,0.0,0.0,3.0,1.0,32.15883372214054,48.848668515079495,4.0
2.0,53.0,3.0,18.92652855844093,1346080000000.0,172118000000.0,733583.0,7785786.0,31583682482.0,395237640504.0,0.0,0.0,0.0,0.0,0.0,0.0,0.0,0.0,0.0,60.0718779,-134.6421729,47.23708702,-120.7324056,0.0,0.0,1.0,3.0,48.848668515079495,32.15883372214054,4.0
53.0,6.0,101.0,9.399113744916466,172118000000.0,403671000000.0,7785786.0,39029342.0,395237640504.0,1821148127062.0,0.0,0.0,0.0,0.0,0.0,0.0,0.0,0.0,0.0,47.23708702,-120.7324056,37.83798795,-120.7490147,0.0,0.0,3.0,6.0,32.15883372214054,31.30033897737643,3.0
6.0,53.0,101.0,9.399113744916466,403671000000.0,172118000000.0,39029342.0,7785786.0,1821148127062.0,395237640504.0,0.0,0.0,0.0,0.0,0.0,0.0,0.0,0.0,0.0,37.83798795,-120.7490147,47.23708702,-120.7324056,0.0,0.0,6.0,3.0,31.30033897737643,32.15883372214054,3.0
53.0,8.0,5.0,17.35870922536512,172118000000.0,268419000000.0,7785786.0,5839926.0,395237640504.0,286571008746.0,0.0,0.0,0.0,0.0,0.0,0.0,0.0,1.0,0.0,47.23708702,-120.7324056,38.92883319,-105.4910899,0.0,1.0,3.0,2.0,32.15883372214054,20.380646878843788,3.0
8.0,53.0,5.0,17.35870922536512,268419000000.0,172118000000.0,5839926.0,7785786.0,286571008746.0,395237640504.0,0.0,0.0,0.0,0.0,0.0,0.0,0.0,1.0,0.0,38.92883319,-105.4910899,47.23708702,-120.7324056,1.0,0.0,2.0,3.0,20.380646878843788,32.15883372214054,3.0
53.0,12.0,3.0,42.20304534639287,172118000000.0,138958000000.0,7785786.0,22244823.0,395237640504.0,895976980794.0,0.0,0.0,0.0,0.0,0.0,0.0,0.0,0.0,0.0,47.23708702,-120.7324056,28.93181099,-82.70591607,0.0,0.0,3.0,5.0,32.15883372214054,20.207697261419515,4.0
12.0,53.0,3.0,42.20304534639287,138958000000.0,172118000000.0,22244823.0,7785786.0,895976980794.0,395237640504.0,0.0,0.0,0.0,0.0,0.0,0.0,0.0,0.0,0.0,28.93181099,-82.70591607,47.23708702,-120.7324056,0.0,0.0,5.0,3.0,20.207697261419515,32.15883372214054,4.0
53.0,13.0,11.0,39.859836325621714,172118000000.0,149486000000.0,7785786.0,10912876.0,395237640504.0,418814355128.0,0.0,0.0,0.0,0.0,0.0,0.0,0.0,0.0,0.0,47.23708702,-120.7324056,32.8067682,-83.57635023,0.0,0.0,3.0,3.0,32.15883372214054,17.725298242771597,3.0
13.0,53.0,11.0,39.859836325621714,149486000000.0,172118000000.0,10912876.0,7785786.0,418814355128.0,395237640504.0,0.0,0.0,0.0,0.0,0.0,0.0,0.0,0.0,0.0,32.8067682,-83.57635023,47.23708702,-120.7324056,0.0,0.0,3.0,3.0,17.725298242771597,32.15883372214054,3.0
53.0,15.0,2.0,45.06840446758174,172118000000.0,16634147166.0,7785786.0,1440196.0,395237640504.0,61510771160.0,0.0,0.0,0.0,0.0,0.0,0.0,0.0,0.0,0.0,47.23708702,-120.7324056,21.02917264,-157.3971885,0.0,0.0,3.0,2.0,32.15883372214054,68.81173863166698,4.0
15.0,53.0,2.0,45.06840446758174,16634147166.0,172118000000.0,1440196.0,7785786.0,61510771160.0,395237640504.0,0.0,0.0,0.0,0.0,0.0,0.0,0.0,0.0,0.0,21.02917264,-157.3971885,47.23708702,-120.7324056,0.0,0.0,2.0,3.0,68.81173863166698,32.15883372214054,4.0
53.0,16.0,48.0,6.939110527300391,172118000000.0,214050000000.0,7785786.0,1939033.0,395237640504.0,69766407340.0,0.0,1.0,25.87144612504916,26.089475469537366,25.350764868417567,23.53472347765448,1.9371736002096929,1.0,1.0,47.23708702,-120.7324056,44.26668842,-114.4612026,0.0,1.0,3.0,1.0,32.15883372214054,26.571052736864967,3.0
16.0,53.0,48.0,6.939110527300391,214050000000.0,172118000000.0,1939033.0,7785786.0,69766407340.0,395237640504.0,0.0,1.0,25.87144612504916,26.089475469537366,25.350764868417567,23.53472347765448,1.9371736002096929,1.0,1.0,44.26668842,-114.4612026,47.23708702,-120.7324056,1.0,0.0,1.0,3.0,26.571052736864967,32.15883372214054,3.0
53.0,16.0,14.0,6.939110527300391,172118000000.0,214050000000.0,7785786.0,1939033.0,395237640504.0,69766407340.0,0.0,1.0,25.87144612504916,26.089475469537366,25.350764868417567,23.53472347765448,1.9371736002096929,1.0,1.0,47.23708702,-120.7324056,44.26668842,-114.4612026,0.0,1.0,3.0,1.0,32.15883372214054,26.571052736864967,4.0
16.0,53.0,14.0,6.939110527300391,214050000000.0,172118000000.0,1939033.0,7785786.0,69766407340.0,395237640504.0,0.0,1.0,25.87144612504916,26.089475469537366,25.350764868417567,23.53472347765448,1.9371736002096929,1.0,1.0,44.26668842,-114.4612026,47.23708702,-120.7324056,1.0,0.0,1.0,3.0,26.571052736864967,32.15883372214054,4.0
53.0,17.0,18.0,32.41277496280243,172118000000.0,143778000000.0,7785786.0,12582032.0,395237640504.0,545015880144.0,0.0,0.0,0.0,0.0,0.0,0.0,0.0,1.0,0.0,47.23708702,-120.7324056,39.84225886,-89.17445102,0.0,1.0,3.0,3.0,32.15883372214054,15.57382644068607,3.0
17.0,53.0,18.0,32.41277496280243,143778000000.0,172118000000.0,12582032.0,7785786.0,545015880144.0,395237640504.0,0.0,0.0,0.0,0.0,0.0,0.0,0.0,1.0,0.0,39.84225886,-89.17445102,47.23708702,-120.7324056,1.0,0.0,3.0,3.0,15.57382644068607,32.15883372214054,3.0
53.0,19.0,30.0,27.75908020817126,172118000000.0,144660000000.0,7785786.0,3200517.0,395237640504.0,124554520089.0,0.0,0.0,0.0,0.0,0.0,0.0,0.0,1.0,0.0,47.23708702,-120.7324056,42.02990262,-93.4660937,0.0,1.0,3.0,1.0,32.15883372214054,16.209381226558154,3.0
19.0,53.0,30.0,27.75908020817126,144660000000.0,172118000000.0,3200517.0,7785786.0,124554520089.0,395237640504.0,0.0,0.0,0.0,0.0,0.0,0.0,0.0,1.0,0.0,42.02990262,-93.4660937,47.23708702,-120.7324056,1.0,0.0,1.0,3.0,16.209381226558154,32.15883372214054,3.0
53.0,20.0,3.0,24.279268736257627,172118000000.0,211754000000.0,7785786.0,2937150.0,395237640504.0,111373790850.0,0.0,0.0,0.0,0.0,0.0,0.0,0.0,1.0,0.0,47.23708702,-120.7324056,38.48536567,-98.08532491,0.0,1.0,3.0,3.0,32.15883372214054,17.082248338214743,3.0
20.0,53.0,3.0,24.279268736257627,211754000000.0,172118000000.0,2937150.0,7785786.0,111373790850.0,395237640504.0,0.0,0.0,0.0,0.0,0.0,0.0,0.0,1.0,0.0,38.48536567,-98.08532491,47.23708702,-120.7324056,1.0,0.0,3.0,3.0,17.082248338214743,32.15883372214054,3.0
53.0,22.0,4.0,33.120979980639945,172118000000.0,111914000000.0,7785786.0,4590241.0,395237640504.0,147672643211.0,0.0,0.0,0.0,0.0,0.0,0.0,0.0,0.0,0.0,47.23708702,-120.7324056,31.0806972,-91.81925318,0.0,0.0,3.0,4.0,32.15883372214054,17.88009549830889,3.0
22.0,53.0,4.0,33.120979980639945,111914000000.0,172118000000.0,4590241.0,7785786.0,147672643211.0,395237640504.0,0.0,0.0,0.0,0.0,0.0,0.0,0.0,0.0,0.0,31.0806972,-91.81925318,47.23708702,-120.7324056,0.0,0.0,4.0,3.0,17.88009549830889,32.15883372214054,3.0
53.0,24.0,2.0,44.814118903706785,172118000000.0,25151895765.0,7785786.0,6164660.0,395237640504.0,303523199760.0,0.0,0.0,0.0,0.0,0.0,0.0,0.0,0.0,0.0,47.23708702,-120.7324056,39.0026629,-76.68130445,0.0,0.0,3.0,3.0,32.15883372214054,19.12502906003085,3.0
24.0,53.0,2.0,44.814118903706785,25151895765.0,172118000000.0,6164660.0,7785786.0,303523199760.0,395237640504.0,0.0,0.0,0.0,0.0,0.0,0.0,0.0,0.0,0.0,39.0026629,-76.68130445,47.23708702,-120.7324056,0.0,0.0,3.0,3.0,19.12502906003085,32.15883372214054,3.0
53.0,25.0,2.0,49.54816548021642,172118000000.0,20204396898.0,7785786.0,6981974.0,395237640504.0,377201145350.0,0.0,0.0,0.0,0.0,0.0,0.0,0.0,0.0,0.0,47.23708702,-120.7324056,42.10673796,-71.45056086,0.0,0.0,3.0,2.0,32.15883372214054,23.121420198899447,3.0
25.0,53.0,2.0,49.54816548021642,20204396898.0,172118000000.0,6981974.0,7785786.0,377201145350.0,395237640504.0,0.0,0.0,0.0,0.0,0.0,0.0,0.0,0.0,0.0,42.10673796,-71.45056086,47.23708702,-120.7324056,0.0,0.0,2.0,3.0,23.121420198899447,32.15883372214054,3.0
53.0,26.0,6.0,35.67704394966939,172118000000.0,146615000000.0,7785786.0,10034118.0,395237640504.0,382811635818.0,0.0,0.0,0.0,0.0,0.0,0.0,0.0,1.0,0.0,47.23708702,-120.7324056,44.04901725,-85.19808872,0.0,1.0,3.0,3.0,32.15883372214054,17.01071464423954,3.0
26.0,53.0,6.0,35.67704394966939,146615000000.0,172118000000.0,10034118.0,7785786.0,382811635818.0,395237640504.0,0.0,0.0,0.0,0.0,0.0,0.0,0.0,1.0,0.0,44.04901725,-85.19808872,47.23708702,-120.7324056,1.0,0.0,3.0,3.0,17.01071464423954,32.15883372214054,3.0
53.0,27.0,40.0,26.354843052712724,172118000000.0,206232000000.0,7785786.0,5717184.0,395237640504.0,257393340864.0,0.0,0.0,0.0,0.0,0.0,0.0,0.0,1.0,0.0,47.23708702,-120.7324056,45.54670036,-94.4318287,0.0,1.0,3.0,2.0,32.15883372214054,17.499573988722897,3.0
27.0,53.0,40.0,26.354843052712724,206232000000.0,172118000000.0,5717184.0,7785786.0,257393340864.0,395237640504.0,0.0,0.0,0.0,0.0,0.0,0.0,0.0,1.0,0.0,45.54670036,-94.4318287,47.23708702,-120.7324056,1.0,0.0,2.0,3.0,17.499573988722897,32.15883372214054,3.0
53.0,30.0,48.0,11.029641394573723,172118000000.0,376974000000.0,7785786.0,1122867.0,395237640504.0,43038369243.0,0.0,0.0,0.0,0.0,0.0,0.0,0.0,1.0,0.0,47.23708702,-120.7324056,46.97106673,-109.7059727,0.0,1.0,3.0,1.0,32.15883372214054,24.20858400830915,3.0
30.0,53.0,48.0,11.029641394573723,376974000000.0,172118000000.0,1122867.0,7785786.0,43038369243.0,395237640504.0,0.0,0.0,0.0,0.0,0.0,0.0,0.0,1.0,0.0,46.97106673,-109.7059727,47.23708702,-120.7324056,1.0,0.0,1.0,3.0,24.20858400830915,32.15883372214054,3.0
53.0,30.0,10.0,11.029641394573723,172118000000.0,376974000000.0,7785786.0,1122867.0,395237640504.0,43038369243.0,0.0,0.0,0.0,0.0,0.0,0.0,0.0,1.0,0.0,47.23708702,-120.7324056,46.97106673,-109.7059727,0.0,1.0,3.0,1.0,32.15883372214054,24.20858400830915,4.0
30.0,53.0,10.0,11.029641394573723,376974000000.0,172118000000.0,1122867.0,7785786.0,43038369243.0,395237640504.0,0.0,0.0,0.0,0.0,0.0,0.0,0.0,1.0,0.0,46.97106673,-109.7059727,47.23708702,-120.7324056,1.0,0.0,1.0,3.0,24.20858400830915,32.15883372214054,4.0
53.0,34.0,2.0,46.633270781923564,172118000000.0,19048737655.0,7785786.0,9261699.0,395237640504.0,474865831128.0,0.0,0.0,0.0,0.0,0.0,0.0,0.0,0.0,0.0,47.23708702,-120.7324056,40.2804298,-74.62094429,0.0,0.0,3.0,2.0,32.15883372214054,20.49985798951152,3.0
34.0,53.0,2.0,46.633270781923564,19048737655.0,172118000000.0,9261699.0,7785786.0,474865831128.0,395237640504.0,0.0,0.0,0.0,0.0,0.0,0.0,0.0,0.0,0.0,40.2804298,-74.62094429,47.23708702,-120.7324056,0.0,0.0,2.0,3.0,20.49985798951152,32.15883372214054,3.0
53.0,36.0,8.0,45.49688383998098,172118000000.0,122050000000.0,7785786.0,19677151.0,395237640504.0,933110177571.0,0.0,0.0,0.0,0.0,0.0,0.0,0.0,0.0,0.0,47.23708702,-120.7324056,42.55441095,-75.47714089,0.0,0.0,3.0,5.0,32.15883372214054,20.306235500394656,3.0
36.0,53.0,8.0,45.49688383998098,122050000000.0,172118000000.0,19677151.0,7785786.0,933110177571.0,395237640504.0,0.0,0.0,0.0,0.0,0.0,0.0,0.0,0.0,0.0,42.55441095,-75.47714089,47.23708702,-120.7324056,0.0,0.0,5.0,3.0,20.306235500394656,32.15883372214054,3.0
53.0,36.0,2.0,45.49688383998098,172118000000.0,122050000000.0,7785786.0,19677151.0,395237640504.0,933110177571.0,0.0,0.0,0.0,0.0,0.0,0.0,0.0,0.0,0.0,47.23708702,-120.7324056,42.55441095,-75.47714089,0.0,0.0,3.0,5.0,32.15883372214054,20.306235500394656,4.0
36.0,53.0,2.0,45.49688383998098,122050000000.0,172118000000.0,19677151.0,7785786.0,933110177571.0,395237640504.0,0.0,0.0,0.0,0.0,0.0,0.0,0.0,0.0,0.0,42.55441095,-75.47714089,47.23708702,-120.7324056,0.0,0.0,5.0,3.0,20.306235500394656,32.15883372214054,4.0
53.0,37.0,26.0,42.8347253987086,172118000000.0,125933000000.0,7785786.0,10698973.0,395237640504.0,414060954073.0,0.0,0.0,0.0,0.0,0.0,0.0,0.0,0.0,0.0,47.23708702,-120.7324056,35.62288795,-79.50227002,0.0,0.0,3.0,4.0,32.15883372214054,18.22812437748468,3.0
37.0,53.0,26.0,42.8347253987086,125933000000.0,172118000000.0,10698973.0,7785786.0,414060954073.0,395237640504.0,0.0,0.0,0.0,0.0,0.0,0.0,0.0,0.0,0.0,35.62288795,-79.50227002,47.23708702,-120.7324056,0.0,0.0,4.0,3.0,18.22812437748468,32.15883372214054,3.0
53.0,39.0,4.0,38.52759957440255,172118000000.0,105824000000.0,7785786.0,11756058.0,395237640504.0,445930792056.0,0.0,0.0,0.0,0.0,0.0,0.0,0.0,1.0,0.0,47.23708702,-120.7324056,40.31742129,-82.83129539,0.0,1.0,3.0,5.0,32.15883372214054,16.574187523725264,3.0
39.0,53.0,4.0,38.52759957440255,105824000000.0,172118000000.0,11756058.0,7785786.0,445930792056.0,395237640504.0,0.0,0.0,0.0,0.0,0.0,0.0,0.0,1.0,0.0,40.31742129,-82.83129539,47.23708702,-120.7324056,1.0,0.0,5.0,3.0,16.574187523725264,32.15883372214054,3.0
53.0,41.0,4168.0,2.8445225402523473,172118000000.0,248628000000.0,7785786.0,4240137.0,395237640504.0,180095578938.0,0.0,1.0,25.87144612504916,26.239223640412757,25.350764868417567,25.903159962950642,1.0453952293298663,0.0,0.0,47.23708702,-120.7324056,44.49389908,-121.4848871,0.0,0.0,3.0,2.0,32.15883372214054,32.15540936730309,2.0
41.0,53.0,4168.0,2.8445225402523473,248628000000.0,172118000000.0,4240137.0,7785786.0,180095578938.0,395237640504.0,0.0,1.0,25.87144612504916,26.239223640412757,25.350764868417567,25.903159962950642,1.0453952293298663,0.0,0.0,44.49389908,-121.4848871,47.23708702,-120.7324056,0.0,0.0,2.0,3.0,32.15540936730309,32.15883372214054,2.0
53.0,41.0,59.0,2.8445225402523473,172118000000.0,248628000000.0,7785786.0,4240137.0,395237640504.0,180095578938.0,0.0,1.0,25.87144612504916,26.239223640412757,25.350764868417567,25.903159962950642,1.0453952293298663,0.0,0.0,47.23708702,-120.7324056,44.49389908,-121.4848871,0.0,0.0,3.0,2.0,32.15883372214054,32.15540936730309,3.0
41.0,53.0,59.0,2.8445225402523473,248628000000.0,172118000000.0,4240137.0,7785786.0,180095578938.0,395237640504.0,0.0,1.0,25.87144612504916,26.239223640412757,25.350764868417567,25.903159962950642,1.0453952293298663,0.0,0.0,44.49389908,-121.4848871,47.23708702,-120.7324056,0.0,0.0,2.0,3.0,32.15540936730309,32.15883372214054,3.0
53.0,48.0,111.0,27.022852532690727,172118000000.0,676681000000.0,7785786.0,30029572.0,395237640504.0,1144817373356.0,0.0,0.0,0.0,0.0,0.0,0.0,0.0,0.0,0.0,47.23708702,-120.7324056,31.65818605,-98.65226965,0.0,0.0,3.0,9.0,32.15883372214054,19.151923784122165,3.0
48.0,53.0,111.0,27.022852532690727,676681000000.0,172118000000.0,30029572.0,7785786.0,1144817373356.0,395237640504.0,0.0,0.0,0.0,0.0,0.0,0.0,0.0,0.0,0.0,31.65818605,-98.65226965,47.23708702,-120.7324056,0.0,0.0,9.0,3.0,19.151923784122165,32.15883372214054,3.0
53.0,48.0,1.0,27.022852532690727,172118000000.0,676681000000.0,7785786.0,30029572.0,395237640504.0,1144817373356.0,0.0,0.0,0.0,0.0,0.0,0.0,0.0,0.0,0.0,47.23708702,-120.7324056,31.65818605,-98.65226965,0.0,0.0,3.0,9.0,32.15883372214054,19.151923784122165,4.0
48.0,53.0,1.0,27.022852532690727,676681000000.0,172118000000.0,30029572.0,7785786.0,1144817373356.0,395237640504.0,0.0,0.0,0.0,0.0,0.0,0.0,0.0,0.0,0.0,31.65818605,-98.65226965,47.23708702,-120.7324056,0.0,0.0,9.0,3.0,19.151923784122165,32.15883372214054,4.0
53.0,49.0,5.0,11.881779666620014,172118000000.0,213355000000.0,7785786.0,3380800.0,395237640504.0,130208131200.0,0.0,0.0,0.0,0.0,0.0,0.0,0.0,1.0,0.0,47.23708702,-120.7324056,39.63565035,-111.6003276,0.0,1.0,3.0,2.0,32.15883372214054,24.10238778282654,3.0
49.0,53.0,5.0,11.881779666620014,213355000000.0,172118000000.0,3380800.0,7785786.0,130208131200.0,395237640504.0,0.0,0.0,0.0,0.0,0.0,0.0,0.0,1.0,0.0,39.63565035,-111.6003276,47.23708702,-120.7324056,1.0,0.0,2.0,3.0,24.10238778282654,32.15883372214054,3.0
53.0,53.0,4869.0,1.0,172118000000.0,172118000000.0,7785786.0,7785786.0,395237640504.0,395237640504.0,1.0,0.0,0.0,0.0,0.0,0.0,0.0,0.0,0.0,47.23708702,-120.7324056,47.23708702,-120.7324056,0.0,0.0,3.0,3.0,32.15883372214054,32.15883372214054,2.0
53.0,53.0,4869.0,1.0,172118000000.0,172118000000.0,7785786.0,7785786.0,395237640504.0,395237640504.0,1.0,0.0,0.0,0.0,0.0,0.0,0.0,0.0,0.0,47.23708702,-120.7324056,47.23708702,-120.7324056,0.0,0.0,3.0,3.0,32.15883372214054,32.15883372214054,2.0
53.0,53.0,2226.0,1.0,172118000000.0,172118000000.0,7785786.0,7785786.0,395237640504.0,395237640504.0,1.0,0.0,0.0,0.0,0.0,0.0,0.0,0.0,0.0,47.23708702,-120.7324056,47.23708702,-120.7324056,0.0,0.0,3.0,3.0,32.15883372214054,32.15883372214054,4.0
53.0,53.0,2226.0,1.0,172118000000.0,172118000000.0,7785786.0,7785786.0,395237640504.0,395237640504.0,1.0,0.0,0.0,0.0,0.0,0.0,0.0,0.0,0.0,47.23708702,-120.7324056,47.23708702,-120.7324056,0.0,0.0,3.0,3.0,32.15883372214054,32.15883372214054,4.0
53.0,55.0,12.0,31.090017315603642,172118000000.0,140292000000.0,7785786.0,5892539.0,395237640504.0,236809357332.0,0.0,0.0,0.0,0.0,0.0,0.0,0.0,1.0,0.0,47.23708702,-120.7324056,44.40708334,-89.77145833,0.0,1.0,3.0,2.0,32.15883372214054,16.679272144208667,3.0
55.0,53.0,12.0,31.090017315603642,140292000000.0,172118000000.0,5892539.0,7785786.0,236809357332.0,395237640504.0,0.0,0.0,0.0,0.0,0.0,0.0,0.0,1.0,0.0,44.40708334,-89.77145833,47.23708702,-120.7324056,1.0,0.0,2.0,3.0,16.679272144208667,32.15883372214054,3.0
55.0,17.0,1653.0,4.603698541542516,140292000000.0,143778000000.0,5892539.0,12582032.0,236809357332.0,545015880144.0,0.0,1.0,25.666991801759092,25.6915362802649,24.854686133450475,26.089475469537366,1.5268600112055768,2.0,2.0,44.40708334,-89.77145833,39.84225886,-89.17445102,1.0,1.0,2.0,3.0,16.679272144208667,15.57382644068607,3.0
17.0,55.0,1653.0,4.603698541542516,143778000000.0,140292000000.0,12582032.0,5892539.0,545015880144.0,236809357332.0,0.0,1.0,25.666991801759092,25.6915362802649,24.854686133450475,26.089475469537366,1.5268600112055768,2.0,2.0,39.84225886,-89.17445102,44.40708334,-89.77145833,1.0,1.0,3.0,2.0,15.57382644068607,16.679272144208667,3.0
55.0,17.0,409.0,4.603698541542516,140292000000.0,143778000000.0,5892539.0,12582032.0,236809357332.0,545015880144.0,0.0,1.0,25.666991801759092,25.6915362802649,24.854686133450475,26.089475469537366,1.5268600112055768,2.0,2.0,44.40708334,-89.77145833,39.84225886,-89.17445102,1.0,1.0,2.0,3.0,16.679272144208667,15.57382644068607,4.0
17.0,55.0,409.0,4.603698541542516,143778000000.0,140292000000.0,12582032.0,5892539.0,545015880144.0,236809357332.0,0.0,1.0,25.666991801759092,25.6915362802649,24.854686133450475,26.089475469537366,1.5268600112055768,2.0,2.0,39.84225886,-89.17445102,44.40708334,-89.77145833,1.0,1.0,3.0,2.0,15.57382644068607,16.679272144208667,4.0
55.0,18.0,20.0,5.7871010497303335,140292000000.0,92788998225.0,5892539.0,6833037.0,236809357332.0,245880003408.0,0.0,0.0,0.0,0.0,0.0,0.0,0.0,2.0,0.0,44.40708334,-89.77145833,39.83861922,-86.21904026,1.0,1.0,2.0,4.0,16.679272144208667,15.783365211857229,4.0
18.0,55.0,20.0,5.7871010497303335,92788998225.0,140292000000.0,6833037.0,5892539.0,245880003408.0,236809357332.0,0.0,0.0,0.0,0.0,0.0,0.0,0.0,2.0,0.0,39.83861922,-86.21904026,44.40708334,-89.77145833,1.0,1.0,4.0,2.0,15.783365211857229,16.679272144208667,4.0
55.0,19.0,24.0,4.393326608937099,140292000000.0,144660000000.0,5892539.0,3200517.0,236809357332.0,124554520089.0,0.0,1.0,25.666991801759092,25.697651998367547,24.854686133450475,25.253593916100616,1.4800867098141315,2.0,2.0,44.40708334,-89.77145833,42.02990262,-93.4660937,1.0,1.0,2.0,1.0,16.679272144208667,16.209381226558154,2.0
19.0,55.0,24.0,4.393326608937099,144660000000.0,140292000000.0,3200517.0,5892539.0,124554520089.0,236809357332.0,0.0,1.0,25.666991801759092,25.697651998367547,24.854686133450475,25.253593916100616,1.4800867098141315,2.0,2.0,42.02990262,-93.4660937,44.40708334,-89.77145833,1.0,1.0,1.0,2.0,16.209381226558154,16.679272144208667,2.0
55.0,19.0,91.0,4.393326608937099,140292000000.0,144660000000.0,5892539.0,3200517.0,236809357332.0,124554520089.0,0.0,1.0,25.666991801759092,25.697651998367547,24.854686133450475,25.253593916100616,1.4800867098141315,2.0,2.0,44.40708334,-89.77145833,42.02990262,-93.4660937,1.0,1.0,2.0,1.0,16.679272144208667,16.209381226558154,4.0
19.0,55.0,91.0,4.393326608937099,144660000000.0,140292000000.0,3200517.0,5892539.0,124554520089.0,236809357332.0,0.0,1.0,25.666991801759092,25.697651998367547,24.854686133450475,25.253593916100616,1.4800867098141315,2.0,2.0,42.02990262,-93.4660937,44.40708334,-89.77145833,1.0,1.0,1.0,2.0,16.209381226558154,16.679272144208667,4.0
55.0,20.0,75.0,10.207209103042372,140292000000.0,211754000000.0,5892539.0,2937150.0,236809357332.0,111373790850.0,0.0,0.0,0.0,0.0,0.0,0.0,0.0,2.0,0.0,44.40708334,-89.77145833,38.48536567,-98.08532491,1.0,1.0,2.0,3.0,16.679272144208667,17.082248338214743,4.0
20.0,55.0,75.0,10.207209103042372,211754000000.0,140292000000.0,2937150.0,5892539.0,111373790850.0,236809357332.0,0.0,0.0,0.0,0.0,0.0,0.0,0.0,2.0,0.0,38.48536567,-98.08532491,44.40708334,-89.77145833,1.0,1.0,3.0,2.0,17.082248338214743,16.679272144208667,4.0
55.0,26.0,32.0,4.587365356550473,140292000000.0,146615000000.0,5892539.0,10034118.0,236809357332.0,382811635818.0,0.0,1.0,25.666991801759092,25.711075940400722,24.854686133450475,23.7291660858851,1.5233058628792253,2.0,2.0,44.40708334,-89.77145833,44.04901725,-85.19808872,1.0,1.0,2.0,3.0,16.679272144208667,17.01071464423954,3.0
26.0,55.0,32.0,4.587365356550473,146615000000.0,140292000000.0,10034118.0,5892539.0,382811635818.0,236809357332.0,0.0,1.0,25.666991801759092,25.711075940400722,24.854686133450475,23.7291660858851,1.5233058628792253,2.0,2.0,44.04901725,-85.19808872,44.40708334,-89.77145833,1.0,1.0,3.0,2.0,17.01071464423954,16.679272144208667,3.0
55.0,29.0,61.0,6.544225027246097,140292000000.0,178053000000.0,5892539.0,6177957.0,236809357332.0,226360344480.0,0.0,0.0,0.0,0.0,0.0,0.0,0.0,2.0,0.0,44.40708334,-89.77145833,38.45001591,-92.480744,1.0,1.0,2.0,3.0,16.679272144208667,15.754454007112106,4.0
29.0,55.0,61.0,6.544225027246097,178053000000.0,140292000000.0,6177957.0,5892539.0,226360344480.0,236809357332.0,0.0,0.0,0.0,0.0,0.0,0.0,0.0,2.0,0.0,38.45001591,-92.480744,44.40708334,-89.77145833,1.0,1.0,3.0,2.0,15.754454007112106,16.679272144208667,4.0
55.0,31.0,196.0,9.764985100118706,140292000000.0,198957000000.0,5892539.0,1967923.0,236809357332.0,76743093231.0,0.0,0.0,0.0,0.0,0.0,0.0,0.0,2.0,0.0,44.40708334,-89.77145833,41.32123795,-99.03604101,1.0,1.0,2.0,2.0,16.679272144208667,17.515895874182647,4.0
31.0,55.0,196.0,9.764985100118706,198957000000.0,140292000000.0,1967923.0,5892539.0,76743093231.0,236809357332.0,0.0,0.0,0.0,0.0,0.0,0.0,0.0,2.0,0.0,41.32123795,-99.03604101,44.40708334,-89.77145833,1.0,1.0,2.0,2.0,17.515895874182647,16.679272144208667,4.0
55.0,34.0,31.0,15.702463027035975,140292000000.0,19048737655.0,5892539.0,9261699.0,236809357332.0,474865831128.0,0.0,0.0,0.0,0.0,0.0,0.0,0.0,1.0,0.0,44.40708334,-89.77145833,40.2804298,-74.62094429,1.0,0.0,2.0,2.0,16.679272144208667,20.49985798951152,2.0
34.0,55.0,31.0,15.702463027035975,19048737655.0,140292000000.0,9261699.0,5892539.0,474865831128.0,236809357332.0,0.0,0.0,0.0,0.0,0.0,0.0,0.0,1.0,0.0,40.2804298,-74.62094429,44.40708334,-89.77145833,0.0,1.0,2.0,2.0,20.49985798951152,16.679272144208667,2.0
55.0,39.0,34.0,8.055507266271924,140292000000.0,105824000000.0,5892539.0,11756058.0,236809357332.0,445930792056.0,0.0,0.0,0.0,0.0,0.0,0.0,0.0,2.0,0.0,44.40708334,-89.77145833,40.31742129,-82.83129539,1.0,1.0,2.0,5.0,16.679272144208667,16.574187523725264,2.0
39.0,55.0,34.0,8.055507266271924,105824000000.0,140292000000.0,11756058.0,5892539.0,445930792056.0,236809357332.0,0.0,0.0,0.0,0.0,0.0,0.0,0.0,2.0,0.0,40.31742129,-82.83129539,44.40708334,-89.77145833,1.0,1.0,5.0,2.0,16.574187523725264,16.679272144208667,2.0
55.0,48.0,1.0,15.537155203331443,140292000000.0,676681000000.0,5892539.0,30029572.0,236809357332.0,1144817373356.0,0.0,0.0,0.0,0.0,0.0,0.0,0.0,1.0,0.0,44.40708334,-89.77145833,31.65818605,-98.65226965,1.0,0.0,2.0,9.0,16.679272144208667,19.151923784122165,4.0
48.0,55.0,1.0,15.537155203331443,676681000000.0,140292000000.0,30029572.0,5892539.0,1144817373356.0,236809357332.0,0.0,0.0,0.0,0.0,0.0,0.0,0.0,1.0,0.0,31.65818605,-98.65226965,44.40708334,-89.77145833,0.0,1.0,9.0,2.0,19.151923784122165,16.679272144208667,4.0
55.0,55.0,5322.0,1.0,140292000000.0,140292000000.0,5892539.0,5892539.0,236809357332.0,236809357332.0,1.0,0.0,0.0,0.0,0.0,0.0,0.0,2.0,0.0,44.40708334,-89.77145833,44.40708334,-89.77145833,1.0,1.0,2.0,2.0,16.679272144208667,16.679272144208667,2.0
55.0,55.0,5322.0,1.0,140292000000.0,140292000000.0,5892539.0,5892539.0,236809357332.0,236809357332.0,1.0,0.0,0.0,0.0,0.0,0.0,0.0,2.0,0.0,44.40708334,-89.77145833,44.40708334,-89.77145833,1.0,1.0,2.0,2.0,16.679272144208667,16.679272144208667,2.0
55.0,55.0,1236.0,1.0,140292000000.0,140292000000.0,5892539.0,5892539.0,236809357332.0,236809357332.0,1.0,0.0,0.0,0.0,0.0,0.0,0.0,2.0,0.0,44.40708334,-89.77145833,44.40708334,-89.77145833,1.0,1.0,2.0,2.0,16.679272144208667,16.679272144208667,3.0
55.0,55.0,1236.0,1.0,140292000000.0,140292000000.0,5892539.0,5892539.0,236809357332.0,236809357332.0,1.0,0.0,0.0,0.0,0.0,0.0,0.0,2.0,0.0,44.40708334,-89.77145833,44.40708334,-89.77145833,1.0,1.0,2.0,2.0,16.679272144208667,16.679272144208667,3.0
55.0,55.0,9280.0,1.0,140292000000.0,140292000000.0,5892539.0,5892539.0,236809357332.0,236809357332.0,1.0,0.0,0.0,0.0,0.0,0.0,0.0,2.0,0.0,44.40708334,-89.77145833,44.40708334,-89.77145833,1.0,1.0,2.0,2.0,16.679272144208667,16.679272144208667,4.0
55.0,55.0,9280.0,1.0,140292000000.0,140292000000.0,5892539.0,5892539.0,236809357332.0,236809357332.0,1.0,0.0,0.0,0.0,0.0,0.0,0.0,2.0,0.0,44.40708334,-89.77145833,44.40708334,-89.77145833,1.0,1.0,2.0,2.0,16.679272144208667,16.679272144208667,4.0
56.0,8.0,27.0,4.474869636666574,251459000000.0,268419000000.0,581381.0,5839926.0,22158755434.0,286571008746.0,0.0,1.0,26.25054579132791,26.315815029404327,25.666991801759092,26.315815029404327,1.4984772198313325,2.0,2.0,43.08797026,-107.1421614,38.92883319,-105.4910899,1.0,1.0,1.0,2.0,21.60960275565295,20.380646878843788,4.0
8.0,56.0,27.0,4.474869636666574,268419000000.0,251459000000.0,5839926.0,581381.0,286571008746.0,22158755434.0,0.0,1.0,26.25054579132791,26.315815029404327,25.666991801759092,26.315815029404327,1.4984772198313325,2.0,2.0,38.92883319,-105.4910899,43.08797026,-107.1421614,1.0,1.0,2.0,1.0,20.380646878843788,21.60960275565295,4.0
56.0,49.0,14.0,5.638595448141744,251459000000.0,213355000000.0,581381.0,3380800.0,22158755434.0,130208131200.0,0.0,1.0,26.25054579132791,26.0862232819749,25.666991801759092,27.240465802355804,1.7296350004784262,2.0,2.0,43.08797026,-107.1421614,39.63565035,-111.6003276,1.0,1.0,1.0,2.0,21.60960275565295,24.10238778282654,2.0
49.0,56.0,14.0,5.638595448141744,213355000000.0,251459000000.0,3380800.0,581381.0,130208131200.0,22158755434.0,0.0,1.0,26.25054579132791,26.0862232819749,25.666991801759092,27.240465802355804,1.7296350004784262,2.0,2.0,39.63565035,-111.6003276,43.08797026,-107.1421614,1.0,1.0,2.0,1.0,24.10238778282654,21.60960275565295,2.0
